id,name,image,url,total_time,ingredients_text
2008,Grilled Peach Bruschetta,https://cdn.pickuplimes.com/cache/aa/9e/aa9effe6fb7bc97beab0b3aeb6975acd.jpg,https://www.pickuplimes.com/recipe/grilled-peach-bruschetta-2008,PT20M,"2 canned peaches
2 cup cherry tomatoes
1 garlic clove
&#189; cup fresh basil
1 Tbsp extra-virgin olive oil
&#8539; tsp salt
&#8539; tsp ground black pepper
1 Tbsp olive oil
4 slice sourdough bread
&#190; cup plain vegan cream cheese"
2919,Green Goddess Salad Dressing,https://cdn.pickuplimes.com/cache/98/ea/98eaca8cbc292ac09c82cee8dfe33d75.jpg,https://www.pickuplimes.com/recipe/green-goddess-salad-dressing-2919,PT05M,"&#8532; cup unsweetened soy yogurt
&#8531; cup vegan mayonnaise
1 lemon
2 garlic clove
&#188; cup fresh chives
&#188; cup fresh parsley
2 Tbsp fresh basil
2 Tbsp fresh dill
1 Tbsp maple syrup
&#189; Tbsp capers
&#189; Tbsp white miso paste
1 pinch salt"
2068,Shallot Dressing,https://cdn.pickuplimes.com/cache/81/d5/81d5061c2bbe7b76bdddf8443526b752.jpg,https://www.pickuplimes.com/recipe/shallot-dressing-2068,PT05M,"1 medium shallot
&#8531; cup extra-virgin olive oil
&#188; cup white wine vinegar
&#188; cup maple syrup
 dijon mustard
&#8539; tsp salt
&#8539; tsp ground black pepper"
1530,Buffalo Pasta Salad,https://cdn.pickuplimes.com/cache/93/5c/935c72c41eec5073d272932c18e137ab.jpg,https://www.pickuplimes.com/recipe/buffalo-pasta-salad-1530,PT30M,"2&#189; cup dry orecchiette pasta
2 carrot
2 celery rib
&#189; small red onion
1 cup cherry tomatoes
&#188; cup chopped pickles
 olive oil
1&#189; cup cooked butter beans
&#189; cup vegan mayonnaise
&#189; cup unsweetened soy yogurt
&#8531; cup cayenne pepper hot sauce
1&#189; Tbsp ranch spice mix"
2361,Eggplant Pesto Orzo,https://cdn.pickuplimes.com/cache/e0/08/e008d4a6737beb446aac1a83e46c6176.jpg,https://www.pickuplimes.com/recipe/eggplant-orzo-2361,PT30M,"1 cup dry orzo pasta
&#189; Tbsp vegetable oil
1 medium onion
&#188; cup tomato paste
&#188; cup vegan red pesto
1 medium eggplant
1&#189; cup cooked cannellini beans
&#190; cup water
&#188; cup soy cooking cream
1 Tbsp nutritional yeast flakes
&#190; tsp salt
&#8539; tsp ground black pepper
1 cup croutons
&#189; Tbsp vegetable oil
 Italian seasoning"
2027,Peanut Granola,https://cdn.pickuplimes.com/cache/56/aa/56aa4ae07ef740cfa77886d9b51acde2.jpg,https://www.pickuplimes.com/recipe/peanut-granola-2027,PT40M,"3 cup rolled oats
&#189; cup roasted unsalted peanuts
&#189; tsp ground cinnamon
&#188; tsp salt
&#8531; cup peanut butter
&#188; cup maple syrup
2 Tbsp refined coconut oil
 pure vanilla extract"
946,Homemade Vegan Mayonnaise,https://cdn.pickuplimes.com/cache/70/aa/70aa5de1f272337f74e930ceedbd2018.jpg,https://www.pickuplimes.com/recipe/homemade-vegan-mayonnaise-946,PT05M,"&#188; cup aquafaba
 fresh lemon juice
 dijon mustard
1 pinch salt
&#190; cup grapeseed oil"
2659,The Best All-Purpose Stir Fry Sauce!,https://cdn.pickuplimes.com/cache/5f/14/5f147f12cc76ed746863a84a035e073f.jpg,https://www.pickuplimes.com/recipe/the-best-all-purpose-stir-fry-sauce-2659,PT05M,"&#189; cup water
&#189; cup sodium-reduced soy sauce
2 Tbsp agave syrup
2 Tbsp rice vinegar
1 Tbsp cornstarch
 toasted sesame oil
 freshly grated ginger
2 garlic clove
1 vegetable bouillon cube"
887,Classic Vanilla Cake,https://cdn.pickuplimes.com/cache/6b/ff/6bff68310768a24c5c0234953a4dbfe3.jpg,https://www.pickuplimes.com/recipe/classic-vegan-vanilla-cake-887,PT50M,"1&#189; cup unsweetened soy milk
1 Tbsp white vinegar
&#190; cup granulated sugar
&#189; cup vegetable oil
 pure vanilla extract
2&#189; cup all-purpose flour
2 Tbsp cornstarch
 baking powder
 baking soda
&#188; tsp salt
1 cup unsalted vegan butter
2 cup powdered sugar
1 Tbsp pure vanilla extract"
682,Baked Donuts,https://cdn.pickuplimes.com/cache/4c/fb/4cfb44ecddb105d61bae5ee1aeca2cac.jpg,https://www.pickuplimes.com/recipe/vegan-baked-donuts-682,PT35M,"2 cup all-purpose flour
 baking powder
&#8532; cup granulated sugar
&#189; tsp salt
1 cup unsweetened soy milk
1.975 oz unsalted vegan butter
2 Tbsp unsweetened applesauce
 pure vanilla extract
&#189; cup powdered sugar
&#189; Tbsp unsweetened soy milk
&#189; tsp pure vanilla extract
 natural pink food colouring
0.988 oz unsalted vegan butter
3 Tbsp granulated sugar
 ground cinnamon"
1216,The Best Brownies Ever,https://cdn.pickuplimes.com/cache/e7/04/e7047c040fdde58ef15dee2c4b9e7b6f.jpg,https://www.pickuplimes.com/recipe/the-best-brownies-ever-1216,PT50M,"&#188; cup ground flaxseeds
&#188; cup brewed espresso
&#188; cup water
1 cup granulated sugar
&#8531; cup light brown sugar
 pure vanilla extract
7.055 oz dairy-free dark chocolate
&#189; cup unsalted vegan butter
1&#189; cup all-purpose flour
&#189; cup Dutch-processed cocoa powder
 baking powder
&#189; tsp salt
2.116 oz dairy-free dark chocolate
1 pinch flaked sea salt"
1844,Simple Spicy Chili,https://cdn.pickuplimes.com/cache/ee/df/eedfdbd90b48193579e375b8e7ef06f3.jpg,https://www.pickuplimes.com/recipe/simple-spicy-chili-1844,PT15M,"2 Tbsp vegetable oil
2 stalk green onion
3 garlic clove
 ground cumin
 ground coriander
 chili powder
&#189; tsp cayenne pepper
&#189; tsp salt
&#188; tsp ground black pepper
3&#8531; cup canned diced tomatoes
1&#188; cup cooked kidney beans
1&#8532; cup veggie ground
&#188; cup tomato paste
 chipotle adobo sauce
 light brown sugar
2 slice multigrain bread
&#189; avocado
2 Tbsp pickled red onions
2 Tbsp fresh cilantro
0.529 oz vegan feta"
2657,Creamy Gnocchi Soup,https://cdn.pickuplimes.com/cache/40/48/4048d20f215ada5042722887c710e2ca.jpg,https://www.pickuplimes.com/recipe/creamy-gnocchi-soup-2657,PT40M,"2 Tbsp olive oil
1 medium onion
3 garlic clove
2 celery rib
1 carrot
2 Tbsp all-purpose flour
2 vegetable bouillon cube
5 cup water
1 cup soy cooking cream
2 Tbsp nutritional yeast flakes
 Italian seasoning
 miso paste
17.637 oz uncooked vegan gnocchi
2 cup fresh spinach
1 cup frozen green peas
&#189; lemon"
1861,Smokey Lentil Stew with Aioli,https://cdn.pickuplimes.com/cache/4c/7b/4c7b6ca3e8c278236e52f7b26eb27624.jpg,https://www.pickuplimes.com/recipe/smokey-lentil-stew-with-aioli-1861,PT45M,"2 Tbsp vegetable oil
2 medium onion
&#189; tsp salt
3 garlic clove
2 Tbsp tomato paste
&#189; Tbsp smoked sweet paprika powder
&#189; Tbsp ground cumin
3 cup vegetable broth
1&#189; cup kale
1 cup cooked brown lentils
&#8531; cup uncooked basmati rice
 dark soy sauce
&#188; cup vegan aioli
2 Tbsp fresh dill"
1862,Aioli - Garlic Mayo,https://cdn.pickuplimes.com/cache/5e/be/5ebe59315053ffe2a958853e34105b6e.jpg,https://www.pickuplimes.com/recipe/aioli-garlic-mayo-1862,PT10M,"4 garlic clove
2 Tbsp fresh lemon juice
&#188; cup unsweetened soy milk
&#188; cup olive oil
&#188; cup vegetable oil
&#8539; tsp salt"
1437,The Best Chocolate Chip Cookies,https://cdn.pickuplimes.com/cache/e7/72/e772a0e0bec5e1b155b8514b16ee8cd3.jpg,https://www.pickuplimes.com/recipe/the-best-chocolate-chip-cookies-1437,PT01H40M,"&#189; cup unsalted vegan butter
&#190; cup light brown sugar
&#188; cup granulated sugar
&#188; cup unsweetened soy milk
1 Tbsp pure vanilla extract
2 cup all-purpose flour
 baking powder
&#189; tsp baking soda
&#188; tsp salt
4.586 oz dairy-free dark chocolate"
1553,Red Lentil & Spinach Soup,https://cdn.pickuplimes.com/cache/46/98/46984497cc8d3f3d63d88e7806263e71.jpg,https://www.pickuplimes.com/recipe/red-lentil-spinach-soup-1553,PT35M,"&#189; Tbsp vegetable oil
1 large onion
&#189; Tbsp freshly grated ginger
2 medium tomato
1 cup dry red lentils
1&#189; vegetable bouillon cube
1 roasted red bell pepper from a jar
 curry powder
3 cup water
2 cup fresh baby spinach
2 slice whole wheat bread
&#189; lemon"
1551,Hummus Pasta Salad,https://cdn.pickuplimes.com/cache/b4/89/b4891fb888112412331cc96b44ed6adf.jpg,https://www.pickuplimes.com/recipe/hummus-pasta-salad-1551,PT30M,"7.055 oz dry fusilli pasta
1 Tbsp olive oil
1 zucchini
 curry powder
&#188; tsp salt
1 carrot
1 medium tomato
1 cup fresh baby spinach
&#188; cup fresh parsley
1&#189; roasted red bell pepper from a jar
&#189; cup hummus
1&#189; Tbsp sodium-reduced soy sauce
1 Tbsp  white vinegar
1 pinch ground black pepper"
1555,Roasted Bell Pepper Pesto Sandwich,https://cdn.pickuplimes.com/cache/f2/54/f254b174c057c4eb0ca1c973796fb436.jpg,https://www.pickuplimes.com/recipe/roasted-bell-pepper-pesto-sandwich-1555,PT20M,"5.82 oz firm tofu
1 Tbsp cornstarch
&#8539; tsp salt
&#189; Tbsp vegetable oil
4 slice multigrain bread
&#188; cup hummus
&#188; cup vegan green pesto
1 cup fresh baby spinach
2 roasted red bell pepper from a jar
1 avocado
&#188; lemon
1 pinch ground black pepper"
1552,Lentil Harvest Bowl,https://cdn.pickuplimes.com/cache/be/ac/beac1273e44e1252652903a435991df2.jpg,https://www.pickuplimes.com/recipe/lentil-harvest-bowl-1552,PT01H00M," vegetable oil
1 small onion
&#189; tsp freshly grated ginger
&#8531; cup dry red lentils
1 medium tomato
&#8531; cup water
&#189; vegetable bouillon cube
5.82 oz firm tofu
1 Tbsp cornstarch
1 pinch salt
&#189; Tbsp vegetable oil
&#190; cup dry couscous
&#190; cup boiling water
&#189; vegetable bouillon cube
&#189; Tbsp vegetable oil
1 zucchini
 curry powder
&#188; tsp salt
1 carrot
1 roasted red bell pepper from a jar
&#189; cup hummus
1&#189; Tbsp sodium-reduced soy sauce
1 Tbsp white vinegar
1 pinch ground black pepper"
1556,Red Lentil Bolognese Pasta,https://cdn.pickuplimes.com/cache/44/76/447681471e0640091e762671cfa02cf6.jpg,https://www.pickuplimes.com/recipe/red-lentil-bolognese-pasta-1556,PT35M,"7.055 oz dry rigatoni
 vegetable oil
1 medium onion
 freshly grated ginger
&#8532; cup dry red lentils
2 medium tomato
1 carrot
1 vegetable bouillon cube
&#8532; cup water
 Italian seasoning
&#189; tsp garlic powder
&#189; cup vegan green pesto
2 cup fresh baby spinach"
894,Dan Dan Noodles,https://cdn.pickuplimes.com/cache/c9/b5/c9b5b7a063a862b5da97c936e566995b.jpg,https://www.pickuplimes.com/recipe/dan-dan-noodles-894,PT30M," Sichuan peppercorns
&#8531; cup Asian sesame paste
&#8531; cup hot water
2 Tbsp Chinese light soy sauce
2 Tbsp chili oil
1 Tbsp light brown sugar
1 Tbsp black rice vinegar
1 Tbsp vegetable oil
1&#190; cup veggie ground
&#188; cup preserved mustard greens (sui mi ya cai)
1 Tbsp black bean garlic sauce
&#189; Tbsp dark soy sauce
&#189; Tbsp Chinese rice cooking wine
 freshly grated ginger
4 head of baby bok choy
12.346 oz quick-cooking ramen noodles
2 Tbsp roasted unsalted peanuts
1 stalk green onion"
2279,Gochujang Tempeh Bowl,https://cdn.pickuplimes.com/cache/50/d2/50d25a701bca28b366f5e13a4e700af0.jpg,https://www.pickuplimes.com/recipe/gochujang-tempeh-bowl-2279,PT45M,"14.109 oz tempeh
2&#189; Tbsp vegetable oil
2 garlic clove
3 Tbsp gochujang
3 Tbsp sodium-reduced soy sauce
2 Tbsp light brown sugar
2 Tbsp rice vinegar
1 Tbsp toasted sesame oil
1 cup uncooked basmati rice
1&#189; Tbsp rice vinegar
1&#189; Tbsp sodium-reduced soy sauce
1&#189; Tbsp Asian sesame paste
1 Tbsp light brown sugar
 toasted sesame oil
1&#189; cup cooked shelled edamame
&#190; cucumber
1 cup shredded red cabbage
1 stalk green onion"
2417,Creamy Alfredo-Style High Protein Pasta,https://cdn.pickuplimes.com/cache/d2/cc/d2cc9be6e7e408ec1f399c4a320b30e7.jpg,https://www.pickuplimes.com/recipe/creamy-alfredo-style-high-protein-pasta-2417,PT35M,"8.818 oz firm tofu
&#189; cup raw cashews
3 cup unsweetened soy milk
&#8531; cup nutritional yeast flakes
2 vegetable bouillon cube
&#189; Tbsp cornstarch
&#189; Tbsp dried oregano
11.287 oz dry fettuccine noodles
&#189; Tbsp vegetable oil
1 large shallot
4 garlic clove
2 cup cooked butter beans
&#188; cup seasoned toasted breadcrumbs
&#188; cup fresh basil
2 Tbsp vegan parmesan"
1827,Seitan Doner Kebab,https://cdn.pickuplimes.com/cache/46/ef/46efbf1adf0bdde62f559e6d17a182c7.jpg,https://www.pickuplimes.com/recipe/seitan-doner-kebab-1827,PT27M,"14.109 oz seitan
1 Tbsp vegetable oil
 chicken spice mix
&#8531; cup unsweetened soy yogurt
1 Tbsp tahini
1 garlic clove
&#188; tsp salt
&#189; cup vegan mayonnaise
2 Tbsp fresh mint leaves
2 Tbsp fresh dill
 fresh lemon juice
 agave syrup
&#188; tsp salt
2 Tbsp ketchup
1 Tbsp harissa paste
 pomegranate molasses
1 Turkish pide bread
&#188; head iceberg lettuce
1 medium tomato
&#188; cucumber
&#188; small red onion
4 pickled pepperoncini peppers"
2442,Washed Flour Seitan,https://cdn.pickuplimes.com/cache/e0/5e/e05e172bbeb3eae71976bfc0c45512b5.jpg,https://www.pickuplimes.com/recipe/washed-flour-seitan-2442,PT03H00M,"7 cup bread flour
3 cup water
1 Tbsp vegetable oil
1 small onion
1 carrot
1 celery rib
2 garlic clove
6 cup water
&#188; cup sodium-reduced soy sauce
2 Tbsp miso paste
4 dried shiitake mushroom
 liquid smoke"
648,Toasted Seasoned Breadcrumbs,https://cdn.pickuplimes.com/cache/cc/09/cc09706e943d1a68fc6a19c9be938b95.jpg,https://www.pickuplimes.com/recipe/toasted-seasoned-breadcrumbs-648,PT07M,"1 Tbsp olive oil
&#189; cup panko breadcrumbs
 Italian seasoning
&#8539; tsp salt"
1850,Homemade Seitan - Mock Meat,https://cdn.pickuplimes.com/cache/8c/60/8c60c69347f12d6bb0e0dfc31a34f8e6.jpg,https://www.pickuplimes.com/recipe/homemade-seitan-mock-meat-1850,PT45M,"1 cup hot water
1 vegetable bouillon cube
&#189; Tbsp vegetable oil
 sodium-reduced soy sauce
 liquid smoke
1&#189; cup vital wheat gluten
&#188; cup chickpea flour
 onion powder
 garlic powder
 chicken spice mix
 paprika powder"
2005,Smashed Potato Salad,https://cdn.pickuplimes.com/cache/9a/83/9a836f5085261431addc48d2dfab44d3.jpg,https://www.pickuplimes.com/recipe/smashed-potato-salad-2005,PT01H25M,"35.273 oz baby potatoes
&#188; cup olive oil
 ground cumin
 onion powder
&#189; tsp paprika powder
&#189; tsp salt
&#190; cup unsweetened soy yogurt
&#189; cup vegan mayonnaise
1 lemon
1 garlic clove
 dijon mustard
&#189; Tbsp agave syrup
&#188; tsp salt
1 cucumber
&#189; small red onion
2 Tbsp fresh parsley
2 Tbsp fresh dill"
1446,Potato Pesto Salad,https://cdn.pickuplimes.com/cache/ce/c7/cec7b5c7108655b81b8ef4e5f296bcc8.jpg,https://www.pickuplimes.com/recipe/potato-pesto-salad-1446,PT55M,"29.982 oz baby potatoes
1&#190; cup cooked butter beans
1 Tbsp olive oil
 garlic powder
&#189; tsp onion powder
&#189; tsp salt
&#188; tsp ground black pepper
&#189; cup raw walnuts
&#189; cup raw pine nuts
2 cup arugula
1 cup fresh basil
&#8531; cup extra-virgin olive oil
&#8531; cup nutritional yeast flakes
2 garlic clove
2 lemon
&#189; tsp salt
7 small raw radish
2 stalk green onion
1&#8532; cup cherry tomatoes
&#188; cup sun-dried tomatoes in oil
2 cup arugula"
2004,Tangy Potato Salad,https://cdn.pickuplimes.com/cache/07/02/0702c456afa2e8f282858274e7e934b7.jpg,https://www.pickuplimes.com/recipe/tangy-potato-salad-2004,PT20M,"35.273 oz baby potatoes
1 cucumber
&#189; small red onion
&#8531; cup dried apricot
&#188; cup fresh dill
&#188; cup fresh parsley
2 preserved lemon slice
3 Tbsp roasted unsalted pistachios
&#188; cup extra-virgin olive oil
3 Tbsp red wine vinegar
1 Tbsp harissa sauce
&#189; Tbsp pomegranate molasses
&#189; Tbsp maple syrup
 ground turmeric
&#189; tsp ground cumin
&#189; tsp ground sumac
&#188; tsp salt"
441,Roasted Sweet Potato & Kale Salad,https://cdn.pickuplimes.com/cache/4d/16/4d165e7725b4c9d14cf6f121a5dea61e.jpg,https://www.pickuplimes.com/recipe/roasted-sweet-potato-kale-salad-441,PT45M,"3 medium sweet potato
1 medium red onion
4 garlic clove
 vegetable oil
 ground cumin
&#189; tsp paprika powder
&#188; tsp salt
1 pinch ground black pepper
4 cup kale
1 Tbsp extra-virgin olive oil
1&#189; cup cooked chickpeas
1 avocado
&#188; cup roasted unsalted almonds
1 lemon
6 fresh mint leaves
1 Tbsp extra-virgin olive oil
1 Tbsp apple cider vinegar
1 Tbsp maple syrup
&#189; tsp onion powder"
1846,Restaurant-Style Carbonara,https://cdn.pickuplimes.com/cache/8a/4c/8a4cfaa5c22a9e8452507a6ea3fa5ab0.jpg,https://www.pickuplimes.com/recipe/restaurant-style-carbonara-1846,PT50M,"14.109 oz firm tofu
3 Tbsp sodium-reduced soy sauce
1 Tbsp dark soy sauce
1 Tbsp maple syrup
1 Tbsp vegetable oil
&#189; tsp ground black pepper
&#189; tsp dried thyme
&#188; tsp garlic powder
&#188; tsp liquid smoke
14.109 oz dry spaghetti noodles
2 cup water
&#188; cup cornstarch
3 Tbsp nutritional yeast flakes
1&#189; Tbsp unsalted vegan butter
&#190; tsp salt
&#190; tsp garlic powder
&#188; tsp ground turmeric
 ground black pepper
&#190; tsp kala namak
2 Tbsp vegan parmesan
&#189; tsp ground black pepper
&#189; tsp kala namak"
1965,Creamy Red Pesto Gnocchi,https://cdn.pickuplimes.com/cache/91/2a/912a8de32b9057417785ffc8b33b9c93.jpg,https://www.pickuplimes.com/recipe/creamy-red-pesto-gnocchi-1965,PT25M,"&#189; Tbsp vegetable oil
1 medium shallot
2 garlic clove
1&#8532; cup canned whole peeled tomatoes
3 Tbsp vegan red pesto
&#8531; cup plain vegan cream cheese
&#188; tsp salt
&#8539; tsp ground black pepper
&#189; lemon
5&#189; cup uncooked vegan gnocchi
&#189; Tbsp vegetable oil"
488,Simple Vegan Parmesan,https://cdn.pickuplimes.com/cache/2d/6e/2d6e3d741fe9ed04050ac5d10da4c84f.jpg,https://www.pickuplimes.com/recipe/simple-vegan-parmesan-488,PT05M,"&#189; cup raw cashews
1&#189; Tbsp nutritional yeast flakes
&#188; tsp garlic powder
&#188; tsp onion powder
&#188; tsp salt"
1955,Spicy Gochujang Tomato Tofu,https://cdn.pickuplimes.com/cache/14/d8/14d83786cd860efc68d1fa007d74666b.jpg,https://www.pickuplimes.com/recipe/spicy-gochujang-tomato-tofu-1955,PT30M,"1 cup uncooked long-grain white rice
1 Tbsp vegetable oil
11.287 oz firm tofu
&#188; cup gochujang
5 garlic clove
3 Tbsp sodium-reduced soy sauce
2 Tbsp light brown sugar
3&#189; cup cherry tomatoes"
1954,Spinach & Feta Börek,https://cdn.pickuplimes.com/cache/89/e8/89e89a5adb37d44c14a3554b6a62cebd.jpg,https://www.pickuplimes.com/recipe/vegan-spinach-b%C3%B6rek-1954,PT50M,"&#189; Tbsp vegetable oil
12.346 oz firm tofu
2 Tbsp Greek seasoning mix
&#190; tsp salt
4 cup frozen spinach
2 Tbsp chickpea flour
&#188; cup water
8 square (20 cm) sheet of filo pastry
2 Tbsp unsalted vegan butter
3.88 oz vegan feta"
1953,Caramelized Grape & Chickpea Salad,https://cdn.pickuplimes.com/cache/77/2c/772c33a906963a46a690f452a7a6c80e.jpg,https://www.pickuplimes.com/recipe/caramelized-grape-chickpea-salad-1953,PT25M,"&#189; Tbsp vegetable oil
1&#189; cup red grapes
1&#189; cup cooked chickpeas
&#188; tsp salt
&#189; Tbsp vegetable oil
1&#189; cup croutons
6 cup lamb's lettuce
2 lemon
1&#189; Tbsp extra-virgin olive oil
1 Tbsp maple syrup
&#8539; tsp salt
1 pinch ground black pepper"
1952,Greek Seasoning Mix,https://cdn.pickuplimes.com/cache/8f/55/8f557d9e4ff5b6cf8a742d8ad53c80c0.jpg,https://www.pickuplimes.com/recipe/greek-seasoning-mix-1952,PT05M,"2 Tbsp dried oregano
1 Tbsp dried mint leaves
1 Tbsp garlic powder
1 Tbsp onion powder
1 Tbsp dried basil
1 Tbsp dried parsley
 paprika powder
 dried dill
 ground black pepper"
1447,Vegan Yakisoba,https://cdn.pickuplimes.com/cache/58/a4/58a40a58094c94b7aefb6991012a447c.jpg,https://www.pickuplimes.com/recipe/vegan-yakisoba-1447,PT40M,"7.055 oz dry yaki soba noodles
&#189; Tbsp vegetable oil
7.055 oz mock chicken pieces
&#189; Tbsp vegetable oil
3.351 oz shiitake mushrooms
1 small onion
1 carrot
2 cup shredded green cabbage
2 stalk green onion
1 cup fresh bean sprouts
3 Tbsp sodium-reduced soy sauce
3 Tbsp mushroom stir-fry sauce
3 Tbsp ketchup
1 Tbsp vegan Worcestershire sauce
 light brown sugar"
1852,Shredded BBQ Tofu Wrap,https://cdn.pickuplimes.com/cache/16/43/1643f7cce05dcf136602ce65d61151f8.jpg,https://www.pickuplimes.com/recipe/shredded-bbq-tofu-wrap-1852,PT35M,"15.873 oz firm tofu
1 Tbsp vegetable oil
4 garlic clove
&#189; tsp smoked sweet paprika powder
&#8531; cup uncooked white rice
1 stalk green onion
1&#189; cup shredded red cabbage
4 large soft tortilla
&#189; cup canned corn
1&#189; cup fresh spinach
&#8531; cup barbecue sauce
&#8531; cup vegan mayonnaise
1 Tbsp chipotle adobo sauce"
408,Aush - Persian Bean & Noodle Soup,https://cdn.pickuplimes.com/cache/1f/f2/1ff297f9ddc87747c813222edc141d99.jpg,https://www.pickuplimes.com/recipe/aush-bean-noodle-soup-408,PT09H40M,"&#189; cup dry chickpeas
&#189; cup dry kidney beans
&#189; cup dry brown lentils
&#189; cup dry mung beans
9 cup boiling water
&#8531; cup vegetable oil
2 medium yellow onion
&#189; tsp salt
8 garlic clove
1 Tbsp dried mint leaves
1&#189; tsp ground turmeric
3.527 oz flour noodles (reshteh)
1&#189; cup fresh parsley
1&#189; cup fresh cilantro
1&#189; cup fresh spinach
1 stalk green onion
1&#189; tsp salt
 dried fenugreek leaves
1 pinch ground black pepper
1&#188; cup unsweetened soy yogurt"
1761,Sun-Dried Tomato & Butter Bean Stew,https://cdn.pickuplimes.com/cache/b4/9a/b49ada63b5ccc0c30e6f076ff3e7e5f7.jpg,https://www.pickuplimes.com/recipe/sun-dried-tomato-and-butter-bean-stew-1761,PT25M,"1 Tbsp vegetable oil
1 large leek
3 garlic clove
&#189; tsp dried thyme
&#189; tsp dried rosemary
&#8531; cup sun-dried tomatoes in oil
1 Tbsp all-purpose flour
1&#188; cup water
1 vegetable bouillon cube
3 cup cooked butter beans
&#189; cup soy cooking cream
5 cup fresh spinach
2 Tbsp white wine vinegar
&#188; tsp ground black pepper
3 slice rustic bread"
1763,Butternut Squash & Chickpea Soup,https://cdn.pickuplimes.com/cache/43/ba/43ba11728c471bee2a3a2c90a2a99f90.jpg,https://www.pickuplimes.com/recipe/butternut-squash-chickpea-soup-1763,PT40M,"1 Tbsp curry powder
 garam masala
 ground coriander
 ground cumin
&#189; tsp ground turmeric
&#188; tsp chili flakes
1 Tbsp vegetable oil
1 medium onion
3 garlic clove
 freshly grated ginger
1 butternut squash
6 medium tomato
2 cup water
1 vegetable bouillon cube
2 cup cooked chickpeas
1&#8532; cup canned full-fat coconut milk"
1778,One-Pot Mac & Cheeze,https://cdn.pickuplimes.com/cache/02/8c/028cb19a9b2e491f1c281d900324a5f2.jpg,https://www.pickuplimes.com/recipe/one-pot-mac-cheeze-1778,PT20M,"1 cup water
1 cup unsweetened soy milk
1 cup dry macaroni pasta
1 vegetable bouillon cube
&#189; cup plain vegan cream cheese
&#188; cup nutritional yeast flakes
 dijon mustard
 apple cider vinegar
&#189; tsp onion powder
&#188; tsp ground turmeric"
1716,Christmas Rocky Road,https://cdn.pickuplimes.com/cache/cc/98/cc983c7a4faf81e882bc64916c8da127.jpg,https://www.pickuplimes.com/recipe/christmas-rocky-road-1716,PT03H25M,"8.818 oz dairy-free dark chocolate
4.233 oz unsalted vegan butter
2 Tbsp maple syrup
7.055 oz Biscoff speculoos cookies
1&#189; cup vegan marshmallow
&#189; cup dried cranberries
&#189; cup roasted salted pistachios
2 Tbsp roasted salted pistachios
2 Tbsp freeze-dried cranberries"
1724,Chocolate Peppermint Truffles,https://cdn.pickuplimes.com/cache/af/dd/afdd8707f123e23f0191762b74bd24fc.jpg,https://www.pickuplimes.com/recipe/chocolate-peppermint-truffles-1724,PT01H00M,"28 vegan Oreo cookie
3.527 oz plain vegan cream cheese
&#189; tsp peppermint extract
7.055 oz dairy-free dark chocolate
1 candy cane"
899,Vanilla Chai Spiced Latte Mix,https://cdn.pickuplimes.com/cache/e8/52/e852a82456535d4263352ea560f362c9.jpg,https://www.pickuplimes.com/recipe/vanilla-chai-spiced-latte-mix-899,PT05M,"&#8532; cup granulated sugar
&#8531; cup vanilla sugar
&#189; cup instant coffee granules
1 Tbsp ground cinnamon
 ground ginger
&#189; tsp ground cardamom
&#188; tsp ground cloves"
433,Vegan French Toast,https://cdn.pickuplimes.com/cache/fd/2d/fd2d7a50f557ed06b1164f01ae2ccb05.jpg,https://www.pickuplimes.com/recipe/vegan-french-toast-433,PT40M,"1&#8532; cup canned light coconut milk
2 Tbsp nutritional yeast flakes
1 Tbsp maple syrup
1 Tbsp ground flaxseeds
 ground cinnamon
 ground ginger
&#188; tsp ground cardamom
&#188; tsp ground turmeric
&#8539; tsp ground nutmeg
&#8539; tsp ground cloves
1 Tbsp vegetable oil
10 thick slice of day-old bread
1&#189; cup unsweetened coconut yogurt
2 cup fresh mixed berries
2 Tbsp maple syrup"
1572,Peanut & Chili Oil Cucumber Salad,https://cdn.pickuplimes.com/cache/31/a3/31a32577c5d000b18afa0aa4a1667468.jpg,https://www.pickuplimes.com/recipe/peanut-chili-oil-cucumber-salad-1572,PT25M,"9 mini cucumber
&#188; cup fresh cilantro
&#188; cup roasted unsalted peanuts
1 Tbsp toasted sesame seeds
3 Tbsp peanut butter
1 Tbsp sodium-reduced soy sauce
&#189; lime
 agave syrup
&#190; tsp garlic powder
1 Tbsp water
1 Tbsp crispy chili oil"
800,The Best Vegan Chow Mein,https://cdn.pickuplimes.com/cache/ed/82/ed82e2ccc8a13d9c2cc29bc5004d1cf4.jpg,https://www.pickuplimes.com/recipe/the-best-vegan-chow-mein-800,PT35M,"3 Tbsp dark soy sauce
2 Tbsp water
2 Tbsp toasted sesame oil
&#189; vegetable bouillon cube
 cornstarch
 agave syrup
 sriracha
 rice vinegar
&#189; Tbsp vegetable oil
1 cup mock chicken pieces
1 Tbsp vegetable oil
1 medium onion
2 garlic clove
5.291 oz vegan chow mein noodles
&#188; napa cabbage
2 carrot
1 head of bok choy"
1025,Berries & Cream Instant Oatmeal,https://cdn.pickuplimes.com/cache/7d/4f/7d4f5759c640387b687dfb5ff648374e.jpg,https://www.pickuplimes.com/recipe/berries-cream-instant-oatmeal-1025,PT08M,"&#8531; cup quick oats
&#8531; cup freeze-dried raspberries
1 Tbsp ground flaxseeds
1 Tbsp vanilla sugar
1 cup unsweetened soy milk
&#8531; cup unsweetened coconut yogurt
&#189; cup fresh mixed berries"
1528,Buffalo Chickpea Sandwich,https://cdn.pickuplimes.com/cache/73/92/739276a5d471689fa74948371e27e67e.jpg,https://www.pickuplimes.com/recipe/buffalo-chickpea-sandwich-1528,PT15M,"1&#189; cup cooked chickpeas
3 Tbsp cayenne pepper hot sauce
2 Tbsp vegan mayonnaise
1 celery rib
&#189; small red onion
1&#189; Tbsp chopped pickles
&#188; tsp garlic powder
&#189; cup vegan mayonnaise
2 Tbsp unsweetened soy milk
1 Tbsp ranch spice mix
&#188; lemon
6 slice rustic bread
3 butter lettuce leaf
1 large tomato"
1527,Creamy Kimchi Udon Noodles To-Go,https://cdn.pickuplimes.com/cache/fb/d3/fbd3c037cf60b10aaeef30e1b9a8c684.jpg,https://www.pickuplimes.com/recipe/creamy-kimchi-udon-noodles-to-go-1527,PT15M,"7.055 oz pre-cooked udon noodles
&#189; cup grated carrot
&#189; cup shredded green cabbage
2 Tbsp vegan kimchi
&#189; stalk green onion
&#189; cup cooked shelled edamame
1&#189; Tbsp vegan mayonnaise
&#189; Tbsp dark soy sauce
&#189; tsp toasted sesame oil"
1569,Cheesecake Dip,https://cdn.pickuplimes.com/cache/23/99/239969ae8bc366c826a22fdaea816976.jpg,https://www.pickuplimes.com/recipe/cheesecake-dip-1569,PT05M,"1&#189; cup cooked butter beans
&#188; cup cashew butter
&#188; cup plain vegan cream cheese
3 Tbsp maple syrup
 pure vanilla extract
1 pinch salt
2 cup fresh strawberries"
795,Stuffed Energy Balls,https://cdn.pickuplimes.com/cache/8b/97/8b97a256e46fabfbcdd8df688c76a078.jpg,https://www.pickuplimes.com/recipe/stuffed-energy-balls-795,PT15M,"1 cup soft dates
&#189; cup roasted unsalted cashews
2 Tbsp Dutch-processed cocoa powder
1 Tbsp toasted sesame seeds
1 Tbsp ground flaxseeds
1&#189; Tbsp peanut butter"
179,Golden Vegan Hot Chocolate,https://cdn.pickuplimes.com/cache/1f/8a/1f8a29072ab65fc16e25203116a13291.jpg,https://www.pickuplimes.com/recipe/golden-vegan-hot-chocolate-179,PT10M,"2 cup unsweetened soy milk
3 Medjool date
2 Tbsp Dutch-processed cocoa powder
 ground cinnamon
&#188; tsp ground turmeric
&#188; tsp pure vanilla extract
1 pinch ground nutmeg
1 pinch ground black pepper"
1448,Vegan 'Honey' Mustard Tofu Wraps,https://cdn.pickuplimes.com/cache/3e/4e/3e4e431703ab68a88c5a29a397a275eb.jpg,https://www.pickuplimes.com/recipe/vegan-honey-mustard-tofu-wraps-1448,PT55M,"15.873 oz firm tofu
&#188; cup cornstarch
2 Tbsp cold water
 sodium-reduced soy sauce
&#8532; cup panko breadcrumbs
2 Tbsp nutritional yeast flakes
&#189; tsp garlic powder
&#189; tsp smoked sweet paprika powder
2 Tbsp vegetable oil
&#8531; cup maple syrup
&#8531; cup dijon mustard
&#188; cup vegan mayonnaise
 apple cider vinegar
&#188; tsp salt
1 cup shredded red cabbage
1 cup shredded green cabbage
1 carrot
5 large soft tortilla
&#189; head butter lettuce
2 medium tomato"
1515,"Soto Ayam - Indonesian ""Chicken"" Soup",https://cdn.pickuplimes.com/cache/65/85/6585ae298f1671dfc6c790437067ab02.jpg,https://www.pickuplimes.com/recipe/soto-ayam-indonesian-chicken-soup-1515,PT45M,"3 garlic clove
2 medium shallot
3 Thai chili pepper (bird's eye chili)
1&#189; Tbsp fresh ginger
1 Tbsp vegetable oil
1&#189; tsp fresh turmeric
1&#189; tsp ground coriander
1 Tbsp vegetable oil
2 medium potato
4 cup water
1 vegetable bouillon cube
1&#8532; cup canned full-fat coconut milk
5.291 oz dry ramen noodles
1 Tbsp vegetable oil
7.055 oz mock chicken pieces
3 garlic clove
2 medium shallot
 chicken spice mix
&#8532; cup fresh bean sprouts
&#188; cup fresh cilantro
1 stalk green onion
2 Tbsp crispy fried onions"
1516,Chick'n Spice Mix,https://cdn.pickuplimes.com/cache/4d/10/4d10036cd18aca0bb74d746beb5b0124.jpg,https://www.pickuplimes.com/recipe/chickn-spice-mix-1516,PT05M,"2&#189; Tbsp paprika powder
1&#189; Tbsp onion powder
1&#189; Tbsp garlic powder
1&#189; Tbsp ground coriander
&#189; Tbsp salt
&#189; Tbsp ground black pepper
 ground cumin
 chili powder
 ground ginger
 ground turmeric
&#188; tsp ground nutmeg"
1407,Vegan Caesar Dressing,https://cdn.pickuplimes.com/cache/8e/6e/8e6e8cbcd51165204b7ff506ca0940ff.jpg,https://www.pickuplimes.com/recipe/vegan-caesar-dressing-1407,PT08M,"3 garlic clove
1 lemon
&#189; cup raw cashews
&#8531; cup water
3&#189; Tbsp nutritional yeast flakes
1 Tbsp extra-virgin olive oil
1 Tbsp apple cider vinegar
 capers
 dijon mustard
 sodium-reduced soy sauce
&#8539; tsp ground black pepper"
1408,Italian Salad Dressing,https://cdn.pickuplimes.com/cache/8e/24/8e247c37b455802bf522372f00cb5358.jpg,https://www.pickuplimes.com/recipe/italian-salad-dressing-1408,PT05M,"1 garlic clove
2 Tbsp extra-virgin olive oil
1 Tbsp red wine vinegar
 balsamic vinegar
 maple syrup
 Italian seasoning
&#188; tsp salt
&#188; tsp chili flakes
&#8539; tsp ground black pepper"
1406,Orange Ginger Dressing,https://cdn.pickuplimes.com/cache/de/24/de2468048e3b8dcd4332adff2908c185.jpg,https://www.pickuplimes.com/recipe/orange-ginger-dressing-1406,PT05M,"&#189; Tbsp orange zest
2 orange
1 garlic clove
2 Tbsp tahini
 freshly grated ginger
1 pinch ground black pepper"
1326,Creamy Tomato Orzo,https://cdn.pickuplimes.com/cache/68/61/6861e71a15761ebe6770f7063c007a8e.jpg,https://www.pickuplimes.com/recipe/creamy-tomato-orzo-1326,PT20M," olive oil
3 cup cherry tomatoes
2 cup water
1 cup dry orzo pasta
1 vegetable bouillon cube
&#189; Tbsp Italian seasoning
&#8539; tsp ground black pepper
&#190; cup frozen green peas
&#190; cup fresh basil
1 Tbsp roasted pine nuts
&#188; tsp chili flakes"
1215,Shoyu Butter Udon Noodles,https://cdn.pickuplimes.com/cache/2c/79/2c7939499a8120281e4a7021af94ef1f.jpg,https://www.pickuplimes.com/recipe/shoyu-butter-udon-noodles-1215,PT12M,"14.109 oz pre-cooked udon noodles
2 Tbsp unsalted vegan butter
7.055 oz shiitake mushrooms
2 stalk green onion
1 Tbsp dark soy sauce
1&#189; Tbsp mushroom stir-fry sauce
&#189; tsp garlic powder
&#190; cup frozen shelled edamame"
1274,Gado Gado on Toast,https://cdn.pickuplimes.com/cache/ca/9e/ca9ee2b0e2ef2ca3b00824114f999fdd.jpg,https://www.pickuplimes.com/recipe/gado-gado-on-toast-1274,PT10M," vegetable oil
4 slice whole wheat bread
&#8531; cup peanut butter
&#188; cucumber
&#188; cup grated carrot
1 Tbsp ketjap manis
1 Tbsp sambal oelek
2 Tbsp crispy fried onions"
1342,Chickpea & Eggplant Fatteh,https://cdn.pickuplimes.com/cache/03/24/03243dd8e1708c27878d034a8a12a076.jpg,https://www.pickuplimes.com/recipe/chickpea-eggplant-fatteh-1342,PT30M,"2 pita bread
1 Tbsp olive oil
1 cup unsweetened soy Greek-style yogurt
1&#189; Tbsp tahini
1 garlic clove
&#188; tsp salt
&#189; Tbsp olive oil
 paprika powder
 ground sumac
&#188; tsp salt
2 Tbsp tomato paste
1 small eggplant
1&#189; cup cooked chickpeas
&#188; cup water
2 Tbsp pomegranate molasses
&#8531; cup fresh parsley
1 Tbsp toasted sliced almonds
&#188; lemon"
1420,Caesar Dip,https://cdn.pickuplimes.com/cache/d1/51/d151a0c8863cd3f985db38753f933d3e.jpg,https://www.pickuplimes.com/recipe/caesar-dip-1420,PT15M,"&#189; lemon
&#189; cup unsweetened soy yogurt
2 Tbsp vegan mayonnaise
2 Tbsp nutritional yeast flakes
 capers
&#189; tsp garlic powder
&#188; tsp salt
&#8539; tsp ground black pepper"
1409,Sesame Ginger Dressing,https://cdn.pickuplimes.com/cache/c6/ec/c6ec6fe33f5c224fb68a6806c1479c97.jpg,https://www.pickuplimes.com/recipe/sesame-ginger-dressing-1409,PT05M,"1 lime
3 Tbsp rice vinegar
3 Tbsp sodium-reduced soy sauce
2 Tbsp toasted sesame oil
2 Tbsp freshly grated ginger
2 Tbsp agave syrup
 toasted sesame seeds"
399,Homemade Vegetable Broth,https://cdn.pickuplimes.com/cache/a5/f1/a5f10153179f6a44c4362c0cfd90db17.jpg,https://www.pickuplimes.com/recipe/homemade-vegetable-broth-399,PT01H15M,"6 cup boiling water
2 medium onion
4 garlic clove
2 carrot
2 celery rib
4 cup vegetable scraps
&#189; cup fresh parsley
&#189; cup fresh cilantro
2 bay leaf
&#189; Tbsp whole peppercorns
 salt"
1176,Vegan Okonomiyaki,https://cdn.pickuplimes.com/cache/10/36/10362b541ed821801097183b631bb499.jpg,https://www.pickuplimes.com/recipe/vegan-okonomiyaki-1176,PT01H00M,"&#190; cup water
0.282 oz kombu (dried kelp)
3 cup shredded green cabbage
4 stalk green onion
4 king trumpet mushroom
5.291 oz silken tofu
&#188; cup all-purpose flour
 baking powder
1 Tbsp vegetable oil
&#188; cup vegan okonomiyaki sauce
&#188; cup vegan mayonnaise"
1109,Vegan Kaiserschmarrn with Plum Compote,https://cdn.pickuplimes.com/cache/2f/9f/2f9fb228c5eefadfe99381754f1d31c1.jpg,https://www.pickuplimes.com/recipe/vegan-kaiserschmarrn-with-plum-compote-1109,PT30M,"&#188; cup raisins
&#188; cup apple juice
8 plum
&#188; cup water
1 Tbsp granulated sugar
&#188; tsp ground cinnamon
1 pinch ground cloves
&#190; cup aquafaba
 cream of tartar
2 cup all-purpose flour
&#188; cup granulated sugar
&#189; tsp baking powder
&#189; tsp salt
1&#189; cup unsweetened soy milk
&#188; cup carbonated water
2 Tbsp unsalted vegan butter
 pure vanilla extract"
841,Fluffy Vegan Pancakes,https://cdn.pickuplimes.com/cache/63/09/63096069189c34938763a7c388a8d4a9.jpg,https://www.pickuplimes.com/recipe/fluffy-vegan-pancakes-841,PT30M,"1&#189; cup all-purpose flour
1 Tbsp baking powder
2 Tbsp granulated sugar
&#188; tsp salt
1&#8531; cup unsweetened soy milk
1 Tbsp apple cider vinegar
 pure vanilla extract
1 Tbsp vegetable oil
1 cup fresh mixed berries"
672,BBQ Cauliflower & Chickpea Tray Bake,https://cdn.pickuplimes.com/cache/85/d5/85d58acb71566d3f7530bc5832da1ae9.jpg,https://www.pickuplimes.com/recipe/bbq-cauliflower-and-chickpea-tray-bake-672,PT50M,"&#189; medium head cauliflower
2 cup cooked chickpeas
1 medium sweet potato
1 red bell pepper
&#189; cup barbecue sauce
 ground cumin
 garlic powder
 cayenne pepper
&#189; tsp smoked sweet paprika powder
&#189; cup unsweetened soy yogurt
1 Tbsp ranch spice mix
&#188; cup barbecue sauce
12 small soft tortilla
1 avocado
&#188; medium red onion"
667,Oven Baked Tofu Shakshuka,https://cdn.pickuplimes.com/cache/46/b8/46b85a36ee6a35401f9415206b3eb6a3.jpg,https://www.pickuplimes.com/recipe/oven-baked-tofu-shakshuka-667,PT50M,"1&#8532; cup canned diced tomatoes
2 red bell pepper
1 medium red onion
2 red hot chili pepper
3 garlic clove
2 Tbsp tomato paste
1 Tbsp olive oil
1&#189; tsp smoked sweet paprika powder
 ground cumin
 ground coriander
 salt
 kala namak
&#189; tsp ground turmeric
10.582 oz silken tofu
5 small pita bread"
668,Creamy Baked Lemon & Dill Rice,https://cdn.pickuplimes.com/cache/78/91/789186568d25144a9b1b85dee1a7da0e.jpg,https://www.pickuplimes.com/recipe/creamy-baked-lemon-dill-rice-668,PT01H20M,"5 medium tomato
1 medium leek
2 garlic clove
1 medium onion
1&#189; cup uncooked short-grain white rice
1&#189; cup cooked cannellini beans
&#8531; cup nutritional yeast flakes
2 bay leaf
1 Tbsp olive oil
 chili flakes
 dried dill
3 cup boiling water
2 vegetable bouillon cube
1 cup fresh dill
2 Tbsp olive oil
&#189; lemon
&#189; tsp salt
&#188; tsp ground black pepper
&#188; cup roasted pine nuts
&#189; lemon"
1090,Vegan Whipped Ricotta Toast,https://cdn.pickuplimes.com/cache/4b/98/4b98eeccb0e1cb79bbb80e875cd96ecd.jpg,https://www.pickuplimes.com/recipe/vegan-whipped-ricotta-toast-1090,PT20M,"2 cup frozen mixed berries
7.055 oz firm tofu
&#188; cup coconut cream
&#188; cup unsweetened soy Greek-style yogurt
 lemon zest
&#188; lemon
1 Tbsp maple syrup
 pure vanilla extract
6 slice multigrain bread
 lemon zest"
1225,Simple Chickpea Frittata,https://cdn.pickuplimes.com/cache/9b/75/9b7537c09767391f2da16083b0b0e7d0.jpg,https://www.pickuplimes.com/recipe/simple-chickpea-frittata-1225,PT25M,"1 cup chickpea flour
&#190; tsp kala namak
&#188; tsp baking powder
&#190; cup water
1 medium tomato
&#189; zucchini
&#189; cup frozen green peas
&#188; cup fresh basil
1 Tbsp olive oil
&#189; avocado
&#189; cup unsweetened soy yogurt"
905,Chocolate Banana Buckwheat Porridge,https://cdn.pickuplimes.com/cache/6c/d8/6cd828f1dd98d47c44f6212699ddfc6c.jpg,https://www.pickuplimes.com/recipe/chocolate-banana-buckwheat-porridge-905,PT20M,"&#8531; cup roasted buckwheat groats (kasha)
1&#188; cup unsweetened soy milk
1 banana
1 Tbsp Dutch-processed cocoa powder
1 Tbsp tahini
 maple syrup
&#188; tsp pure vanilla extract
&#188; tsp ground cinnamon
1 pinch salt
1 Tbsp roasted walnuts
&#189; Tbsp mini dark chocolate chips
&#189; tsp toasted sesame seeds"
1075,Creamy Peanut Butter Jackfruit Noodles,https://cdn.pickuplimes.com/cache/3c/a5/3ca509d58cccddc19aa8623f21572ec6.jpg,https://www.pickuplimes.com/recipe/creamy-peanut-butter-jackfruit-noodles-1075,PT18M,"1 bell pepper
2 cup canned young green jackfruit
1 Tbsp vegetable oil
14.109 oz pre-cooked udon noodles
1 stalk green onion
&#189; cup canned light coconut milk
&#8531; cup water
&#8531; cup peanut butter
3 Tbsp sodium-reduced soy sauce
1 Tbsp toasted sesame oil
&#189; vegetable bouillon cube
&#189; lime
1 garlic clove
 cornstarch
 light brown sugar
 crispy chili oil
 freshly grated ginger"
18,Sweet Potato Spiced Chili,https://cdn.pickuplimes.com/cache/19/ad/19ad4cc9c25de6811613378f05395272.jpg,https://www.pickuplimes.com/recipe/sweet-potato-spiced-chilli-18,PT50M,"1 Tbsp vegetable oil
1 large onion
4 garlic clove
1 Tbsp ground cumin
1 Tbsp chili powder
 dried oregano
 smoked sweet paprika powder
&#188; tsp ground black pepper
2 Tbsp tomato paste
3 cup canned crushed tomatoes
2 cup water
1&#189; cup cooked black beans
1&#189; cup cooked kidney beans
1&#189; cup cooked brown lentils
2 vegetable bouillon cube
1 large sweet potato
1 red bell pepper
&#190; cup canned corn
1 avocado
&#188; cup pickled red onions
&#189; cup vegan sour cream
1 jalapeño"
388,Pickled Red Onions,https://cdn.pickuplimes.com/cache/69/97/699723ef16ddda14825d6fd97bd4db78.jpg,https://www.pickuplimes.com/recipe/pickled-red-onions-388,PT02H05M,"2 medium red onion
1 cup boiling water
&#188; cup white vinegar
&#188; cup apple cider vinegar
 agave syrup
 coarse sea salt"
1255,Non-Alcoholic Mulled Wine,https://cdn.pickuplimes.com/cache/00/2c/002c7ac0073dddb39935fe9a5015cf22.jpg,https://www.pickuplimes.com/recipe/non-alcoholic-mulled-wine-1255,PT25M,"2&#189; cup merlot grape juice
1 cup pomegranate juice
&#189; cup cranberry juice
1 orange
 pomegranate molasses
2 cinnamon stick
6 whole clove
3 star anise
3 cardamom pod"
1258,Cinnamon-Spiced Orange & Thyme Mocktail,https://cdn.pickuplimes.com/cache/59/fa/59fa54fe5af3fcf01f0df5cd6d6522e4.jpg,https://www.pickuplimes.com/recipe/cinnamon-spiced-orange-thyme-mocktail-1258,PT20M,"&#189; cup water
&#188; cup maple syrup
4 sprig fresh thyme
&#189; tsp ground cinnamon
2 Tbsp freshly grated ginger
&#189; lemon
2 cup ice cube
2 cup orange juice
2 cup ginger ale"
704,Vegan Apple Pie,https://cdn.pickuplimes.com/cache/94/9c/949c633f518e767effe94c263dff8993.jpg,https://www.pickuplimes.com/recipe/vegan-apple-pie-704,PT01H45M,"35.273 oz apple
&#188; tsp salt
3 Tbsp light brown sugar
2 Tbsp cornstarch
&#189; lemon
 ground cinnamon
&#189; tsp ground ginger
2&#189; cup all-purpose flour
7.901 oz unsalted vegan butter
1 Tbsp granulated sugar
&#189; tsp salt
4 Tbsp ice water
1 Tbsp vegan whipping cream
 granulated sugar"
1170,Vegan Pumpkin Pie,https://cdn.pickuplimes.com/cache/71/7e/717ec0d713a671afce9ea90da00bfa0c.jpg,https://www.pickuplimes.com/recipe/vegan-pumpkin-pie-1170,PT45M,"12.346 oz vegan pie dough
14.991 oz canned pumpkin purée
1 cup soy cooking cream
&#190; cup light brown sugar
&#188; cup cornstarch
 pure vanilla extract
1&#189; tsp ground cinnamon
&#189; tsp ground ginger
&#188; tsp salt
&#8539; tsp ground nutmeg
1 pinch ground cloves"
702,Homemade Pie Crust,https://cdn.pickuplimes.com/cache/65/52/65528ddb4d49ce961c0ba15719391c0e.jpg,https://www.pickuplimes.com/recipe/homemade-pie-crust-702,PT45M,"2&#189; cup all-purpose flour
7.901 oz unsalted vegan butter
&#189; tsp salt
1 Tbsp granulated sugar
4 Tbsp ice water
 dry beans or pie weights"
848,Quick Garlic Chili Noodles,https://cdn.pickuplimes.com/cache/c6/05/c60567cae44e62cad244fa9f6823f7be.jpg,https://www.pickuplimes.com/recipe/quick-garlic-chili-noodles-848,PT12M,"7.055 oz dry Taiwanese flat noodles
2 Tbsp vegetable oil
6 garlic clove
1 stalk green onion
1 Tbsp gochugaru
2 Tbsp dark soy sauce
 black rice vinegar
6 head of baby bok choy
2 cup frozen edamame in shell"
1131,Tikka Masala Spice Mix,https://cdn.pickuplimes.com/cache/da/56/da56d1896e0f8f49b68f17cb43636e2e.jpg,https://www.pickuplimes.com/recipe/tikka-masala-spice-mix-1131,PT05M,"2 Tbsp ground coriander
2 Tbsp paprika powder
1 Tbsp ground cumin
 dried fenugreek leaves
 chili powder
 ground ginger
 ground turmeric
&#189; tsp ground nutmeg
&#189; tsp ground cinnamon
&#188; tsp ground cardamom
&#188; tsp ground black pepper"
1097,Quick Tofu Tikka Masala,https://cdn.pickuplimes.com/cache/c9/c3/c9c3a2f5a9f432ba74b4c606699ed486.jpg,https://www.pickuplimes.com/recipe/quick-tofu-tikka-masala-1097,PT25M,"1 Tbsp vegetable oil
8.818 oz firm tofu
1 Tbsp vegetable oil
1 medium onion
1 Tbsp freshly grated ginger
 whole brown mustard seeds
2 Tbsp tikka masala spice mix
&#189; tsp salt
&#188; tsp chili powder
1 large tomato
&#190; cup soy cooking cream
&#189; cup unsweetened soy yogurt
&#188; cup raw cashews
3 Tbsp tomato paste
&#189; lime
2 vegan naan"
901,Saucy Beans on Garlic Toast,https://cdn.pickuplimes.com/cache/c1/80/c1805cb78365c2ef2f3cf7ba0df0de13.jpg,https://www.pickuplimes.com/recipe/saucy-beans-on-garlic-toast-901,PT10M,"2 garlic clove
1 Tbsp olive oil
2 slice rustic bread
1&#8531; cup cooked navy beans
&#188; cup tomato paste
&#188; cup water
&#189; vegetable bouillon cube
1 Tbsp chipotle adobo sauce
 maple syrup
 ground cumin
&#189; tsp onion powder
&#188; cup unsweetened soy Greek-style yogurt
2 Tbsp pickled jalapeños"
460,Warm Tahini Chocolate Banana Wrap,https://cdn.pickuplimes.com/cache/10/a1/10a1ba3aa1217c487edf6dae6997f6cf.jpg,https://www.pickuplimes.com/recipe/warm-tahini-chocolate-banana-wrap-460,PT10M,"2 Tbsp tahini
1 Tbsp maple syrup
1 Tbsp Dutch-processed cocoa powder
1 banana
1 medium soft tortilla
1 Tbsp roasted unsalted hazelnuts"
779,Chive & Onion Whipped Tofu Toast,https://cdn.pickuplimes.com/cache/f4/8f/f48f1a5a29fedbcb5e089505800a3236.jpg,https://www.pickuplimes.com/recipe/chive-onion-whipped-tofu-toast-779,PT10M,"4.409 oz firm tofu
1 Tbsp nutritional yeast flakes
&#189; Tbsp apple cider vinegar
&#189; Tbsp olive oil
 dried onion flakes
 dried minced garlic
 dried chives
&#188; tsp dried dill
&#188; tsp salt
 olive oil
2 slice rustic bread
1 medium tomato
1 Tbsp fresh basil"
661,How to Cook Perfect Quinoa,https://cdn.pickuplimes.com/cache/56/7f/567fdbd3d195565da04942b51e11bb12.jpg,https://www.pickuplimes.com/recipe/how-to-cook-quinoa-661,PT20M,"&#189; cup uncooked quinoa
1 cup water
&#189; vegetable bouillon cube"
1076,Teriyaki Shiitake Shoyu Ramen,https://cdn.pickuplimes.com/cache/ef/8f/ef8f172d2a7567cc951f60f3f01fe10a.jpg,https://www.pickuplimes.com/recipe/teriyaki-shiitake-shoyu-ramen-1076,PT40M,"&#189; Tbsp vegetable oil
2 garlic clove
 freshly grated ginger
 doubanjiang chili bean paste
1.764 oz shiitake mushrooms
3.527 oz enoki mushrooms
1 vegetable bouillon cube
4 cup water
3 Tbsp sodium-reduced soy sauce
0.353 oz kombu (dried kelp)
 light brown sugar
 rice vinegar
 toasted sesame oil
7.055 oz fresh ramen noodles
&#189; Tbsp toasted sesame oil
3.527 oz canned baby corn
1 pinch salt
4 head of baby bok choy
5.291 oz smoked tofu
&#189; cup fresh bean sprouts
1 stalk green onion
2 sheet roasted seaweed snack
&#189; Tbsp toasted sesame oil
3.527 oz shiitake mushrooms
1 Tbsp teriyaki sauce"
1077,Spicy Miso Sesame Ramen,https://cdn.pickuplimes.com/cache/40/e1/40e14b0cf4caf19294fe81313099b5d1.jpg,https://www.pickuplimes.com/recipe/spicy-miso-sesame-ramen-1077,PT30M,"1&#189; Tbsp Asian sesame paste
1 Tbsp white miso paste
 doubanjiang chili bean paste
&#188; cup unsweetened almond milk
1 Tbsp vegetable oil
1 medium shallot
2 garlic clove
&#189; tsp freshly grated ginger
1.764 oz shiitake mushrooms
2 cup vegetable broth
4 head of baby bok choy
5.291 oz fried tofu puff
 toasted sesame oil
12.698 oz pre-cooked udon noodles
&#188; carrot
&#189; cup fresh bean sprouts"
1028,Passion Fruit & Kombucha Spritz,https://cdn.pickuplimes.com/cache/b7/4e/b74ee8be1967293b05a1651d514107fb.jpg,https://www.pickuplimes.com/recipe/passion-fruit-kombucha-spritz-1028,PT10M,"4 grapefruit
4 passion fruit
&#188; cup fresh mint leaves
2 Tbsp fresh basil
1 lime
4 cup ice cube
2 cup kombucha"
1030,Blackberry Ginger Iced Green Tea,https://cdn.pickuplimes.com/cache/91/45/91455d70fa2bb078ca5e7e867ef098bc.jpg,https://www.pickuplimes.com/recipe/blackberry-ginger-iced-green-tea-1030,PT40M,"4 green tea bag
4 cup hot water
2 cup fresh blackberries
&#190; cup frozen pineapple chunks
&#189; lime
1 Tbsp fresh ginger
1 Tbsp maple syrup
&#188; cup fresh mint leaves
&#189; lime
4 cup ice cube"
422,Frosted Watermelon Rosemary Slushy,https://cdn.pickuplimes.com/cache/d0/33/d033fb9ee11d859849ec61d387547c03.jpg,https://www.pickuplimes.com/recipe/frosted-watermelon-rosemary-slushy-422,PT05M,"24.691 oz frozen watermelon cubes
2 frozen banana
1 cup orange juice
1 cup unsweetened coconut water
1 lime
1 Tbsp fresh rosemary"
1029,Mango Turmeric Lassi,https://cdn.pickuplimes.com/cache/61/c4/61c4b32af30dcd7284a44bb78eed5534.jpg,https://www.pickuplimes.com/recipe/mango-turmeric-lassi-1029,PT05M,"2 Medjool date
2&#189; cup frozen mango chunks
2 cup unsweetened soy yogurt
&#190; cup unsweetened soy milk
&#189; Tbsp fresh ginger
&#189; tsp ground turmeric
1 pinch ground black pepper
&#188; lemon"
794,Coconut & Citrus Green Smoothie,https://cdn.pickuplimes.com/cache/24/84/2484860cefc561e3456ac267f5c748b7.jpg,https://www.pickuplimes.com/recipe/coconut-citrus-green-smoothie-794,PT05M,"2 orange
2 Medjool date
1 frozen banana
1 avocado
&#189; cup canned light coconut milk
&#189; cup unsweetened soy milk
&#189; cup unsweetened coconut yogurt
5 fresh mint leaves
1&#189; cup fresh spinach"
1012,Strawberry Milk Bubble Tea,https://cdn.pickuplimes.com/cache/fb/4b/fb4bf74fc91b7e3121c79b88ddc143cb.jpg,https://www.pickuplimes.com/recipe/strawberry-milk-bubble-tea-1012,PT25M,"1&#189; cup frozen strawberries
1 Tbsp granulated sugar
&#189; cup quick-cooking tapioca pearls
2 Tbsp agave syrup
&#8532; cup unsweetened oat milk
2 Tbsp vegan whipping cream
 pure vanilla extract
2 cup ice cube"
1011,Brown Sugar Matcha Bubble Tea,https://cdn.pickuplimes.com/cache/41/d0/41d0acbef7dacffb45a43eaaa60ff46d.jpg,https://www.pickuplimes.com/recipe/brown-sugar-matcha-bubble-tea-1011,PT20M,"2 Tbsp light brown sugar
2 Tbsp boiling water
&#189; cup quick-cooking tapioca pearls
 matcha powder
&#189; cup hot water
 pure vanilla extract
1 cup ice cube
2&#189; cup barista oat milk"
1016,Ube Bubble Tea,https://cdn.pickuplimes.com/cache/2d/e8/2de8d54fae98b902703857f46e4f4cba.jpg,https://www.pickuplimes.com/recipe/ube-bubble-tea-1016,PT19M,"2 Tbsp loose black tea leaves
1 cup boiling water
&#189; cup quick-cooking tapioca pearls
&#188; cup maple syrup
&#188; cup sweetened ube spread
&#188; cup unsweetened soy milk
1 cup crushed ice
1&#188; cup unsweetened soy milk"
477,Thai Iced Bubble Tea,https://cdn.pickuplimes.com/cache/6b/01/6b011c09967f56c3ca0d6266e49cf44e.jpg,https://www.pickuplimes.com/recipe/thai-iced-bubble-tea-477,PT01H32M,"1 cup water
1 Tbsp loose rooibos tea leaves
1 Tbsp loose black tea leaves
2 star anise
2 whole clove
2 cardamom pod
 pure vanilla extract
2 Tbsp boiling water
2 Tbsp light brown sugar
&#189; cup quick-cooking tapioca pearls
1 Tbsp sweetened condensed coconut milk
1&#189; cup ice cube
2 cup unsweetened oat milk"
994,How to Melt Chocolate,https://cdn.pickuplimes.com/cache/65/1f/651f9d23c1c89abbe79f99be47ed98e5.jpg,https://www.pickuplimes.com/recipe/melted-chocolate-994,PT06M,7.055 oz dairy-free dark chocolate
999,Layered Chocolate Raspberry Mousse,https://cdn.pickuplimes.com/cache/fa/22/fa22d6bd2056a6d7ef392435f80dcdcd.jpg,https://www.pickuplimes.com/recipe/layered-chocolate-raspberry-mousse-999,PT20M,"10.582 oz silken tofu
7.055 oz melted dairy-free dark chocolate
2 Tbsp granulated sugar
&#189; tsp pure vanilla extract
&#188; tsp ground cardamom
1&#189; cup fresh raspberries
2 cup fresh raspberries
&#189; cup vegan whipping cream
2 Tbsp granulated sugar
1 Tbsp cream stabilizer"
1001,Caramel Shards,https://cdn.pickuplimes.com/cache/ba/4b/ba4b6f3ab9881217a9c0106f35f1a090.jpg,https://www.pickuplimes.com/recipe/caramel-shards-1001,PT20M,"1 cup granulated sugar
6 Tbsp water"
708,Tiramisu-Inspired Trifle,https://cdn.pickuplimes.com/cache/bb/ba/bbba7ace62bef1e33d1f2612785bb816.jpg,https://www.pickuplimes.com/recipe/tiramisu-inspired-trifle-708,PT10M," espresso powder
&#188; cup boiling water
&#8531; cup cold water
&#189; tsp almond extract
1 cup plain vegan cream cheese
&#8531; cup sweetened condensed coconut milk
 pure vanilla extract
12 digestive cookie
 Dutch-processed cocoa powder"
987,Coconut Mango Passion Fruit Trifle,https://cdn.pickuplimes.com/cache/58/30/583094e0eb24707af8a1c29203f6e8dc.jpg,https://www.pickuplimes.com/recipe/coconut-mango-passion-fruit-trifle-987,PT19M,"&#190; cup passion fruit pulp
&#189; cup frozen mango chunks
 granulated sugar
1&#8531; cup coconut cream
2 Tbsp powdered sugar
 pure vanilla extract
5.82 oz Biscoff speculoos cookies
2 Tbsp unsalted vegan butter"
552,Chocolate Quinoa Porridge,https://cdn.pickuplimes.com/cache/d0/b2/d0b265739552c7dab0691bc6d2d39598.jpg,https://www.pickuplimes.com/recipe/chocolate-quinoa-porridge-552,PT30M,"1 cup uncooked quinoa
1&#189; cup unsweetened soy milk
1&#8532; cup canned full-fat coconut milk
3 Tbsp light brown sugar
3 Tbsp ground flaxseeds
3 Tbsp Dutch-processed cocoa powder
 pure vanilla extract
&#189; tsp ground cinnamon
&#188; tsp salt
2 banana
1 cup fresh mixed berries
1 cup unsweetened coconut yogurt"
320,Spicy Orange Glazed Tofu,https://cdn.pickuplimes.com/cache/02/74/0274f1d1830ead400b5717fb58d92134.jpg,https://www.pickuplimes.com/recipe/sticky-orange-glazed-tofu-320,PT42M,"11.464 oz firm tofu
1 Tbsp olive oil
1 Tbsp cornstarch
&#189; tsp salt
&#189; cup uncooked white rice
7.055 oz broccolini
1 red bell pepper
&#190; cup orange juice
2 garlic clove
 sriracha
2 Tbsp sodium-reduced soy sauce
&#189; Tbsp freshly grated ginger
&#189; Tbsp rice vinegar
1 Tbsp cornstarch
&#189; Tbsp agave syrup"
723,Vegan Chocolate Fudge,https://cdn.pickuplimes.com/cache/4f/b7/4fb71876edfca0f53777c5914f2a7753.jpg,https://www.pickuplimes.com/recipe/vegan-chocolate-fudge-723,PT02H10M,"10.582 oz dairy-free dark chocolate
1&#8531; cup sweetened condensed coconut milk
 pure vanilla extract"
945,Quick Pesto Couscous Salad,https://cdn.pickuplimes.com/cache/92/df/92df94ef7387425f8380f9f37bd276ce.jpg,https://www.pickuplimes.com/recipe/quick-pesto-couscous-salad-945,PT10M,"1 cup dry couscous
&#189; vegetable bouillon cube
1 cup boiling water
1 cup cherry tomatoes
&#189; cucumber
&#8531; cup kalamata olives
3.175 oz vegan feta
3 Tbsp fresh basil
3 Tbsp fresh mint leaves
3 Tbsp fresh parsley
&#190; cup cooked brown lentils
&#188; cup vegan green pesto"
898,Harissa Spiced Beans,https://cdn.pickuplimes.com/cache/db/c2/dbc2756c2bd5af68d959b1a29251326b.jpg,https://www.pickuplimes.com/recipe/harissa-spiced-beans-898,PT15M," olive oil
1 small onion
1 garlic clove
1 yellow bell pepper
1&#189; cup cooked butter beans
10 cherry tomatoes
2 Tbsp harissa sauce
&#188; tsp salt
&#8539; tsp ground black pepper
&#189; lemon
&#189; cup unsweetened coconut yogurt
&#189; avocado
2 small pita bread"
706,"Vegan ""Egg"" Salad Sandwich",https://cdn.pickuplimes.com/cache/f4/24/f424515864d53b680a5ecc3d35472dae.jpg,https://www.pickuplimes.com/recipe/vegan-egg-salad-sandwich-706,PT15M,"11.464 oz firm tofu
&#189; cup vegan mayonnaise
2 Tbsp nutritional yeast flakes
2 Tbsp fresh chives
1&#189; tsp dijon mustard
&#189; tsp curry powder
&#188; tsp ground turmeric
&#188; tsp kala namak
&#188; tsp ground black pepper
3 romaine lettuce leaf
&#189; cucumber
6 slice whole wheat bread"
896,Instant Thai Curry Noodle Soup,https://cdn.pickuplimes.com/cache/b8/bd/b8bdf3793f9203921cbd8fd36e74bf21.jpg,https://www.pickuplimes.com/recipe/instant-thai-curry-noodle-soup-896,PT15M,"&#188; cup coconut cream
1 Tbsp Thai green curry paste
1 garlic clove
3.951 oz firm tofu
&#188; cup shredded red cabbage
&#189; carrot
&#188; red bell pepper
1 vegetable bouillon cube
&#189; cup fresh spinach
1.764 oz dry white vermicelli noodles
2 cup boiling water"
714,High Protein Vegan Pancakes,https://cdn.pickuplimes.com/cache/20/cc/20cca0888c8f6a8118c9e995dcd4d9cb.jpg,https://www.pickuplimes.com/recipe/high-protein-vegan-pancakes-714,PT30M,"10.582 oz silken tofu
1&#189; cup unsweetened pea milk
2 Tbsp maple syrup
 pure vanilla extract
 fresh lemon juice
3&#189; cup spelt flour
 baking powder
 baking soda
 ground cinnamon
&#188; tsp salt
1 Tbsp vegetable oil
1 cup unsweetened soy Greek-style yogurt
1 cup fresh mixed berries
&#8531; cup mixed unsalted roasted nuts
2 Tbsp roasted pumpkin seeds"
589,Leek & Spinach Tofu Quiche,https://cdn.pickuplimes.com/cache/ca/75/ca755ff134cd3da9354ffcbd95e2ed41.jpg,https://www.pickuplimes.com/recipe/leek-and-spinach-tofu-quiche-589,PT01H10M,"2 medium leek
1 Tbsp vegetable oil
1 medium onion
3 garlic clove
&#189; tsp salt
5 cup fresh spinach
&#189; vegetable bouillon cube
 dried thyme
 dried parsley
&#189; tsp ground black pepper
9.524 oz vegan puff pastry dough
1 Tbsp breadcrumbs
22.928 oz firm tofu
1&#188; lemon
&#188; cup nutritional yeast flakes
1 Tbsp cornstarch
 dijon mustard
 ground turmeric
&#189; tsp kala namak
1 cup cherry tomatoes"
784,Avocado Toast with Chipotle Bean Spread,https://cdn.pickuplimes.com/cache/f2/34/f2343d8f1afafaf9c75e22ce370d91a6.jpg,https://www.pickuplimes.com/recipe/avocado-toast-with-chipotle-bean-spread-784,PT17M,"1&#189; cup cooked cannellini beans
1&#189; Tbsp chipotle adobo sauce
1 Tbsp nutritional yeast flakes
 maple syrup
&#189; tsp onion powder
&#189; tsp garlic powder
&#189; tsp salt
&#188; tsp ground black pepper
 olive oil
4 slice multigrain bread
 olive oil
1 cup canned corn
1 avocado
1 stalk green onion"
74,Vegan Chocolate Cake,https://cdn.pickuplimes.com/cache/33/c4/33c4050a535852ffec9fcab399718cc9.jpg,https://www.pickuplimes.com/recipe/easy-vegan-chocolate-cake-74,PT01H20M,"1 cup unsweetened soy milk
1 Tbsp white vinegar
2 cup all-purpose flour
1&#189; cup granulated sugar
1 cup Dutch-processed cocoa powder
 baking powder
1&#189; tsp baking soda
&#189; tsp salt
&#190; cup unsweetened applesauce
&#189; cup brewed espresso
&#189; cup refined coconut oil
&#189; Tbsp pure vanilla extract
7.901 oz unsalted vegan butter
2&#188; cup powdered sugar
&#190; cup Dutch-processed cocoa powder
&#8531; cup unsweetened soy milk
 pure vanilla extract
&#8531; cup melted dairy-free dark chocolate"
843,Vegan Chocolate Buttercream Frosting,https://cdn.pickuplimes.com/cache/f2/9d/f29d5be393be5f3c623b98a3d5e3b7da.jpg,https://www.pickuplimes.com/recipe/vegan-chocolate-buttercream-frosting-843,PT08M,"7.901 oz unsalted vegan butter
2&#188; cup powdered sugar
&#190; cup Dutch-processed cocoa powder
&#8531; cup unsweetened soy milk
 pure vanilla extract
&#8531; cup melted dairy-free dark chocolate"
889,Homemade Beet Pasta,https://cdn.pickuplimes.com/cache/2d/bd/2dbdbf9d17ab906ac0f4c5076c4c4af9.jpg,https://www.pickuplimes.com/recipe/homemade-beet-pasta-889,PT01H15M,"3.527 oz cooked beet
&#188; cup water
2 cup type 00 flour
&#188; tsp salt"
836,Creamy Harissa Pasta,https://cdn.pickuplimes.com/cache/e5/ee/e5eea3d67514813735e27b5a987035a1.jpg,https://www.pickuplimes.com/recipe/creamy-vegan-harissa-pasta-836,PT15M,"8.818 oz dry linguine noodles
 olive oil
1 medium onion
3 garlic clove
2 roasted red bell pepper from a jar
2 cup fresh spinach
1&#189; Tbsp tomato paste
1 vegetable bouillon cube
2 Tbsp harissa sauce
1 Tbsp dried oregano
&#189; tsp paprika powder
&#188; tsp salt
&#189; cup water
1 cup soy cooking cream
1 cup frozen green peas
3 Tbsp nutritional yeast flakes
3 Tbsp roasted pine nuts
&#189; lemon"
802,Miso Sesame Soba Noodles,https://cdn.pickuplimes.com/cache/e1/e7/e1e73fc4c302e81785c94e66b4c3eada.jpg,https://www.pickuplimes.com/recipe/miso-sesame-soba-noodles-802,PT20M,"&#188; cup rice vinegar
&#188; cup tahini
3 Tbsp white miso paste
2 Tbsp dark soy sauce
2 garlic clove
 toasted sesame oil
 maple syrup
 freshly grated ginger
6.349 oz dry soba noodles
 vegetable oil
4.938 oz shiitake mushrooms
1&#189; cup frozen shelled edamame
1 avocado
6 small raw radish
1 stalk green onion
1 Tbsp toasted sesame seeds"
640,Mushroom & Kidney Bean Coconut Curry,https://cdn.pickuplimes.com/cache/06/61/0661fc207615af50abce74c77469e356.jpg,https://www.pickuplimes.com/recipe/mushroom-kidney-bean-coconut-curry-640,PT20M,"1&#188; cup uncooked white rice
 vegetable oil
1 medium onion
3 garlic clove
1 jalapeño
 freshly grated ginger
8.642 oz button mushrooms
1 Tbsp garam masala
 ground cumin
 ground coriander
&#189; tsp salt
1&#8532; cup canned crushed tomatoes
1&#8532; cup canned full-fat coconut milk
1&#8531; cup cooked kidney beans
2 cup fresh spinach
&#189; lime"
700,Vegan Onigirazu: Rice Sandwiches,https://cdn.pickuplimes.com/cache/e3/4f/e34f939abacacf2397b02f64a80359e7.jpg,https://www.pickuplimes.com/recipe/vegan-onigirazu-rice-sandwiches-700,PT43M,"1&#189; cup uncooked Japanese short-grain rice
2 cup cooked chickpeas
&#188; cup chopped pickles
&#188; cup vegan mayonnaise
3 Tbsp minced onion
2 Tbsp ketchup
1&#189; Tbsp rice vinegar
 granulated sugar
&#188; tsp salt
6 nori seaweed sheet
&#189; cucumber
&#189; cup shredded red cabbage
6 butter lettuce leaf"
679,Chickpea Caesar Salad Wrap,https://cdn.pickuplimes.com/cache/64/96/64964d0dafc214d29e6ce90b5f1915e6.jpg,https://www.pickuplimes.com/recipe/chickpea-caesar-salad-wrap-679,PT19M,"1 cup cooked chickpeas
 olive oil
&#188; tsp salt
&#189; cup unsweetened soy yogurt
2 Tbsp vegan mayonnaise
2 Tbsp nutritional yeast flakes
&#189; lemon
 capers
&#189; tsp garlic powder
&#188; tsp salt
&#188; tsp ground black pepper
1 cup cooked chickpeas
2 large soft tortilla
1&#189; cup romaine lettuce"
267,Dill Pasta Salad with a Tahini Dressing,https://cdn.pickuplimes.com/cache/2a/14/2a14a5eb6841c6b8989bb4f0981b2f86.jpg,https://www.pickuplimes.com/recipe/dill-pasta-salad-with-a-tahini-dressing-267,PT20M,"3 cup dry fusilli pasta
2 red bell pepper
&#189; cucumber
&#190; cup fresh dill
&#189; cup kalamata olives
&#188; medium red onion
1&#189; cup cooked chickpeas
&#189; cup tahini
&#8531; cup water
1&#188; lemon
2 garlic clove
1 Tbsp olive oil
1 Tbsp red wine vinegar
 ground cumin
 paprika powder
&#188; tsp salt"
729,Blueberry Almond Oatmeal,https://cdn.pickuplimes.com/cache/ec/63/ec63b2c92c63bb9d683b08cc1d3ef8ef.jpg,https://www.pickuplimes.com/recipe/blueberry-almond-oatmeal-729,PT15M,"1 cup rolled oats
2 cup unsweetened almond milk
1 banana
&#189; cup frozen blueberries
2 Tbsp ground flaxseeds
2 Tbsp maple syrup
&#189; tsp pure vanilla extract
&#8539; tsp almond extract
1 banana
&#189; cup fresh blueberries
&#8532; cup unsweetened coconut yogurt
3 Tbsp almond butter"
736,Savoury Miso Sesame Oatmeal,https://cdn.pickuplimes.com/cache/29/27/2927afa0ad2e074b253b4beecb2355cf.jpg,https://www.pickuplimes.com/recipe/savoury-miso-sesame-oatmeal-736,PT15M,"&#189; cup frozen shelled edamame
1 cup rolled oats
1&#8532; cup canned light coconut milk
&#8531; cup water
&#189; vegetable bouillon cube
 toasted sesame oil
&#188; tsp garlic powder
1 stalk green onion
 white miso paste
 sriracha
&#188; tsp ground black pepper
4 small raw radish
2 Tbsp pickled red onions
 toasted sesame seeds
1 pinch chili flakes"
778,Chipotle Spiced Black Bean Oatmeal,https://cdn.pickuplimes.com/cache/bd/c5/bdc558d76ef1bd476f42d493a23f714a.jpg,https://www.pickuplimes.com/recipe/chipotle-spiced-black-bean-oatmeal-778,PT15M,"1 cup rolled oats
1&#189; cup unsweetened almond milk
&#189; cup water
1 vegetable bouillon cube
 diced chipotle peppers in adobo sauce
 Mexican seasoning
&#190; cup canned corn
&#190; cup cooked black beans
&#190; cup salsa
&#189; avocado"
732,Mocha Hazelnut Oatmeal,https://cdn.pickuplimes.com/cache/01/77/0177e63948b20fda01710937283c1e46.jpg,https://www.pickuplimes.com/recipe/mocha-hazelnut-oatmeal-732,PT15M,"1 cup rolled oats
2 cup unsweetened almond milk
&#8531; cup Dutch-processed cocoa powder
 instant coffee granules
1 pinch salt
0.882 oz dairy-free dark chocolate
2 Tbsp maple syrup
1 banana
&#189; cup unsweetened coconut yogurt
2 Tbsp hazelnut butter
1 Tbsp roasted unsalted hazelnuts
0.882 oz dairy-free dark chocolate"
731,Gingerbread Oatmeal with Caramelized Pear,https://cdn.pickuplimes.com/cache/9e/65/9e654cbdd678fee928e1349c7a065830.jpg,https://www.pickuplimes.com/recipe/gingerbread-oatmeal-with-caramelized-pear-731,PT15M,"1 cup rolled oats
2 cup unsweetened soy milk
 ground cinnamon
&#189; tsp ground ginger
&#188; tsp ground cloves
&#8539; tsp ground allspice
2 Tbsp ground flaxseeds
 maple syrup
 blackstrap molasses
1 pear
 maple syrup
&#189; cup unsweetened coconut yogurt
3 Tbsp roasted unsalted pecans"
783,Homemade Hazelnut Butter,https://cdn.pickuplimes.com/cache/e4/4f/e44f677c73eac6c0ea62164b0d0fce15.jpg,https://www.pickuplimes.com/recipe/homemade-hazelnut-butter-783,PT18M,3 cup raw blanched hazelnuts
737,Peppermint Mocha,https://cdn.pickuplimes.com/cache/94/a7/94a7dbc7600e7252634e18942f9ddb1d.jpg,https://www.pickuplimes.com/recipe/peppermint-mocha-737,PT07M,"1 Tbsp granulated sugar
 Dutch-processed cocoa powder
 instant coffee granules
0.212 oz dairy-free dark chocolate
 peppermint candies
&#189; cup boiling water
2 cup barista oat milk"
738,Blue Butterfly Pea Latte,https://cdn.pickuplimes.com/cache/89/e4/89e4893b207a185aced64f7d6e0972a0.jpg,https://www.pickuplimes.com/recipe/blue-butterfly-pea-latte-738,PT10M,"2&#188; tsp butterfly pea powder
 vanilla sugar
&#188; tsp ground ginger
&#188; tsp ground cardamom
2 Tbsp boiling water
2 cup barista oat milk"
718,Golden Latte Instant Mix,https://cdn.pickuplimes.com/cache/74/32/7432e5c5c2d3bdcb209902bd83255589.jpg,https://www.pickuplimes.com/recipe/golden-latte-instant-mix-718,PT05M,"3 Tbsp ground turmeric
2 Tbsp ground cinnamon
2 Tbsp vanilla sugar
1&#189; Tbsp granulated sugar
1&#189; tsp ground cardamom
 ground ginger
&#188; tsp ground nutmeg
&#8539; tsp ground black pepper"
733,Red Velvet Latte,https://cdn.pickuplimes.com/cache/93/d4/93d461310a0648394846bc350ac5e34c.jpg,https://www.pickuplimes.com/recipe/red-velvet-latte-733,PT05M,"1 Tbsp  beetroot powder
 Dutch-processed cocoa powder
 espresso powder
1&#189; tsp vanilla sugar
1&#189; tsp granulated sugar
&#188; cup boiling water
2 cup barista oat milk"
740,Vanilla Coconut Matcha Latte,https://cdn.pickuplimes.com/cache/07/36/0736d05187f4625eefba7a6c937939a1.jpg,https://www.pickuplimes.com/recipe/vanilla-coconut-matcha-latte-740,PT05M," vanilla sugar
 matcha powder
 coconut sugar
1&#189; cup barista oat milk
1 cup canned light coconut milk
&#188; cup hot water"
726,Homemade Vanilla Sugar,https://cdn.pickuplimes.com/cache/4e/c6/4ec63769b947d863c25ce8d0af6ee676.jpg,https://www.pickuplimes.com/recipe/homemade-vanilla-sugar-726,P14DT00H05M,"2 cup granulated sugar
1 vanilla pod"
651,Super Seed Mix,https://cdn.pickuplimes.com/cache/4d/af/4daff04eea08b240e8a8b1b04a09b3ee.jpg,https://www.pickuplimes.com/recipe/super-seed-mix-651,PT03M,"&#189; cup raw pumpkin seeds
&#189; cup raw sunflower seeds
&#8531; cup raw walnuts
3 Tbsp ground flaxseeds
3 Tbsp hemp seeds
3 Tbsp whole chia seeds
3 Tbsp toasted sesame seeds"
328,Spicy Chipotle Fajitas,https://cdn.pickuplimes.com/cache/a8/2e/a82e56455e01e3d3d288d6728ea67959.jpg,https://www.pickuplimes.com/recipe/vegan-chipotle-fajitas-328,PT25M,"1 Tbsp vegetable oil
1 medium onion
3 garlic clove
&#189; tsp salt
3 bell pepper
1&#189; cup mock chicken pieces
 ground cumin
 dried oregano
 paprika powder
&#189; tsp chili powder
&#188; tsp ground black pepper
12 small soft tortilla
3 Tbsp diced chipotle peppers in adobo sauce
1 avocado
&#8532; cup salsa
&#189; cup shredded red cabbage
1 lime"
213,Spicy Garlic Wok Noodles,https://cdn.pickuplimes.com/cache/80/0c/800cc3cf99b892d4a0af69d76d894cb3.jpg,https://www.pickuplimes.com/recipe/spicy-garlic-wok-noodles-213,PT40M,"1 Tbsp vegetable oil
11.464 oz firm tofu
1 Tbsp ketjap manis
&#189; Tbsp vegetable oil
3 medium shallot
5 garlic clove
1 small broccoli
6.526 oz quick-cooking ramen noodles
1 red bell pepper
1 cup cherry tomatoes
2 Tbsp dark soy sauce
2 Tbsp sambal oelek
 toasted sesame oil"
123,Toasted Coconut & Almond Granola,https://cdn.pickuplimes.com/cache/8b/fc/8bfc81a69099b09c7d574e8a2824c5d8.jpg,https://www.pickuplimes.com/recipe/toasted-coconut-almond-granola-123,PT01H10M,"3 cup rolled oats
1 cup raw almonds
&#189; cup raw pumpkin seeds
&#189; cup raw sunflower seeds
&#190; cup unsweetened shredded coconut
&#189; cup maple syrup
&#188; cup refined coconut oil
&#188; tsp salt"
26,Potato & Red Lentil Soup,https://cdn.pickuplimes.com/cache/dd/7f/dd7f93dd6beaa156f6eae8530096d21e.jpg,https://www.pickuplimes.com/recipe/turkish-red-lentil-soup-26,PT55M,"2 Tbsp vegetable oil
2 medium onion
&#189; tsp salt
 vegetable oil
1 medium onion
3 cup water
2 vegetable bouillon cube
1 cup dry red lentils
1 medium potato
1 Tbsp paprika powder
 onion powder
 garlic powder
 balsamic vinegar
&#8539; tsp ground black pepper
1 pinch salt
1 cup unsweetened coconut yogurt
3 slice whole wheat bread
&#189; lemon"
255,Coconut & Tofu Thai Red Curry,https://cdn.pickuplimes.com/cache/c1/51/c1511bfc389e13eb1fff3634045d438e.jpg,https://www.pickuplimes.com/recipe/coconut-tofu-thai-red-curry-255,PT40M,"&#189; Tbsp vegetable oil
3 medium shallot
2 garlic clove
2 medium potato
3 Tbsp Thai red curry paste
&#190; cup water
1 cup uncooked basmati rice
12.346 oz pre-seasoned tofu strips
2 red bell pepper
1 small broccoli
1&#8532; cup canned full-fat coconut milk
1 Tbsp sodium-reduced soy sauce
 sambal oelek
3 Tbsp roasted unsalted cashews"
678,Fruity Caramelized Onion & Feta Pizza,https://cdn.pickuplimes.com/cache/d9/aa/d9aaf385f5b6d82351ad12eb902f2500.jpg,https://www.pickuplimes.com/recipe/fruity-caramelized-onion-feta-pizza-678,PT45M,"1 Tbsp olive oil
2 medium onion
 Italian seasoning
2.116 oz firm tofu
2 Tbsp refined coconut oil
&#189; Tbsp nutritional yeast flakes
&#189; Tbsp apple cider vinegar
&#189; tsp onion powder
&#189; tsp salt
1 pinch dried dill
2 medium ready-made pizza crust
 olive oil
1 cup red grapes
1 pear
1 cup arugula
2 Tbsp balsamic reduction"
701,Homemade Pizza Dough,https://cdn.pickuplimes.com/cache/5c/42/5c42ba2b63f9614193f7c5eb5c64903a.jpg,https://www.pickuplimes.com/recipe/homemade-pizza-dough-701,PT03H48M," instant yeast
&#190; cup 2 Tbsp lukewarm water
2&#189; cup type 00 flour
 salt
2 Tbsp olive oil
2 Tbsp breadcrumbs"
643,Homemade Italian Seasoning,https://cdn.pickuplimes.com/cache/a1/3c/a13c6871a363fe2a39bf2f5f99c288dc.jpg,https://www.pickuplimes.com/recipe/italian-inspired-spice-mix-643,PT03M,"2 Tbsp dried oregano
2 Tbsp dried basil
2 Tbsp dried parsley
1 Tbsp dried rosemary
1 Tbsp dried thyme"
711,Balsamic Vinegar Reduction,https://cdn.pickuplimes.com/cache/3e/e8/3ee8d3344ec41e840af1edfcaaefb188.jpg,https://www.pickuplimes.com/recipe/balsamic-vinegar-reduction-711,PT17M,"1 cup balsamic vinegar
1 Tbsp granulated sugar"
391,Ras El Hanout Spice Mix,https://cdn.pickuplimes.com/cache/82/1d/821d1704619f2c642e2ee36bbe1841d4.jpg,https://www.pickuplimes.com/recipe/ras-el-hanout-spice-mix-391,PT05M,"2 Tbsp ground cumin
2 Tbsp ground ginger
1 Tbsp ground coriander
1 Tbsp cayenne pepper
1 Tbsp ground allspice
1 Tbsp ground turmeric
1 Tbsp ground cinnamon
 ground black pepper
1&#189; tsp ground cloves"
686,Aushak - Afghan Dumplings,https://cdn.pickuplimes.com/cache/24/c1/24c1f84f70b4b9b3102370e7329c4c7a.jpg,https://www.pickuplimes.com/recipe/aushak-afghan-dumplings-686,PT01H30M,"2 medium leek
1 Tbsp vegetable oil
 salt
12 stalk green onion
 chili powder
&#188; tsp ground black pepper
40 vegan round dumpling wrapper
2 cup unsweetened soy yogurt
2 garlic clove
 dried mint leaves
&#189; tsp salt
&#188; cup vegetable oil
1 medium yellow onion
2 garlic clove
1 green chili pepper
 ground coriander
 paprika powder
 salt
&#189; tsp ground black pepper
1&#189; cup veggie ground
1 cup water
&#188; cup tomato paste"
684,Bolani - Afghan Stuffed Flatbread,https://cdn.pickuplimes.com/cache/ae/d5/aed5945e1637fb57ee323e90eaa5a11f.jpg,https://www.pickuplimes.com/recipe/bolani-afghan-stuffed-flatbread-684,PT01H40M,"1 cup lukewarm water
1&#189; Tbsp vegetable oil
1&#189; tsp salt
&#189; tsp instant yeast
3 cup 1 Tbsp bread flour
2 large potato
6 stalk green onion
1 cup fresh cilantro
1 green chili pepper
 ground coriander
 salt
&#189; tsp ground turmeric
&#189; tsp ground black pepper
2&#189; Tbsp vegetable oil"
688,Borani Banjan - Afghan Eggplant Dish,https://cdn.pickuplimes.com/cache/d5/9c/d59cd53942d66e6a718505177f4d2f27.jpg,https://www.pickuplimes.com/recipe/borani-banjan-afghan-eggplant-dish-688,PT01H00M,"4 small eggplant
1&#188; cup vegetable oil
4 garlic clove
2 green chili pepper
3 medium tomato
2 Tbsp tomato paste
&#189; tsp ground turmeric
 salt
1 medium yellow onion
2 medium tomato
1 cup unsweetened soy yogurt
2 garlic clove
&#189; tsp salt"
238,Afghan Green Chutney,https://cdn.pickuplimes.com/cache/7b/df/7bdfa57c3d4b95ac66dc71ac667651df.jpg,https://www.pickuplimes.com/recipe/afghan-green-chutney-238,PT08H10M,"3 cup fresh parsley
3 cup fresh cilantro
5 garlic clove
&#189; cup raw walnuts
3 green chili pepper
 salt
&#188; tsp ground black pepper
1 cup white vinegar"
410,Kichaloo Banjan - Afghan Potato Eggplant Dish,https://cdn.pickuplimes.com/cache/91/e3/91e38523d140e237abcc9ad64a9eebd1.jpg,https://www.pickuplimes.com/recipe/kichaloo-banjan-afghan-potato-eggplant-dish-410,PT03H10M,"3 small eggplant
 salt
2 Tbsp vegetable oil
3 medium potato
3 medium tomato
 vegetable oil
3 garlic clove
&#189; tsp ground turmeric
&#188; tsp salt
&#190; cup boiling water
1 cup unsweetened soy yogurt
1 garlic clove
&#189; tsp salt"
687,Shola - Afghan Savoury Sticky Rice,https://cdn.pickuplimes.com/cache/1c/34/1c34de324cf4e8172585ce2a2947dafe.jpg,https://www.pickuplimes.com/recipe/shola-afghan-savoury-sticky-rice-687,PT01H30M,"&#188; cup vegetable oil
2 medium yellow onion
2 garlic clove
2 Tbsp tomato paste
1&#189; tsp paprika powder
 ground turmeric
 ground cumin
&#188; tsp ground black pepper
5 cup water
1 cup dry mung beans
2&#189; cup uncooked short-grain white rice
&#188; cup dried dill
1&#189; tsp salt
1 cup dry split yellow chickpeas
&#188; cup vegetable oil
2 medium yellow onion
4 garlic clove
2 Tbsp tomato paste
 salt
 ground turmeric
 ground black pepper
&#188; cup water
1 cup unsweetened soy yogurt
2 garlic clove
&#189; tsp salt"
407,Salata - Afghan Salad,https://cdn.pickuplimes.com/cache/1a/aa/1aaa0365388fcc2fb61ba0bcbbbddfe6.jpg,https://www.pickuplimes.com/recipe/salata-afghan-salad-407,PT05M,"2 medium tomato
&#189; cucumber
&#189; small red onion
&#189; lime
 dried mint leaves
&#188; tsp salt"
685,Shir Berinj - Afghan Rice Pudding,https://cdn.pickuplimes.com/cache/a7/c7/a7c7f6e8d77be949c14c09aa362a7fef.jpg,https://www.pickuplimes.com/recipe/shir-berinj-afghan-rice-pudding-685,PT45M,"1 cup uncooked short-grain white rice
&#188; cup water
3 cup unsweetened oat milk
&#188; cup granulated sugar
2 Tbsp rose water
&#188; tsp ground cardamom"
689,Kitchiri - Herati Afghan Rice,https://cdn.pickuplimes.com/cache/3d/64/3d646dd7aa940f034f376ab3a790a5e5.jpg,https://www.pickuplimes.com/recipe/kitchiri-herati-afghan-rice-689,PT01H00M,"&#189; cup dry split mung beans
1 cup uncooked basmati rice
&#188; cup vegetable oil
1 medium onion
 ground cumin
&#189; tsp ground turmeric
&#189; tsp salt
&#189; tsp ground black pepper
1 cup water
&#189; cup unsweetened soy yogurt
1 garlic clove
&#188; tsp salt"
585,Chickpea & Rice Tortilla Soup,https://cdn.pickuplimes.com/cache/dd/95/dd95fa348cb30f94d78480b0ce71cf57.jpg,https://www.pickuplimes.com/recipe/chickpea-and-rice-tortilla-soup-585,PT40M,"1 Tbsp vegetable oil
1 medium onion
4 garlic clove
2 cup canned diced tomatoes
2 Tbsp burrito seasoning
6 cup boiling water
2 vegetable bouillon cube
2&#189; cup cooked chickpeas
&#190; cup uncooked white rice
&#188; tsp salt
&#188; tsp ground black pepper
4 large soft tortilla
1 Tbsp vegetable oil
&#189; tsp salt
&#8539; tsp ground black pepper"
596,Roasted Vegetable Salad with Crispy Chickpeas,https://cdn.pickuplimes.com/cache/f2/17/f2179c0c96525358357bea553afd89ab.jpg,https://www.pickuplimes.com/recipe/roasted-vegetable-salad-with-crispy-chickpeas-596,PT55M,"1&#189; cup cooked chickpeas
 vegetable oil
1 Tbsp burrito seasoning
4 medium potato
4 carrot
6 garlic clove
2 Tbsp vegetable oil
1 Tbsp burrito seasoning
2 medium onion
6 cup fresh spinach
1 cup frozen green peas
1 cup unsweetened soy yogurt
&#188; tsp salt
&#188; tsp ground black pepper"
592,Macaroni Salad with Lentil Quesadillas,https://cdn.pickuplimes.com/cache/78/1a/781a32df6bbac4612f14440dd9fcc2ab.jpg,https://www.pickuplimes.com/recipe/macaroni-salad-with-lentil-quesadillas-592,PT40M,"1 cup dry green lentils
3 Tbsp canned crushed tomatoes
2 Tbsp burrito seasoning
4 large soft tortilla
1 Tbsp vegetable oil
1 cup dry whole wheat macaroni
1 cup frozen green peas
1 carrot
&#190; cup unsweetened soy yogurt
2 Tbsp minced onion
2 Tbsp burrito seasoning
&#189; vegetable bouillon cube
1 pinch ground black pepper
1 cup canned diced tomatoes
&#188; medium onion
1 garlic clove
1 pinch salt
1 pinch ground black pepper"
601,Baked Lentil & Potato Patty Wraps,https://cdn.pickuplimes.com/cache/d8/d5/d8d56f5216cddec689596fbe68b9d092.jpg,https://www.pickuplimes.com/recipe/baked-lentil-potato-patty-wraps-601,PT01H10M,"2 medium potato
&#189; cup dry green lentils
1 Tbsp roti masala spice mix
&#189; tsp salt
&#188; tsp ground black pepper
1 cup unsweetened soy yogurt
1 garlic clove
&#189; tsp salt
&#188; tsp ground black pepper
 vegetable oil
3 carrot
1 medium onion
4 large soft tortilla
2 cup fresh spinach"
591,Potato & Spinach Curry,https://cdn.pickuplimes.com/cache/0c/de/0cdefd8644155da51d763f208d52a018.jpg,https://www.pickuplimes.com/recipe/potato-spinach-curry-591,PT35M,"1 Tbsp vegetable oil
1 medium onion
2 garlic clove
1&#189; vegetable bouillon cube
3 Tbsp roti masala spice mix
3 medium potato
1 carrot
1 cup cooked chickpeas
1 cup canned crushed tomatoes
1 cup water
1 cup canned full-fat coconut milk
2 cup fresh spinach
1 cup frozen green peas
 vegetable oil
2 garlic clove
2 large soft tortilla"
325,Banana Coffee Muffins,https://cdn.pickuplimes.com/cache/55/09/5509321b043979dbc80867e04848c9b6.jpg,https://www.pickuplimes.com/recipe/banana-coffee-muffins-325,PT24M,"3 ripe banana
&#190; cup unsweetened almond milk
1 Tbsp refined coconut oil
1&#189; cup oat flour
1 cup chickpea flour
&#189; cup granulated sugar
1 Tbsp instant coffee granules
 baking powder
&#188; tsp salt
 granulated sugar
&#188; tsp ground cinnamon
12 raw pecans"
381,Vegan Green Pesto,https://cdn.pickuplimes.com/cache/1b/fd/1bfd4fcc0c096729fa03949d887eedae.jpg,https://www.pickuplimes.com/recipe/vegan-green-pesto-381,PT15M,"&#189; cup raw walnuts
&#189; cup raw pine nuts
1 cup fresh basil
1 cup arugula
&#8531; cup nutritional yeast flakes
&#188; cup olive oil
&#188; cup water
2 garlic clove
1 lemon
&#188; tsp ground black pepper
&#188; tsp flaked sea salt"
653,Pretzel Stuffed Dates,https://cdn.pickuplimes.com/cache/d1/92/d1922b4fad42341c79d2c67f59bdf0ea.jpg,https://www.pickuplimes.com/recipe/pretzel-stuffed-dates-653,PT08M,"12 Medjool date
6 pretzel stick
2 Tbsp peanut butter"
650,Peanut Butter Cookie Dough Energy Balls,https://cdn.pickuplimes.com/cache/56/46/5646ecd367e1fb868261336da70434ab.jpg,https://www.pickuplimes.com/recipe/peanut-butter-cookie-dough-energy-balls-650,PT10M,"1 cup puffed rice
1 cup peanut butter
&#189; cup unsweetened toasted shredded coconut
2 Tbsp maple syrup
&#189; tsp pure vanilla extract
&#188; tsp salt
&#188; cup mini dark chocolate chips"
649,Lemon Yogurt Parfait,https://cdn.pickuplimes.com/cache/e2/4e/e24e1c011914391e1980a1cf6cba098a.jpg,https://www.pickuplimes.com/recipe/lemon-yogurt-parfait-649,PT04M,"&#188; cup unsweetened soy Greek-style yogurt
1 Tbsp cashew butter
&#189; tsp maple syrup
&#188; tsp lemon zest
&#8539; tsp pure vanilla extract
1 digestive cookie
&#188; cup fresh strawberries"
652,Super Seed Nut Butter,https://cdn.pickuplimes.com/cache/c4/bc/c4bcd429e743ebf6629fe41ee2065b7b.jpg,https://www.pickuplimes.com/recipe/superseed-nut-butter-652,PT05M,"1&#189; cup peanut butter
2 Tbsp roasted pumpkin seeds
2 Tbsp roasted sunflower seeds
1 Tbsp whole chia seeds
1 Tbsp hemp seeds
1 Tbsp toasted sesame seeds
1 Tbsp ground flaxseeds"
654,Super Seed Stuffed Dates,https://cdn.pickuplimes.com/cache/22/8a/228a795762da6b2d5109456b94b404a7.jpg,https://www.pickuplimes.com/recipe/superseed-stuffed-dates-654,PT12M,"15 Medjool date
2 Tbsp peanut butter
 raw pumpkin seeds
 raw sunflower seeds
&#189; tsp whole chia seeds
&#189; tsp toasted sesame seeds
&#189; tsp hemp seeds"
600,Vegan Sweetened Condensed Milk,https://cdn.pickuplimes.com/cache/8b/9e/8b9e752781b359dc6161bbe1f39ca241.jpg,https://www.pickuplimes.com/recipe/vegan-sweetened-condensed-milk-600,PT50M,"1&#189; cup canned full-fat coconut milk
&#189; cup granulated sugar"
655,Sweetened Condensed Milk Iced Coffee,https://cdn.pickuplimes.com/cache/9d/cb/9dcb1ab14425163894f4ae8958b1ddb4.jpg,https://www.pickuplimes.com/recipe/sweetened-condensed-milk-iced-coffee-655,PT05M,"&#8531; cup brewed espresso
&#188; cup sweetened condensed coconut milk
2 cup ice cube
1 cup unsweetened oat milk"
476,Coconut Vanilla Iced Coffee with Coffee Whip,https://cdn.pickuplimes.com/cache/dd/45/dd453693ccc65257821360cf5b4f623a.jpg,https://www.pickuplimes.com/recipe/coconut-vanilla-iced-coffee-with-coffee-whip-476,PT05H10M,"1 cup strong pour-over coffee
3 cup unsweetened coconut milk beverage
 pure vanilla extract
&#188; cup hot water
&#188; cup granulated sugar
 espresso powder"
470,Cold Brew Coffee with Vanilla Cream,https://cdn.pickuplimes.com/cache/46/25/4625e36fcebd1fae320159a7061ebafd.jpg,https://www.pickuplimes.com/recipe/cold-brew-coffee-with-vanilla-cream-470,PT12H07M,"1 cup whole coffee beans
3 cup water
1 cup vegan whipping cream
&#189; cup unsweetened soy milk
1 Tbsp pure vanilla extract
1 Tbsp agave syrup
1&#189; cup cold water
1&#188; cup ice cube"
558,Cereal Crunch Frozen Yogurt Breakfast Bars,https://cdn.pickuplimes.com/cache/2d/94/2d943bc40ba6b5790a302faf47690467.jpg,https://www.pickuplimes.com/recipe/cereal-crunch-frozen-yogurt-breakfast-bars-558,PT03H11M,"1 cup peanut butter
&#189; cup Medjool date
&#189; cup unsweetened soy milk
2 Tbsp ground flaxseeds
1 cup puffed rice
1&#189; cup bran flakes with red berries
&#189; cup dried cranberries
1 cup unsweetened soy yogurt
3 Tbsp freeze-dried strawberries
 lemon zest"
576,Double Chocolate Granola,https://cdn.pickuplimes.com/cache/eb/14/eb144710e5e9a327562b9a17218463e6.jpg,https://www.pickuplimes.com/recipe/double-chocolate-granola-576,PT31M,"2 cup rolled oats
&#189; cup raw pumpkin seeds
&#189; cup raw sunflower seeds
&#189; cup raw walnuts
&#189; cup raw pecans
&#8531; cup Dutch-processed cocoa powder
&#188; cup unsweetened shredded coconut
2 Tbsp whole chia seeds
&#189; tsp salt
&#189; cup maple syrup
&#188; cup refined coconut oil
 pure vanilla extract
1.764 oz dairy-free dark chocolate"
590,Baked Tortilla Chips,https://cdn.pickuplimes.com/cache/04/c2/04c2d5d4e891bdc9d2709743d9d127c2.jpg,https://www.pickuplimes.com/recipe/baked-tortilla-chips-590,PT13M,"4 large soft tortilla
1&#189; Tbsp vegetable oil
&#189; tsp salt
&#188; tsp paprika powder
&#8539; tsp ground black pepper"
582,Chipotle Refried Beans,https://cdn.pickuplimes.com/cache/6d/80/6d80a1fd84b1d19e3865f9327a095849.jpg,https://www.pickuplimes.com/recipe/chipotle-refried-beans-582,PT28M,"2 Tbsp vegetable oil
1 medium onion
3 garlic clove
 ground cumin
 paprika powder
1 vegetable bouillon cube
&#189; tsp cayenne pepper
1 pinch ground black pepper
3 cup cooked pinto beans
1&#189; cup water
1 Tbsp chipotle adobo sauce
&#189; lime"
412,Homemade Simple Salsa,https://cdn.pickuplimes.com/cache/de/bf/debf91cd683e5685053b9b9ab5d7013d.jpg,https://www.pickuplimes.com/recipe/homemade-simple-salsa-412,PT07M,"4 large tomato
2 garlic clove
&#189; small red onion
&#189; lime
&#188; cup fresh cilantro
&#188; tsp salt
&#188; tsp dried oregano
&#188; tsp ground cumin
&#8539; tsp cayenne pepper
1 pinch ground black pepper"
330,Make-Ahead Freezer Burritos,https://cdn.pickuplimes.com/cache/39/a3/39a3ab409e5e3abd90b687f33be11500.jpg,https://www.pickuplimes.com/recipe/make-ahead-freezer-burritos-330,PT30M,"1&#189; cup veggie ground
2 Tbsp Mexican seasoning
6 large soft tortilla
2&#8531; cup refried beans
2 red bell pepper
2 stalk green onion
1&#188; cup canned corn
&#189; cup fresh cilantro
&#189; cup black olives
&#189; cup pickled jalapeños"
489,Vegan Caesar Salad,https://cdn.pickuplimes.com/cache/42/3f/423ff19e64ee9c53e5b2117386eb5a55.jpg,https://www.pickuplimes.com/recipe/vegan-caesar-salad-489,PT28M,"&#189; cup raw cashews
&#8531; cup water
3&#189; Tbsp nutritional yeast flakes
1 lemon
3 garlic clove
1 Tbsp extra-virgin olive oil
1 Tbsp apple cider vinegar
 capers
 dijon mustard
 sodium-reduced soy sauce
&#8539; tsp ground black pepper
&#188; cup raw cashews
1 Tbsp nutritional yeast flakes
&#8539; tsp salt
&#8539; tsp garlic powder
4 mini romaine lettuce head
2 Tbsp olive oil
&#189; cup croutons"
495,"Spinach, Blueberry & ""Feta"" Salad",https://cdn.pickuplimes.com/cache/3b/d3/3bd3095faca95dd288954c5382398f15.jpg,https://www.pickuplimes.com/recipe/spinach-blueberry-feta-salad-495,PT03H10M,"5.644 oz firm tofu
&#188; cup refined coconut oil
1 Tbsp apple cider vinegar
 nutritional yeast flakes
&#189; tsp salt
&#189; tsp onion powder
&#8539; tsp dried dill
&#188; cup vegan mayonnaise
2 Tbsp agave syrup
2 Tbsp apple cider vinegar
1 Tbsp vegetable oil
1 Tbsp poppy seeds
&#189; tsp dijon mustard
&#188; tsp onion powder
&#188; tsp salt
6 cup fresh spinach
1 cup fresh blueberries
1 medium shallot
&#189; cup roasted walnuts"
491,Incredible Vegan Feta,https://cdn.pickuplimes.com/cache/5c/dc/5cdc3d0d7a82339f4ed6942eeb869571.jpg,https://www.pickuplimes.com/recipe/incredible-vegan-feta-491,PT06H05M,"11.464 oz firm tofu
&#189; cup refined coconut oil
2 Tbsp apple cider vinegar
 nutritional yeast flakes
 onion powder
 salt
&#188; tsp dried dill"
542,Warm Pearl Couscous Salad,https://cdn.pickuplimes.com/cache/17/d5/17d5bb50e7192d0c8f8d3c6950534873.jpg,https://www.pickuplimes.com/recipe/warm-pearl-couscous-salad-542,PT25M,"1 cup dry pearl couscous
 olive oil
2 cup cooked chickpeas
2 cup cherry tomatoes
&#189; tsp salt
&#188; tsp ground black pepper
&#189; cucumber
&#188; cup black olives
3 Tbsp fresh mint leaves
2 Tbsp fresh basil
2 Tbsp fresh parsley
&#188; cup roasted unsalted almonds
3 Tbsp extra-virgin olive oil
3 Tbsp red wine vinegar
&#189; lemon
&#188; tsp paprika powder"
318,Cardamom Avocado & Blueberry Smoothie,https://cdn.pickuplimes.com/cache/33/0c/330ce793c3cd55a78532a24494b114fc.jpg,https://www.pickuplimes.com/recipe/cardamom-avocado-blueberry-smoothie-318,PT05M,"&#189; avocado
1 frozen banana
1 cup unsweetened oat milk
&#189; cup unsweetened soy yogurt
1 cup frozen blueberries
&#189; cup frozen pineapple chunks
2 cardamom pod
&#189; tsp pure vanilla extract
&#8539; tsp ground cinnamon"
498,Salted Caramel Smoothie Bowl,https://cdn.pickuplimes.com/cache/a1/68/a168f03c65ae9c8ac322b36ff3d68674.jpg,https://www.pickuplimes.com/recipe/salted-caramel-smoothie-bowl-498,PT05M,"2 frozen banana
3 Medjool date
1 cup unsweetened cashew milk
3 Tbsp tahini
2 Tbsp ground flaxseeds
 pure vanilla extract
 ground cinnamon
&#8539; tsp salt"
490,The Extraordinary Green Smoothie Bowl,https://cdn.pickuplimes.com/cache/97/79/9779d0d699dd9dc741aed4c88d2077dc.jpg,https://www.pickuplimes.com/recipe/the-extraordinary-green-smoothie-bowl-490,PT07M,"2 cup fresh spinach
1 cup frozen pineapple chunks
&#190; cup unsweetened soy milk
&#189; cup frozen cucumber slices
&#189; avocado
2 Tbsp almond butter
1 Tbsp maple syrup
1 Tbsp pure vanilla extract"
493,Raspberry Lemonade Smoothie Bowl,https://cdn.pickuplimes.com/cache/1d/aa/1daa9e66a214c420c080e89ddf46d1f9.jpg,https://www.pickuplimes.com/recipe/raspberry-lemonade-smoothie-bowl-493,PT05M,"1&#189; cup frozen raspberries
1 frozen banana
1 lemon
&#189; cup unsweetened soy yogurt
&#189; cup roasted unsalted cashews
&#188; cup unsweetened soy milk
1 Tbsp agave syrup"
497,Sweet & Spicy Golden Smoothie Bowl,https://cdn.pickuplimes.com/cache/6a/45/6a45255b0eae07304f6f6c7d27b25e75.jpg,https://www.pickuplimes.com/recipe/sweet-spicy-golden-smoothie-bowl-497,PT05M,"2 cup frozen pineapple chunks
1 frozen banana
1 cup unsweetened soy yogurt
1 Tbsp ground flaxseeds
&#189; Tbsp fresh ginger
&#189; tsp ground turmeric
&#188; tsp cayenne pepper
1 pinch ground black pepper"
479,Double Chocolate Mug Cake,https://cdn.pickuplimes.com/cache/b7/4f/b74f9984483fedca97c48e344189f357.jpg,https://www.pickuplimes.com/recipe/double-chocolate-mug-cake-479,PT07M,"2 Tbsp all-purpose flour
2 Tbsp Dutch-processed cocoa powder
2 Tbsp granulated sugar
&#188; tsp baking powder
1 pinch salt
3 Tbsp unsweetened soy milk
1 Tbsp vegetable oil
&#188; tsp pure vanilla extract
0.705 oz dairy-free dark chocolate"
480,Blueberry Mug Cake,https://cdn.pickuplimes.com/cache/fc/ae/fcaec5f24ca5bc8c87bf6f4299cbae53.jpg,https://www.pickuplimes.com/recipe/vegan-blueberry-mug-cake-480,PT07M,"3 Tbsp all-purpose flour
1&#189; Tbsp granulated sugar
&#188; tsp baking powder
&#8539; tsp ground cinnamon
1 pinch salt
3 Tbsp unsweetened soy milk
1 Tbsp vegetable oil
&#188; tsp pure vanilla extract
3 Tbsp fresh blueberries"
474,Banana Bread in a Mug,https://cdn.pickuplimes.com/cache/6c/ae/6caee3529fa9f5b4611e1b856554330e.jpg,https://www.pickuplimes.com/recipe/banana-bread-in-a-mug-474,PT07M,"&#189; ripe banana
1 Tbsp unsweetened soy milk
1 Tbsp vegetable oil
 pure vanilla extract
1 pinch salt
3 Tbsp all-purpose flour
1 Tbsp ground flaxseeds
1 Tbsp granulated sugar
0.353 oz dairy-free dark chocolate
&#188; tsp baking powder"
483,Peanut Butter & Jelly Mug Cake,https://cdn.pickuplimes.com/cache/1a/56/1a567e02ff9aa0e29f1b5b89fbcff421.jpg,https://www.pickuplimes.com/recipe/peanut-butter-jelly-mug-cake-483,PT07M,"2 Tbsp all-purpose flour
&#188; tsp baking powder
1 pinch salt
2 Tbsp peanut butter
1&#189; Tbsp unsweetened soy milk
1 Tbsp maple syrup
&#189; tsp pure vanilla extract
2 Tbsp berry chia jam"
475,Vanilla Birthday Mug Cake,https://cdn.pickuplimes.com/cache/80/ba/80ba631dba4e640aa4fa8409ca6c2b2c.jpg,https://www.pickuplimes.com/recipe/vanilla-birthday-mug-cake-475,PT07M,"3 Tbsp all-purpose flour
1&#189; Tbsp granulated sugar
 rainbow sprinkles
&#188; tsp baking powder
1 pinch salt
2 Tbsp unsweetened soy milk
 vegetable oil
&#189; tsp pure vanilla extract"
468,Strawberry Cheesecake Overnight Oats,https://cdn.pickuplimes.com/cache/15/fd/15fdc587a0757d4a19aa49133b91c275.jpg,https://www.pickuplimes.com/recipe/strawberry-cheesecake-overnight-oats-468,PT06H10M,"&#8531; cup frozen strawberries
&#189; cup rolled oats
&#189; cup unsweetened soy milk
2 Tbsp cashew butter
1 lemon
1 Tbsp maple syrup
1 Tbsp ground flaxseeds
&#189; tsp pure vanilla extract
&#8531; cup unsweetened coconut yogurt"
467,Blueberry Muffin Overnight Oats,https://cdn.pickuplimes.com/cache/fd/82/fd829a07f575b7ad0d7f4b3979ecb049.jpg,https://www.pickuplimes.com/recipe/blueberry-muffin-overnight-oats-467,PT06H10M,"&#190; cup frozen blueberries
&#189; cup unsweetened soy milk
&#189; cup rolled oats
2 Tbsp cashew butter
1 Tbsp maple syrup
1 Tbsp ground flaxseeds
1 Tbsp roasted unsalted pecans
&#188; tsp ground cinnamon
&#8531; cup unsweetened soy yogurt"
469,Chocolate Chip Cookie Dough Overnight Oats,https://cdn.pickuplimes.com/cache/c3/dd/c3dde2a2a2b45b23a80684a0ec0ddf06.jpg,https://www.pickuplimes.com/recipe/chocolate-chip-cookie-dough-overnight-oats-469,PT06H07M,"&#189; cup unsweetened soy milk
&#189; cup rolled oats
2 Tbsp cashew butter
1 Tbsp maple syrup
1 Tbsp whole chia seeds
1 Tbsp mini dark chocolate chips
 pure vanilla extract
&#188; cup fresh raspberries
2&#189; Tbsp rolled oats
1 Tbsp cashew butter
1 Tbsp mini dark chocolate chips
&#189; Tbsp maple syrup"
466,Apple Pie Overnight Oats,https://cdn.pickuplimes.com/cache/d3/47/d347771bec1de7882b482f1b99d50b01.jpg,https://www.pickuplimes.com/recipe/apple-pie-overnight-oats-466,PT06H13M,"1 apple
1 Tbsp water
1 Tbsp maple syrup
&#189; tsp ground cinnamon
&#189; cup unsweetened soy milk
&#189; cup rolled oats
2 Tbsp almond butter
1 Tbsp raisins
1 Tbsp whole chia seeds
1 Tbsp roasted walnuts
&#189; tsp ground cinnamon
&#189; tsp pure vanilla extract
&#8531; cup unsweetened coconut yogurt"
465,Cashew Butter,https://cdn.pickuplimes.com/cache/f7/bf/f7bfc2c2b3700b05ac3e286903d7e025.jpg,https://www.pickuplimes.com/recipe/cashew-butter-465,PT18M,3 cup raw cashews
464,Black Forest Overnight Oats,https://cdn.pickuplimes.com/cache/b5/db/b5db68840a6490c653b7915da693b841.jpg,https://www.pickuplimes.com/recipe/black-forest-overnight-oats-464,PT06H07M,"&#189; cup rolled oats
&#189; cup unsweetened soy milk
1 Tbsp ground flaxseeds
2 Tbsp almond butter
1 Tbsp Dutch-processed cocoa powder
&#188; tsp almond extract
&#188; cup cherry pie filling
&#8531; cup unsweetened coconut yogurt"
385,Chocolate Coconut Nut Butter Balls,https://cdn.pickuplimes.com/cache/fa/85/fa859c3de098abd462e9b3ba578f6d0c.jpg,https://www.pickuplimes.com/recipe/chocolate-coconut-peanut-butter-balls-385,PT20M,"1 cup peanut butter
3 Medjool date
 pure vanilla extract
&#188; tsp salt
1&#188; cup unsweetened shredded coconut
5.291 oz dairy-free dark chocolate"
316,Savoury Sun-Dried Tomato & Olive Muffins,https://cdn.pickuplimes.com/cache/80/6d/806d194fe5cc21dfb587cee886f0b1d8.jpg,https://www.pickuplimes.com/recipe/savoury-sun-dried-tomato-olive-muffins-316,PT45M," olive oil
1 large onion
4 garlic clove
 dried basil
 dried oregano
 dried parsley
 dried thyme
&#190; cup sun-dried tomatoes in oil
&#8532; cup green olives
1&#8531; cup all-purpose flour
1&#8531; cup chickpea flour
 baking powder
&#189; tsp salt
1 cup cold water
&#189; cup olive oil
1&#189; tsp apple cider vinegar"
456,Crunchy Sesame Snaps,https://cdn.pickuplimes.com/cache/79/02/7902688edfc985082e191f7f0faa9fa1.jpg,https://www.pickuplimes.com/recipe/crunchy-sesame-snaps-456,PT27M,"&#189; cup raw sesame seeds
&#188; cup raw pumpkin seeds
2 Tbsp maple syrup
1&#189; Tbsp coconut sugar
&#189; Tbsp refined coconut oil"
459,Vanilla Caramel Cake,https://cdn.pickuplimes.com/cache/1c/94/1c94d7385806d317a5e7557f0cf36186.jpg,https://www.pickuplimes.com/recipe/vanilla-caramel-cake-459,PT01H15M,"&#8531; cup unsalted margarine
&#8531; cup light brown sugar
&#8531; cup coconut cream
2 Tbsp maple syrup
&#188; tsp salt
&#188; tsp pure vanilla extract
2 cup unsweetened soy milk
1&#189; Tbsp apple cider vinegar
&#8532; cup refined coconut oil
1&#189; Tbsp pure vanilla extract
3 cup all-purpose flour
1&#189; cup granulated sugar
1 Tbsp baking powder
 baking soda
&#189; tsp salt
7.901 oz unsalted vegan butter
2 cup powdered sugar
 pure vanilla extract"
442,Balsamic Dijon Dressing,https://cdn.pickuplimes.com/cache/c5/9d/c59de38a5cc949d9d9b1919067d2ba3f.jpg,https://www.pickuplimes.com/recipe/balsamic-dijon-dressing-442,PT05M,"&#8531; cup balsamic vinegar
&#188; cup extra-virgin olive oil
2 Tbsp dijon mustard
2 garlic clove
1 Tbsp agave syrup
 onion powder
&#8539; tsp ground black pepper"
404,Raspberry Rose Chocolate Bark,https://cdn.pickuplimes.com/cache/bd/bf/bdbf39581c1e9fcf0624090f50a02c5d.jpg,https://www.pickuplimes.com/recipe/raspberry-rose-chocolate-bark-404,PT01H20M,"3 Tbsp roasted unsalted pistachios
&#188; cup freeze-dried raspberries
2 Tbsp unsweetened toasted coconut flakes
2 Tbsp candied pineapple pieces
1 Tbsp dried red rose petals
 hemp seeds
14.109 oz dairy-free dark chocolate"
377,Coconut Thai Green Curry Noodle Soup,https://cdn.pickuplimes.com/cache/7f/b2/7fb2edee1636dc2d649af6272f2e4f98.jpg,https://www.pickuplimes.com/recipe/coconut-thai-green-curry-noodle-soup-377,PT30M," vegetable oil
13.228 oz firm tofu
&#188; tsp salt
1&#8532; cup canned full-fat coconut milk
1 vegetable bouillon cube
2 cup cold water
1 cup fresh spinach
&#8531; cup fresh basil
6.349 oz dry brown rice noodles
 vegetable oil
4 garlic clove
1 medium shallot
3 Tbsp Thai green curry paste
1 stalk of lemongrass
3 dried kaffir lime leaf
 freshly grated ginger
1 bell pepper
1&#189; cup fresh snow peas
&#189; lime"
376,Vegan Thai Green Curry Paste,https://cdn.pickuplimes.com/cache/99/44/99442702c52cacfe228a01c219ba3762.jpg,https://www.pickuplimes.com/recipe/vegan-thai-green-curry-paste-376,PT25M,"1 Tbsp whole coriander seeds
 whole cumin seeds
 whole white peppercorns
&#188; cup fresh cilantro
4 green chili pepper
5 garlic clove
3 stalk of lemongrass
2 medium shallot
1 lime
2 Tbsp fresh galangal
2 Tbsp sodium-reduced soy sauce
 ground turmeric
&#189; tsp salt"
375,One-Pot Golden Red Lentil and Mushroom Curry Soup,https://cdn.pickuplimes.com/cache/0f/18/0f18752f80d1125d6bd26a87b85747d8.jpg,https://www.pickuplimes.com/recipe/one-pot-golden-red-lentil-and-mushroom-curry-soup-375,PT40M,"1 Tbsp vegetable oil
&#189; Tbsp whole brown mustard seeds
&#189; Tbsp whole cumin seeds
2 medium yellow onion
4 garlic clove
&#189; Tbsp freshly grated ginger
 chili flakes
7.76 oz cremini mushroom
&#189; tsp salt
&#189; Tbsp ground coriander
 ground turmeric
&#8539; tsp ground black pepper
1&#189; cup dry red lentils
1&#189; vegetable bouillon cube
6 cup water
3 medium tomato
&#189; Tbsp dried fenugreek leaves
2 vegan naan
1 cup unsweetened soy yogurt
1 garlic clove
&#188; tsp salt"
374,Aloo Matar,https://cdn.pickuplimes.com/cache/d6/27/d62792f1c48cbdcd556f317b094e2a42.jpg,https://www.pickuplimes.com/recipe/aloo-matar-374,PT55M," vegetable oil
 whole coriander seeds
&#189; tsp whole cumin seeds
1 large onion
4 garlic clove
 freshly grated ginger
 salt
 garam masala
&#189; tsp ground turmeric
&#189; tsp cayenne pepper
&#188; tsp ground black pepper
3 medium potato
1&#189; cup canned diced tomatoes
1 cup boiling water
&#189; vegetable bouillon cube
1 cup frozen green peas
&#189; cup coconut cream
2 vegan naan"
314,Grilled Red Pepper Pesto Pasta,https://cdn.pickuplimes.com/cache/1f/42/1f42cab7896b8822a8372041cface7fd.jpg,https://www.pickuplimes.com/recipe/grilled-red-pepper-pesto-pasta-314,PT50M,"&#189; Tbsp olive oil
2 red bell pepper
1 orange bell pepper
&#188; tsp salt
&#8539; tsp ground black pepper
&#189; Tbsp olive oil
4 garlic clove
1 zucchini
14.109 oz dry spaghetti noodles
&#188; cup sun-dried tomatoes in oil
&#188; cup roasted walnuts
1&#189; cup frozen green peas"
313,Creamy Hummus Pasta Bake,https://cdn.pickuplimes.com/cache/34/bc/34bc43aa97e96ca55557c4c438834067.jpg,https://www.pickuplimes.com/recipe/creamy-hummus-pasta-bake-313,PT45M,"&#189; medium broccoli
14.109 oz dry shell pasta
1&#189; cup cherry tomatoes
1&#8532; cup canned full-fat coconut milk
&#190; cup 1 Tbsp hummus
&#189; cup raw cashews
2 Tbsp nutritional yeast flakes
&#188; tsp garlic powder
&#8539; tsp salt"
312,Creamy Butternut Squash & Sage Pasta,https://cdn.pickuplimes.com/cache/72/1a/721a6360503ef4ef41b9ba3deabd8009.jpg,https://www.pickuplimes.com/recipe/creamy-butternut-squash-sage-pasta-312,PT50M,"&#189; butternut squash
1 Tbsp olive oil
&#8539; tsp salt
1 pinch ground black pepper
1 head garlic
14.109 oz dry rigatoni
1 Tbsp olive oil
&#189; cup sage leaves
1 cup soy cooking cream
&#189; lemon
1 cup arugula"
311,Green Spinach Coconut Curry,https://cdn.pickuplimes.com/cache/ac/96/ac966d3764335a3ed735eff270c9e028.jpg,https://www.pickuplimes.com/recipe/green-spinach-coconut-curry-311,PT01H05M,"6 cup boiling water
&#189; cup dry chana dal
&#189; cup dry mung beans
1 cup uncooked white rice
1 Tbsp vegetable oil
2 medium onion
4 garlic clove
 fresh ginger
1 red hot chili pepper
1 Tbsp tomato paste
 ground cumin
 ground coriander
 garam masala
&#189; tsp ground turmeric
&#189; tsp salt
1 medium tomato
4 cup fresh spinach
1&#8532; cup canned full-fat coconut milk
4 cup fresh spinach
&#189; lemon"
310,Sweet & Sour Tofu Stir-Fry,https://cdn.pickuplimes.com/cache/17/61/176160e2ec495a8c71f52af3c8fa6d3f.jpg,https://www.pickuplimes.com/recipe/sweet-and-sour-tofu-stir-fry-310,PT30M,"15.873 oz firm tofu
2 Tbsp sodium-reduced soy sauce
&#188; cup cornstarch
&#189; tsp salt
&#188; tsp ground black pepper
1 Tbsp vegetable oil
&#189; cup pineapple juice
&#188; cup rice vinegar
&#188; cup tomato paste
3 Tbsp sodium-reduced soy sauce
2 Tbsp maple syrup
2 garlic clove
 cornstarch
 freshly grated ginger
1&#189; cup uncooked white rice
 vegetable oil
1 medium red onion
1 carrot
1 red bell pepper
&#189; cup canned pineapple chunks"
309,Sun-Dried Tomato & Roasted Vegetable Tart,https://cdn.pickuplimes.com/cache/8e/a0/8ea09e3b521150b123b065f680fe404f.jpg,https://www.pickuplimes.com/recipe/sun-dried-tomato-roasted-vegetable-tart-309,PT01H20M,"&#189; Tbsp olive oil
2 medium onion
3 garlic clove
1&#8531; cup frozen green peas
1 cup sun-dried tomatoes in oil
 dried oregano
 dried parsley
 dried basil
&#189; tsp salt
&#188; tsp ground black pepper
&#190; cup hummus
2 Tbsp breadcrumbs
&#189; Tbsp olive oil
9.524 oz vegan puff pastry dough
1 Tbsp breadcrumbs
1 zucchini
2 carrot"
164,Caramelized Onions,https://cdn.pickuplimes.com/cache/23/63/236398d8933c17b336d611d0e7f16f69.jpg,https://www.pickuplimes.com/recipe/caramelized-onions-164,PT01H05M,"4 medium yellow onion
1 Tbsp vegetable oil
&#188; tsp salt
1 Tbsp water"
190,Roasted Cauliflower Lentil Curry,https://cdn.pickuplimes.com/cache/4f/ae/4faed73c4bdef6fed8ad6726bbc7d997.jpg,https://www.pickuplimes.com/recipe/roasted-cauliflower-lentil-curry-190,PT01H00M,"1 medium head cauliflower
1 Tbsp vegetable oil
 garlic powder
 onion powder
&#189; tsp paprika powder
&#188; tsp salt
&#188; tsp ground black pepper
1 cup uncooked brown rice
1 Tbsp vegetable oil
1 medium onion
3 garlic clove
1 Tbsp curry powder
&#189; Tbsp garam masala
&#189; Tbsp ground turmeric
 ground cumin
 ground coriander
 ground cinnamon
 salt
1&#8532; cup canned diced tomatoes
10 cherry tomatoes
1&#8532; cup canned full-fat coconut milk
1&#188; cup cooked brown lentils
2 cup fresh spinach"
64,Herb & Garlic Homemade Vegan Naan,https://cdn.pickuplimes.com/cache/41/d3/41d389e5f1e768168dea484b08aa764a.jpg,https://www.pickuplimes.com/recipe/herb-garlic-homemade-vegan-naan-64,PT30M,"1&#189; Tbsp vegetable oil
2 garlic clove
 dried parsley
&#188; tsp salt
2 cup all-purpose flour
&#189; cup unsweetened soy yogurt
&#188; cup unsweetened soy milk
&#189; Tbsp granulated sugar
 baking powder
&#188; tsp salt"
334,Vegan Caramel Sauce,https://cdn.pickuplimes.com/cache/53/a6/53a60615e467779af0ae19c6a603a243.jpg,https://www.pickuplimes.com/recipe/vegan-caramel-sauce-334,PT15M,"&#8531; cup unsalted margarine
&#8531; cup light brown sugar
&#8531; cup coconut cream
2 Tbsp maple syrup
&#188; tsp salt
&#188; tsp pure vanilla extract"
47,Spiced Walnut & Fig Muffins,https://cdn.pickuplimes.com/cache/20/5b/205bff52d50ab485ec528b039abb7e4c.jpg,https://www.pickuplimes.com/recipe/spiced-walnut-fig-muffins-47,PT35M,"1&#189; cup all-purpose flour
3 Tbsp Dutch-processed cocoa powder
&#188; cup light brown sugar
&#188; cup granulated sugar
2 Tbsp ground flaxseeds
 baking powder
 ground cinnamon
&#188; tsp ground ginger
&#188; tsp salt
&#8539; tsp ground cloves
&#8539; tsp ground cardamom
1 cup almond flour
&#189; cup raw walnuts
&#189; cup dried fig
&#189; cup dairy-free dark chocolate chips
1 cup unsweetened soy milk
&#8531; cup vegetable oil"
46,Rocky Mountain Chocolate Bark,https://cdn.pickuplimes.com/cache/00/a4/00a4a22803ba3c01f3c2fe16adb0b532.jpg,https://www.pickuplimes.com/recipe/rocky-mountain-chocolate-bark-46,PT01H35M,"&#188; cup granulated sugar
1&#189; Tbsp water
&#188; cup banana chips
&#188; cup roasted unsalted hazelnuts
2 gingerbread cookie
 peanut butter
&#188; tsp flaked sea salt
14.109 oz dairy-free dark chocolate"
45,Cinnamon Vanilla Nut Butter,https://cdn.pickuplimes.com/cache/90/54/905491564e0c7b99bc506b994679b64d.jpg,https://www.pickuplimes.com/recipe/cinnamon-vanilla-nut-butter-45,PT24M,"1&#189; cup raw pecans
1&#189; cup raw cashews
1 Tbsp ground cinnamon
&#189; tsp pure vanilla extract
&#188; tsp salt"
37,Za'atar Spice Mix,https://cdn.pickuplimes.com/cache/04/c1/04c1788ed6375cb8b9a38e4c953764cd.jpg,https://www.pickuplimes.com/recipe/zaatar-spice-mix-37,PT05M,"2 Tbsp dried thyme
2 Tbsp dried oregano
2 Tbsp ground cumin
2 Tbsp ground coriander
2 Tbsp toasted sesame seeds
2 Tbsp ground sumac
 salt
 chili flakes
 ground black pepper"
36,Za'atar & Mint Veggie Wraps,https://cdn.pickuplimes.com/cache/d9/96/d9966fe1a89689ab1da309a943098dbd.jpg,https://www.pickuplimes.com/recipe/zaatar-mint-veggie-wraps-36,PT20M,"1 Tbsp olive oil
 whole cumin seeds
1 zucchini
1 small eggplant
&#189; tsp salt
1&#189; cup cooked brown lentils
1 green bell pepper
1&#189; Tbsp za'atar spice mix
1 cup unsweetened soy yogurt
2 garlic clove
&#189; lemon
2 Tbsp fresh mint leaves
&#188; tsp salt
4 pita bread
&#189; cup hummus
2 medium tomato
1 cup romaine lettuce
2 Tbsp tahini"
39,Oyster Mushroom Curry Salad Sandwich,https://cdn.pickuplimes.com/cache/02/e8/02e8f052176c07a5271a7cbe2e9253ee.jpg,https://www.pickuplimes.com/recipe/oyster-mushroom-curry-salad-sandwich-39,PT15M," olive oil
1 garlic clove
&#189; medium shallot
5.996 oz oyster mushrooms
&#8539; tsp salt
&#189; tsp ground cumin
&#189; tsp ground coriander
&#188; tsp ground ginger
&#8539; tsp ground black pepper
&#189; cup canned pineapple chunks
2 Tbsp vegan mayonnaise
2 Tbsp unsweetened soy yogurt
 curry powder
 dijon mustard
4 slice whole wheat bread
2 romaine lettuce leaf
1 medium tomato
1 stalk green onion"
35,One-Pot Tomato & Chickpea Stew,https://cdn.pickuplimes.com/cache/61/1e/611e899111ce2ad0e6e61f712e3d8957.jpg,https://www.pickuplimes.com/recipe/one-pot-tomato-chickpea-stew-35,PT20M,"1 Tbsp vegetable oil
4 garlic clove
2 medium onion
1 red hot chili pepper
1 carrot
1 roasted red bell pepper from a jar
&#189; tsp salt
 ground cumin
 smoked sweet paprika powder
 ground coriander
3&#8531; cup canned crushed tomatoes
2 cup cooked chickpeas
&#189; cup kalamata olives
2 Tbsp tahini
 sodium-reduced soy sauce
&#8539; tsp ground black pepper
2 cup fresh spinach
4 whole wheat pita bread"
44,Almond Brownie Cookies,https://cdn.pickuplimes.com/cache/0f/f3/0ff3929d3a141ca75b99b82b05690a80.jpg,https://www.pickuplimes.com/recipe/almond-brownie-cookies-44,PT41M,"2 Tbsp ground flaxseeds
&#188; cup water
5.291 oz dairy-free dark chocolate
3 Tbsp refined coconut oil
&#189; cup light brown sugar
&#8531; cup roasted unsalted almonds
 pure vanilla extract
1 cup all-purpose flour
&#189; tsp baking powder
&#189; tsp salt"
42,Gingerbread Latte,https://cdn.pickuplimes.com/cache/4b/45/4b45243f44ea38e8266d6858e73ac24d.jpg,https://www.pickuplimes.com/recipe/vegan-gingerbread-latte-42,PT10M,"3 cup barista oat milk
&#189; cup brewed espresso
2 Tbsp maple syrup
&#189; Tbsp blackstrap molasses
 ground cinnamon
&#189; tsp ground ginger
1 pinch ground nutmeg
1 pinch ground cloves"
41,One-Bowl Cowboy Cookies,https://cdn.pickuplimes.com/cache/64/70/6470f1a3829fefbc2e842ac418f13df9.jpg,https://www.pickuplimes.com/recipe/one-bowl-vegan-cowboy-cookies-41,PT29M,"&#8532; cup unsalted margarine
&#8532; cup light brown sugar
&#189; cup granulated sugar
&#8531; cup unsweetened applesauce
1 Tbsp ground flaxseeds
 ground cinnamon
 pure vanilla extract
 baking powder
 baking soda
&#189; tsp salt
2 cup all-purpose flour
2 cup rolled oats
1&#8531; cup unsweetened shredded coconut
1 cup raw pecans
&#190; cup dairy-free dark chocolate chips"
40,Cinnamon Coconut Cream Latte,https://cdn.pickuplimes.com/cache/23/01/230156ccdcfd515bf3bdbfb5d5a93887.jpg,https://www.pickuplimes.com/recipe/cinnamon-coconut-cream-latte-40,PT15M,"&#189; cup canned full-fat coconut milk
&#188; cup coconut sugar
&#189; tsp ground cinnamon
1&#189; cup barista oat milk
&#8539; tsp pure vanilla extract
&#189; cup brewed espresso"
48,Vegan 'Egg' Salad Breakfast Bowl,https://cdn.pickuplimes.com/cache/e9/a9/e9a9aa3309249d01aeecd994ab866e4c.jpg,https://www.pickuplimes.com/recipe/vegan-egg-salad-breakfast-bowl-48,PT01H05M,"4 medium potato
1 Tbsp vegetable oil
 onion powder
&#189; tsp paprika powder
&#189; tsp dried rosemary
&#188; tsp salt
&#188; tsp ground black pepper
20 cherry tomatoes
 vegetable oil
22.928 oz firm tofu
&#189; tsp salt
&#188; tsp ground turmeric
&#188; tsp ground black pepper
&#189; cup vegan mayonnaise
 curry powder
1 stalk green onion
 vegetable oil
6 garlic clove
10 cup fresh spinach
1 Tbsp sodium-reduced soy sauce
 sambal oelek
1 avocado"
3,Spicy Garlic Tofu,https://cdn.pickuplimes.com/cache/c6/d9/c6d93ef61ce9d700582cb2d34bf8cc09.jpg,https://www.pickuplimes.com/recipe/spicy-garlic-tofu-3,PT30M,"15.873 oz firm tofu
2 Tbsp cornstarch
1 Tbsp vegetable oil
&#189; tsp salt
&#188; tsp ground black pepper
2 Tbsp maple syrup
1 Tbsp gochujang
1 Tbsp sodium-reduced soy sauce
1 Tbsp rice vinegar
2 Tbsp vegetable oil
5 garlic clove
1 medium shallot
2 red hot chili pepper
2 stalk green onion"
4,Buffalo Style Tofu Strips,https://cdn.pickuplimes.com/cache/ee/6f/ee6fc36f3f2c025efe39d1265b91eef8.jpg,https://www.pickuplimes.com/recipe/buffalo-style-tofu-strips-4,PT45M,"15.873 oz firm tofu
&#188; cup cornstarch
&#189; cup unsweetened soy milk
&#189; cup breadcrumbs
 paprika powder
&#189; tsp ground cumin
&#189; tsp garlic powder
&#188; tsp ground black pepper
&#189; cup vegan mayonnaise
2 Tbsp unsweetened soy milk
&#188; lemon
 nutritional yeast flakes
 dried parsley
&#188; tsp dried chives
&#188; tsp garlic powder
&#188; tsp onion powder
&#8539; tsp dried dill
&#8539; tsp salt
1 pinch ground black pepper
&#189; cup cayenne pepper hot sauce
&#188; cup unsalted vegan butter
&#189; tsp onion powder"
6,Vegan Ranch Dip,https://cdn.pickuplimes.com/cache/77/66/776678903ab3736ae39d8ba882683399.jpg,https://www.pickuplimes.com/recipe/vegan-ranch-dip-6,PT05M,"1 cup vegan mayonnaise
2 Tbsp ranch spice mix
&#188; cup unsweetened soy milk
&#189; lemon"
1,Oven Roasted Sweet Potato & Tofu Veggie Skewers,https://cdn.pickuplimes.com/cache/0b/53/0b539636d355da2055eb04b157f366fe.jpg,https://www.pickuplimes.com/recipe/oven-roasted-sweet-potato-tofu-veggie-skewers-1,PT50M,"15.873 oz firm tofu
 olive oil
1 Tbsp cornstarch
 garlic powder
&#189; tsp salt
&#188; tsp ground black pepper
2 Tbsp olive oil
&#189; lemon
&#188; tsp dried oregano
&#188; tsp dried thyme
&#188; tsp dried basil
&#188; tsp salt
&#8539; tsp ground black pepper
1 yellow bell pepper
1 red bell pepper
1 large red onion
1 large sweet potato
&#189; zucchini
21 cherry tomatoes"
9,Traditional Vegan Kimchi,https://cdn.pickuplimes.com/cache/9d/68/9d688d579149bb070309a6905659c4d7.jpg,https://www.pickuplimes.com/recipe/homemade-vegan-kimchi-9,P2DT02H30M,"1 napa cabbage
&#188; cup coarse sea salt
1 cup water
1 cup water
1 Tbsp rice flour
0.212 oz kombu (dried kelp)
1 Tbsp granulated sugar
&#189; cup gochugaru
3 medium shallot
8 garlic clove
1 Tbsp sodium-reduced soy sauce
1 Tbsp miso paste
&#189; Tbsp freshly grated ginger
5.291 oz daikon radish
5 stalk green onion
1 carrot
2.822 oz fresh garlic chives"
10,Easy Bulgur Salad in a Jar,https://cdn.pickuplimes.com/cache/fb/e3/fbe32723c1c8bfa081298a083a49673a.jpg,https://www.pickuplimes.com/recipe/easy-bulgur-salad-in-a-jar-10,PT25M,"2 cup uncooked extra coarse bulgur
2 cup water
&#188; cup tomato paste
&#188; cup water
2 Tbsp extra-virgin olive oil
2 Tbsp pomegranate molasses
1 lemon
&#189; tsp salt
2 cup cooked brown lentils
1 cucumber
1 medium red onion
1 cup green olives
2 cup cherry tomatoes
1 cup fresh parsley"
11,Spiced Black Bean & Rice Salad in a Jar,https://cdn.pickuplimes.com/cache/a1/e7/a1e77d79e6f0ab1908395dd98092d986.jpg,https://www.pickuplimes.com/recipe/spiced-black-bean-rice-salad-in-a-jar-11,PT35M,"1&#189; cup uncooked white rice
1 Tbsp vegetable oil
3 cup cooked black beans
 chili powder
 garlic powder
 onion powder
 paprika powder
 ground cumin
&#189; tsp ground black pepper
&#189; tsp salt
&#188; cup extra-virgin olive oil
2 lime
2 garlic clove
 paprika powder
 ground cumin
&#189; tsp ground black pepper
&#189; tsp salt
2 cup canned corn
2 red bell pepper
1 small red onion
2 avocado
2 cup cherry tomatoes
&#188; cup pickled jalapeños"
8,Kimchi Noodle Jar,https://www.pickuplimes.com/static/images/logo/pul_logo_main_flat_987_247.9cf5ed7b1374.png,https://www.pickuplimes.com/recipe/kimchi-noodle-jar-8,PT50M,"&#188; cup cornstarch
2 Tbsp vegetable oil
2 Tbsp sodium-reduced soy sauce
1 Tbsp gochujang
22.928 oz firm tofu
3 Tbsp gochujang
2 Tbsp sodium-reduced soy sauce
2 Tbsp toasted sesame oil
1 Tbsp rice vinegar
1 Tbsp maple syrup
2 cup frozen shelled edamame
6.349 oz dry brown rice noodles
 toasted sesame oil
4 garlic clove
6 cup fresh spinach
3 cup shiitake mushrooms
&#188; tsp salt
2 carrot
2 Tbsp water
1 cup vegan kimchi"
21,Refreshing Melon Cucumber Soda,https://cdn.pickuplimes.com/cache/00/0a/000a95367915caec3fffbbeb6c29bc79.jpg,https://www.pickuplimes.com/recipe/refreshing-melon-cucumber-soda-21,PT10M,"&#189; honeydew melon
2 lime
&#189; Tbsp freshly grated ginger
2 cup crushed ice
&#188; cucumber
1&#189; cup carbonated water
&#189; Tbsp agave syrup
&#189; lime
2 Tbsp granulated sugar"
13,Peach Thyme Iced Tea,https://cdn.pickuplimes.com/cache/dc/db/dcdb06523a8c9335d84e83292273d8ad.jpg,https://www.pickuplimes.com/recipe/peach-thyme-iced-tea-13,PT02H30M,"4 cup boiling water
4 white tea bag
3 lemon
6 peach
10 sprig fresh thyme
1 cup water
&#8531; cup maple syrup
1&#189; cup ice cube
&#189; peach
4 sprig fresh thyme"
24,Pink Lemonade,https://cdn.pickuplimes.com/cache/ea/db/eadbc13a02d3db54b13ba12c234fa704.jpg,https://www.pickuplimes.com/recipe/pink-lemonade-24,PT01H10M,"1&#189; cup frozen raspberries
&#188; cup maple syrup
4 lemon
4 cup cold water
2 cup ice cube"
12,Grapefruit Rosemary Spritzer,https://cdn.pickuplimes.com/cache/8f/21/8f21cda3d782f2565de75e02c77666c7.jpg,https://www.pickuplimes.com/recipe/grapefruit-rosemary-spritzer-12,PT30M,"2 grapefruit
2 cup fresh pineapple
6 sprig fresh rosemary
&#189; cup water
&#8531; cup granulated sugar
3 cup ice cube
1&#189; cup grapefruit juice
3 cup carbonated water"
38,Baked Berry & Pecan Oatmeal,https://cdn.pickuplimes.com/cache/12/3b/123bea5149c9778c5d7735e4540bfa8b.jpg,https://www.pickuplimes.com/recipe/baked-berry-pecan-oatmeal-38,PT50M,"1 Tbsp ground flaxseeds
3 Tbsp water
2 ripe banana
1&#189; cup unsweetened soy milk
 pure vanilla extract
2 cup rolled oats
 ground cinnamon
 baking powder
&#189; tsp salt
&#8531; cup roasted unsalted pecans
&#190; cup fresh blueberries
&#190; cup fresh strawberries
1 cup unsweetened soy yogurt
&#8531; cup almond butter"
34,Vegan Breakfast Waffles,https://cdn.pickuplimes.com/cache/7e/e2/7ee2ef41cd2f9a2e873a0b51f50b2c8f.jpg,https://www.pickuplimes.com/recipe/vegan-breakfast-waffles-34,PT30M,"1&#189; cup unsweetened soy milk
1 Tbsp apple cider vinegar
2 cup whole wheat flour
&#8531; cup unsweetened applesauce
 baking powder
 ground cinnamon
 pure vanilla extract
&#189; tsp salt"
33,Chickpea Omelette Sandwich,https://cdn.pickuplimes.com/cache/55/58/55583d0748ebfe3742d8e866dc671405.jpg,https://www.pickuplimes.com/recipe/chickpea-omelette-sandwich-33,PT30M,"1 Tbsp ground flaxseeds
3 Tbsp water
&#189; cup chickpea flour
&#189; cup unsweetened soy milk
1 Tbsp nutritional yeast flakes
&#188; tsp onion powder
&#188; tsp garlic powder
&#188; tsp kala namak
&#188; tsp salt
&#8539; tsp ground black pepper
&#189; red bell pepper
1 small red onion
1 Tbsp olive oil
6 slice whole wheat bread
3 Tbsp vegan mayonnaise
1 cup romaine lettuce
1 medium tomato
1 avocado"
50,BBQ Cauliflower Pizza,https://cdn.pickuplimes.com/cache/ec/41/ec410b38c2b13129945685d7fd6ba889.jpg,https://www.pickuplimes.com/recipe/bbq-cauliflower-pizza-50,PT01H10M,"2&#189; cup 2 Tbsp self-rising flour
1 cup water
2 Tbsp olive oil
 salt
&#189; medium head cauliflower
&#190; cup barbecue sauce
&#189; tsp garlic powder
&#189; tsp onion powder
&#190; cup hummus
&#8531; cup tomato paste
 dried oregano
 dried basil
&#189; tsp dried thyme
&#189; tsp salt
&#188; tsp ground black pepper
&#190; cup unsweetened soy yogurt
2 garlic clove
&#188; tsp salt"
52,Creamy Green Leek & Pea Pasta,https://cdn.pickuplimes.com/cache/89/93/8993237314946bddd681422770c92c19.jpg,https://www.pickuplimes.com/recipe/creamy-green-leek-pea-pasta-52,PT25M,"1 medium leek
4 garlic clove
2 stalk green onion
1 jalapeño
1 large broccoli
1 Tbsp olive oil
 salt
1&#189; cup frozen green peas
&#8532; cup frozen spinach
&#189; tsp dried basil
&#188; tsp dried oregano
&#188; tsp dried mint leaves
4 cup dry fusilli pasta
1 cup soy cooking cream
&#189; lemon"
51,Vegan Paella: Spanish-Inspired Rice,https://cdn.pickuplimes.com/cache/8f/43/8f4348e6be0089227c9f1b4d64228fc8.jpg,https://www.pickuplimes.com/recipe/vegan-paella-spanish-inspired-rice-51,PT01H00M,"1 Tbsp olive oil
1 medium onion
2 garlic clove
 salt
&#189; tsp ground black pepper
 smoked sweet paprika powder
 dried thyme
&#189; tsp ground cumin
&#189; tsp dried oregano
&#189; tsp cayenne pepper
2 medium tomato
1 red bell pepper
1&#189; cup uncooked Spanish paella rice
4 cup boiling water
2 vegetable bouillon cube
1 pinch saffron threads
1 cup frozen green peas
1&#189; cup marinated artichoke hearts"
5,Vegan Ranch Mix,https://cdn.pickuplimes.com/cache/18/d3/18d363f0e3207023192782b3465a282d.jpg,https://www.pickuplimes.com/recipe/vegan-ranch-mix-5,PT05M,"2 Tbsp dried parsley
2 Tbsp nutritional yeast flakes
1 Tbsp dried chives
1 Tbsp garlic powder
1 Tbsp onion powder
&#189; Tbsp dried dill
 salt
&#189; tsp ground black pepper"
56,Coconut Roasted Lentil Nourish Bowl,https://cdn.pickuplimes.com/cache/8a/f7/8af7f23f730441e27d0de06c8bd9a52e.jpg,https://www.pickuplimes.com/recipe/coconut-roasted-lentil-nourish-bowl-56,PT45M,"1&#189; cup uncooked brown rice
1&#8532; cup canned light coconut milk
6 cardamom pod
1 vegetable bouillon cube
1 medium broccoli
1 medium onion
2 parsnip
1&#189; cup cooked brown lentils
1 Tbsp olive oil
 ground cumin
 garlic powder
 onion powder
&#189; tsp salt
&#189; tsp ground black pepper
&#188; tsp cayenne pepper
&#189; lime
&#8531; cup tahini
&#188; cup water
1 Tbsp sambal oelek
 sodium-reduced soy sauce
 agave syrup
&#189; tsp onion powder"
54,Golden Tempeh Nourish Bowl,https://cdn.pickuplimes.com/cache/8d/aa/8daa6e9c2c17d8add89bde3909d8e065.jpg,https://www.pickuplimes.com/recipe/golden-tempeh-nourish-bowl-54,PT45M,"1&#189; cup orange juice
&#188; cup tahini
4 garlic clove
1 Tbsp miso paste
1 Tbsp sambal oelek
 freshly grated ginger
 ground turmeric
8.818 oz tempeh
2 Tbsp cornstarch
1 Tbsp vegetable oil
1&#189; cup uncooked red rice
1&#189; cup vegetable broth
 toasted sesame oil
2 portobello mushroom
2 carrot
4 cup kale
&#188; tsp salt
&#8539; tsp ground black pepper"
53,Black Bean Garlic Tofu Nourish Bowl,https://cdn.pickuplimes.com/cache/37/30/37300b5ab3fda6127e99d3b59d479bf5.jpg,https://www.pickuplimes.com/recipe/black-bean-garlic-tofu-nourish-bowl-53,PT40M,"9.03 oz dry soba noodles
 toasted sesame oil
1&#189; cup frozen shelled edamame
15.873 oz firm tofu
2 Tbsp cornstarch
&#189; tsp salt
&#188; tsp ground black pepper
1 Tbsp vegetable oil
1 Tbsp black bean garlic sauce
1 head of bok choy
5 cup green beans
2 roasted red bell pepper from a jar
2 Tbsp black bean garlic sauce
3 Tbsp rice vinegar
1 Tbsp sodium-reduced soy sauce
&#189; Tbsp toasted sesame oil"
60,Vegan Red Pesto,https://cdn.pickuplimes.com/cache/49/fb/49fb3da5bf004ddc7169006deab6194c.jpg,https://www.pickuplimes.com/recipe/vegan-red-pesto-60,PT10M,"&#189; cup raw almonds
1 cup sun-dried tomatoes in oil
&#189; cup oil from jar of sun-dried tomatoes
&#8531; cup fresh basil
2 garlic clove
1 Tbsp nutritional yeast flakes
&#189; lemon
&#189; tsp salt
&#188; tsp ground black pepper"
59,Baked Green Pea & Chickpea Falafels,https://cdn.pickuplimes.com/cache/08/6b/086bdca28ad66106d0f76c6d163b6009.jpg,https://www.pickuplimes.com/recipe/baked-green-pea-chickpea-falafels-59,PT01H00M,"2 cup cooked chickpeas
1 cup frozen green peas
2 garlic clove
1 lemon
1 stalk green onion
&#188; cup fresh parsley
&#188; cup fresh mint leaves
2 Tbsp tahini
2 Tbsp all-purpose flour
2 Tbsp ground flaxseeds
 ground cumin
 whole coriander seeds
&#188; tsp cayenne pepper
1 Tbsp olive oil
6 whole wheat pita bread
1 cup vegan tzatziki
1 cup hummus
1 cup romaine lettuce
&#190; cup cherry tomatoes"
58,Crunchy Almond & Mango Granola,https://cdn.pickuplimes.com/cache/d2/64/d26475ed03ef437d2ddfc741f55f2c9e.jpg,https://www.pickuplimes.com/recipe/crunchy-almond-mango-granola-58,PT40M,"2&#189; cup rolled oats
1 cup puffed quinoa
&#189; cup raw almonds
&#189; cup unsweetened shredded coconut
&#189; cup roasted pumpkin seeds
&#188; cup light brown sugar
&#189; tsp ground cinnamon
&#188; cup vegetable oil
&#188; cup maple syrup
&#188; cup almond butter
 pure vanilla extract
&#188; tsp salt
&#189; cup dried mango
2 Tbsp hemp seeds"
57,Tea-Infused Chocolate Mousse,https://cdn.pickuplimes.com/cache/3c/58/3c587fececc43a5c4a5d5cc9b58c2241.jpg,https://www.pickuplimes.com/recipe/tea-infused-chocolate-mousse-57,PT01H20M,"1 cup aquafaba
2 bag flavoured tea
6.173 oz dairy-free dark chocolate"
2,Vegan Tzatziki,https://cdn.pickuplimes.com/cache/b5/5a/b55a924ae11ebccc029a01fbd9240bfd.jpg,https://www.pickuplimes.com/recipe/vegan-tzatziki-2,PT10M,"&#189; cucumber
1 cup unsweetened soy yogurt
2 garlic clove
&#188; cup fresh dill
&#189; lemon
 extra-virgin olive oil
&#188; tsp salt
&#8539; tsp ground black pepper"
63,Eggplant & Lentil Apricot Curry,https://cdn.pickuplimes.com/cache/45/86/4586921564a4e64624e4f36b4737407a.jpg,https://www.pickuplimes.com/recipe/eggplant-lentil-apricot-curry-63,PT50M,"2 medium eggplant
 olive oil
 salt
1 cup uncooked basmati rice
 vegetable oil
1 medium onion
3 garlic clove
 ground cumin
 ground coriander
 ground cinnamon
1 bell pepper
1&#8532; cup canned diced tomatoes
1 cup cooked brown lentils
&#188; cup dried apricot
&#189; tsp salt
&#188; tsp ground black pepper
&#190; cup unsweetened coconut yogurt
5 fresh mint leaves
&#189; lemon"
62,Potato & Green Pea Curry,https://cdn.pickuplimes.com/cache/f0/18/f018a9c4dd0f2028e4b2f168f1c3c5c3.jpg,https://www.pickuplimes.com/recipe/potato-green-pea-curry-62,PT35M," vegetable oil
 whole cumin seeds
 whole coriander seeds
 whole brown mustard seeds
1 medium onion
3 garlic clove
1 Tbsp freshly grated ginger
1 vegetable bouillon cube
1 Tbsp garam masala
 ground turmeric
&#189; tsp cayenne pepper
3 medium potato
1&#189; cup water
&#190; cup uncooked quick-cooking brown rice
1 cup frozen green peas
1&#189; cup cooked chickpeas
1&#8532; cup canned full-fat coconut milk
2 cup fresh spinach"
61,Vegan Butter 'Chicken' with Baked Tofu,https://cdn.pickuplimes.com/cache/9e/32/9e320b84a248198963f7090b060cbe8f.jpg,https://www.pickuplimes.com/recipe/vegan-butter-chicken-with-baked-tofu-61,PT40M,"15.873 oz firm tofu
&#189; cup unsweetened soy yogurt
 garam masala
 ground cumin
 ground coriander
&#189; tsp ground turmeric
1 pinch salt
&#188; cup raw cashews
1 Tbsp vegetable oil
5 garlic clove
1 large onion
1 jalapeño
 freshly grated ginger
1&#189; Tbsp garam masala
1&#189; Tbsp ground coriander
1&#189; Tbsp ground cumin
 salt
&#188; tsp cayenne pepper
1&#8532; cup canned diced tomatoes
&#188; cup tomato paste
&#189; Tbsp agave syrup
1&#8532; cup canned full-fat coconut milk
2 vegan naan"
72,Thousand Island Sauce,https://cdn.pickuplimes.com/cache/80/61/8061bccbaed637c77f85dd16cef16ed5.jpg,https://www.pickuplimes.com/recipe/thousand-island-dip-72,PT05M,"&#8531; cup vegan mayonnaise
2 Tbsp ketchup
2 Tbsp chopped pickles
1 Tbsp sweet chili sauce
 pickle juice
&#188; tsp ground black pepper"
70,Baked Zucchini Fries with Two Dips,https://cdn.pickuplimes.com/cache/7f/b7/7fb7b173caa24fb9f6f7afeed368ad3b.jpg,https://www.pickuplimes.com/recipe/baked-zucchini-fries-with-two-dips-70,PT50M,"2 zucchini
 vegetable oil
&#190; cup breadcrumbs
2 Tbsp nutritional yeast flakes
 salt
&#189; tsp ground black pepper
2 roasted red bell pepper from a jar
 sambal oelek
&#189; tsp garlic powder
&#189; tsp dried basil
&#189; tsp dried oregano
&#8531; cup vegan mayonnaise
2 Tbsp ketchup
2 Tbsp chopped pickles
1 Tbsp sweet chili sauce
 pickle juice
&#188; tsp ground black pepper"
68,Sweet & Spicy Miso Roasted Sweet Potatoes with Sambal Tahini Mayo,https://cdn.pickuplimes.com/cache/c2/25/c225fe906a42359a387160161ac49662.jpg,https://www.pickuplimes.com/recipe/sweet-spicy-miso-roasted-sweet-potatoes-with-sambal-tahini-mayo-68,PT50M,"3 medium sweet potato
1 Tbsp toasted sesame oil
 miso paste
 sambal oelek
 maple syrup
 freshly grated ginger
1 Tbsp vegan mayonnaise
1 Tbsp tahini
 water
 sambal oelek
 sodium-reduced soy sauce"
67,Sriracha Mayo,https://cdn.pickuplimes.com/cache/a8/f2/a8f2b816fbc7440891340c83b4c083df.jpg,https://www.pickuplimes.com/recipe/sriracha-mayo-67,PT03M,"6 Tbsp vegan mayonnaise
2 Tbsp sriracha"
66,Seaweed Baked Fries with Hoisin Mayo & Sriracha Mayo,https://cdn.pickuplimes.com/cache/ab/64/ab649f6a7d789a70e3e813c7e36380f5.jpg,https://www.pickuplimes.com/recipe/seaweed-baked-fries-with-hoisin-mayo-sriracha-mayo-66,PT55M,"3 medium potato
2 nori seaweed sheet
1 Tbsp vegetable oil
 onion powder
&#188; tsp salt
&#188; tsp ground black pepper
&#8539; tsp cayenne pepper
3 Tbsp vegan mayonnaise
1 Tbsp hoisin sauce
3 Tbsp vegan mayonnaise
1 Tbsp sriracha"
65,Loaded Chili Sweet Potato Fries,https://cdn.pickuplimes.com/cache/4a/f2/4af22de6642a81c0f1d257488c7c241a.jpg,https://www.pickuplimes.com/recipe/loaded-chili-sweet-potato-fries-65,PT01H05M,"4 medium sweet potato
2 Tbsp vegetable oil
1 Tbsp cornstarch
&#189; tsp onion powder
&#189; tsp garlic powder
&#189; tsp coarse sea salt
1 pinch ground black pepper
 vegetable oil
1 medium onion
3 garlic clove
 ground cumin
&#189; tsp dried oregano
&#189; tsp salt
&#188; tsp smoked sweet paprika powder
&#188; tsp chili powder
2 carrot
1&#189; cup cooked black beans
1&#8532; cup canned diced tomatoes
&#189; cup boiling water
&#189; vegetable bouillon cube
&#189; cup raw cashews
&#189; cup water
2 Tbsp nutritional yeast flakes
 fresh lemon juice
&#188; tsp garlic powder
&#188; tsp onion powder
&#188; tsp salt
&#8539; tsp smoked sweet paprika powder
1 cup cherry tomatoes
1 small red onion
&#189; lime"
73,High Protein Lettuce Wraps with a Creamy Peanut Sauce,https://cdn.pickuplimes.com/cache/88/04/880407521898c3eb3541b9210a91a02c.jpg,https://www.pickuplimes.com/recipe/high-protein-lettuce-wraps-with-creamy-peanut-sauce-73,PT15M,"1 Tbsp vegetable oil
2 stalk green onion
2 garlic clove
11.464 oz firm tofu
1&#189; cup cooked chickpeas
1 red bell pepper
2 carrot
3 Tbsp black bean garlic sauce
3.527 oz dry brown vermicelli noodles
1 head butter lettuce
&#189; cup peanut butter
&#188; cup water
2 Tbsp toasted sesame oil
2 Tbsp rice vinegar
1 Tbsp sambal oelek
 agave syrup
 freshly grated ginger
1 garlic clove"
77,Double Tomato Bruschetta with Balsamic Reduction,https://cdn.pickuplimes.com/cache/c7/e6/c7e6c9674ba01b0cd8b93a01b5e0c5fd.jpg,https://www.pickuplimes.com/recipe/double-tomato-bruschetta-with-balsamic-reduction-77,PT20M,"1&#189; cup cherry tomatoes
&#189; cup fresh basil
&#188; cup sun-dried tomatoes in oil
 oil from jar of sun-dried tomatoes
&#189; Tbsp capers
2 garlic clove
 onion powder
&#188; tsp salt
&#188; tsp ground black pepper
&#189; cup balsamic vinegar
1 large baguette
1 Tbsp oil from jar of sun-dried tomatoes"
76,Roasted Edamame: 2 Ways,https://cdn.pickuplimes.com/cache/a1/00/a1006e1d214b3d18dd41fe165f23dc1c.jpg,https://www.pickuplimes.com/recipe/roasted-edamame-2-ways-76,PT40M,"2 cup frozen shelled edamame
 olive oil
 curry powder
&#189; tsp onion powder
&#8539; tsp salt
 olive oil
 miso paste
 maple syrup
 sambal oelek"
75,Orange High-Energy Oat Bars,https://cdn.pickuplimes.com/cache/50/97/50978795bab5fa16f437577abf8c019b.jpg,https://www.pickuplimes.com/recipe/orange-high-energy-oat-bars-75,PT45M,"&#189; cup raw pecans
&#8532; cup dried apricot
1 cup rolled oats
&#189; cup almond flour
&#189; tsp ground cinnamon
1 Tbsp orange zest
1 pinch salt
1 cup peanut butter
&#189; cup maple syrup
 pure vanilla extract
2.646 oz dairy-free dark chocolate
&#188; tsp flaked sea salt"
80,Creamy Avocado Dip,https://cdn.pickuplimes.com/cache/40/9d/409d0110c0ec7682434a91d74401feb2.jpg,https://www.pickuplimes.com/recipe/creamy-avocado-dip-80,PT05M,"1 avocado
1 garlic clove
&#188; cup unsweetened soy yogurt
&#189; lime
&#188; tsp salt
1 pinch ground black pepper"
79,Cinnamon Mustard Dip,https://cdn.pickuplimes.com/cache/16/4d/164da20e3a36c70a818d6328837dfaef.jpg,https://www.pickuplimes.com/recipe/cinnamon-mustard-dip-79,PT05M,"3 Tbsp vegan mayonnaise
 maple syrup
 dijon mustard
&#188; tsp ground cinnamon"
78,Oven-Roasted Sweet Potato Fries,https://cdn.pickuplimes.com/cache/0c/d0/0cd044d17c30b126bfed49cd087650ac.jpg,https://www.pickuplimes.com/recipe/crispy-oven-roasted-sweet-potato-fries-78,PT45M,"3 medium sweet potato
 cornstarch
 vegetable oil
 onion powder
 dried oregano
&#189; tsp paprika powder
&#189; tsp salt"
83,Creamy Coconut Chana Dal,https://cdn.pickuplimes.com/cache/4d/07/4d07199777d3755564c3a0578e3834b6.jpg,https://www.pickuplimes.com/recipe/creamy-coconut-chana-dal-83,PT01H00M,"1 Tbsp vegetable oil
2 medium onion
4 garlic clove
1 Tbsp fresh ginger
1 red hot chili pepper
1 Tbsp curry powder
 ground turmeric
 garam masala
&#189; tsp salt
1&#189; cup dry chana dal
2 cup water
1 vegetable bouillon cube
1&#189; cup uncooked brown rice
2 cup water
1&#8532; cup canned full-fat coconut milk
1 yellow bell pepper
1 red bell pepper
1 cup cherry tomatoes"
82,Macaroni Chili,https://cdn.pickuplimes.com/cache/5c/30/5c30df6369f671b2ee9566636d0acf4c.jpg,https://www.pickuplimes.com/recipe/macaroni-chili-82,PT25M,"2 cup dry whole wheat macaroni
1 Tbsp vegetable oil
1 medium onion
2 garlic clove
1&#8532; cup canned diced tomatoes
2 Tbsp tomato paste
1 vegetable bouillon cube
 chili powder
 paprika powder
 salt
&#188; tsp ground black pepper
1&#190; cup cooked kidney beans
1&#189; cup veggie ground
2 carrot
1 red bell pepper
3 cup fresh spinach"
81,Tofu Vietnamese Sub - Bánh Mì,https://cdn.pickuplimes.com/cache/ee/9c/ee9cc5df564c9109247b3e87172c70fc.jpg,https://www.pickuplimes.com/recipe/tofu-vietnamese-sub-b%C3%A1nh-m%C3%AC-81,PT25M,"15.873 oz firm tofu
3 garlic clove
2 Tbsp sodium-reduced soy sauce
 sriracha
 granulated sugar
 toasted sesame oil
&#189; lime
 vegetable oil
2 carrot
&#189; cup boiling water
&#189; cup white vinegar
1&#189; Tbsp granulated sugar
 salt
2 large baguette
2 Tbsp vegan mayonnaise
 sriracha
1 cucumber
1 red hot chili pepper
&#189; cup fresh cilantro
2 Tbsp hoisin sauce"
84,Potato Hash Cakes with Baked Marinated Tempeh,https://cdn.pickuplimes.com/cache/cc/04/cc0497c2253469b5e6274213118013eb.jpg,https://www.pickuplimes.com/recipe/potato-hash-cakes-with-baked-marinated-tempeh-84,PT01H20M,"&#188; cup sodium-reduced soy sauce
2 Tbsp maple syrup
1 Tbsp sriracha
8.818 oz tempeh
1 Tbsp vegetable oil
2 medium potato
1 small onion
1 Tbsp all-purpose flour
 garlic powder
 ground cumin
&#189; tsp salt
&#188; tsp ground black pepper
4 spritz of cooking oil spray
2 cup cherry tomatoes
5 cup fresh spinach
3 garlic clove
1 avocado"
87,Avocado Hummus,https://cdn.pickuplimes.com/cache/b1/cd/b1cd0fda9cb2f31bce79600521b4e7e1.jpg,https://www.pickuplimes.com/recipe/avocado-hummus-87,PT05M,"1 avocado
1&#188; cup cooked chickpeas
2 Tbsp tahini
1 Tbsp olive oil
2 garlic clove
&#189; lemon
&#188; tsp salt"
86,Avocado Hummus Toast with Miso Mushroom and Kale Sauté,https://cdn.pickuplimes.com/cache/77/65/77659b6f2d7e2e8a0a4042cc7806cba1.jpg,https://www.pickuplimes.com/recipe/avocado-hummus-toast-with-miso-mushroom-and-kale-saut%C3%A9-86,PT35M,"1 avocado
1&#188; cup cooked chickpeas
2 Tbsp tahini
1 Tbsp olive oil
2 garlic clove
1 lemon
1 Tbsp olive oil
&#189; tsp dried chives
&#189; tsp dried parsley
&#189; tsp ground cumin
&#188; tsp salt
4 small pita bread
&#189; Tbsp olive oil
9.171 oz cremini mushroom
2 garlic clove
3 cup kale
 onion powder
 miso paste
 boiling water
1 bell pepper"
85,Simple Oatmeal Pancakes,https://cdn.pickuplimes.com/cache/79/3f/793fea83c6a96aae0382093f80e041c6.jpg,https://www.pickuplimes.com/recipe/simple-oatmeal-pancakes-85,PT25M,"2 cup rolled oats
1 cup unsweetened soy milk
&#8531; cup unsweetened applesauce
2 Tbsp maple syrup
1 Tbsp refined coconut oil
 ground cinnamon
 baking powder
 pure vanilla extract
&#189; tsp salt
&#189; cup unsweetened coconut yogurt
&#188; cup pomegranate seeds
2 Tbsp roasted unsalted pistachios"
88,Ooey-Gooey Cinnamon Buns,https://cdn.pickuplimes.com/cache/d2/ce/d2ce68a7834ef50402c15477f092c662.jpg,https://www.pickuplimes.com/recipe/ooey-gooey-cinnamon-buns-88,PT02H55M,"1 cup unsweetened soy milk
1 Tbsp instant yeast
3 cup all-purpose flour
&#188; cup granulated sugar
 baking powder
 salt
&#188; cup refined coconut oil
1 cup light brown sugar
&#189; cup raw pecans
 ground cinnamon
&#188; cup refined coconut oil
&#188; cup unsweetened soy milk
1 Tbsp maple syrup
1 cup powdered sugar
&#188; cup unsalted vegan butter
 unsweetened soy milk
 clear vanilla extract"
90,Coconut Lemon Custard Tart,https://cdn.pickuplimes.com/cache/84/e1/84e17dcb8ef05ad63eeb576831dc22c7.jpg,https://www.pickuplimes.com/recipe/coconut-lemon-custard-tart-90,PT03H40M,"7 digestive cookie
2 Tbsp refined coconut oil
10.582 oz silken tofu
1 lemon
&#8531; cup coconut cream
2 Tbsp granulated sugar
1 Tbsp cornstarch
 pure vanilla extract"
89,Chocolate Chip Caramel Skillet Cookie,https://cdn.pickuplimes.com/cache/e2/0a/e20affd663af1d84f918b0b9b781a18d.jpg,https://www.pickuplimes.com/recipe/chocolate-chip-caramel-skillet-cookie-89,PT40M,"&#189; cup granulated sugar
&#188; cup water
&#189; cup coconut cream
2 Tbsp ground flaxseeds
&#188; cup water
&#190; cup unsalted vegan butter
&#189; cup granulated sugar
&#189; cup light brown sugar
 pure vanilla extract
2 cup all-purpose flour
&#189; tsp baking powder
&#189; tsp salt
1.764 oz dairy-free dark chocolate chips"
97,Peanut Butter Curry Soup,https://cdn.pickuplimes.com/cache/95/23/9523da394677e1aefe7b4de1a83493c3.jpg,https://www.pickuplimes.com/recipe/peanut-butter-curry-soup-97,PT30M," olive oil
1 medium onion
4 garlic clove
1 Tbsp fresh ginger
1 Tbsp curry powder
 ground coriander
 paprika powder
&#8539; tsp cayenne pepper
4 cup vegetable broth
2 medium sweet potato
1 banana
1 carrot
&#189; cup peanut butter
1&#8532; cup canned full-fat coconut milk
4 slice multigrain bread"
96,Homemade Crunchy Croutons,https://cdn.pickuplimes.com/cache/14/b2/14b2dd8d06a1e1e20a1aa3f75d21637c.jpg,https://www.pickuplimes.com/recipe/crispy-croutons-96,PT10M,"4 slice whole wheat bread
2 Tbsp olive oil
1 garlic clove
 Italian seasoning
 garlic powder
 onion powder
&#189; tsp paprika powder
&#8539; tsp salt
1 pinch ground black pepper"
95,Roasted Vegetable Harvest Soup,https://cdn.pickuplimes.com/cache/54/06/54062851c512d065fefd500388f2d2af.jpg,https://www.pickuplimes.com/recipe/roasted-vegetable-harvest-soup-95,PT45M,"6 garlic clove
&#189; butternut squash
2 red bell pepper
2 carrot
1 jalapeño
1 medium onion
 olive oil
&#189; tsp ground cumin
&#189; tsp paprika powder
&#189; tsp salt
&#188; tsp ground black pepper
3 cup vegetable broth
&#190; cup canned full-fat coconut milk
 olive oil
&#188; tsp ground cumin
&#188; tsp paprika powder
&#188; tsp garlic powder
&#188; tsp onion powder
&#8539; tsp salt
1 pinch ground black pepper"
94,One-Pot Veggie Lentil Soup,https://cdn.pickuplimes.com/cache/a5/55/a5555c5272b302eda404bb1a2476ebdd.jpg,https://www.pickuplimes.com/recipe/one-pot-veggie-lentil-soup-94,PT40M,"1 Tbsp vegetable oil
2 medium onion
3 garlic clove
1 red hot chili pepper
 ground turmeric
 curry powder
 garam masala
&#189; tsp salt
&#189; tsp ground black pepper
5&#189; cup water
3 vegetable bouillon cube
3 cup dry brown lentils
2 medium potato
2 carrot
&#189; medium broccoli"
93,Borscht Soup,https://cdn.pickuplimes.com/cache/26/a7/26a72f3d39d028ffcaeb26c5864c9866.jpg,https://www.pickuplimes.com/recipe/borscht-soup-93,PT40M,"&#189; apple
3 medium raw beet
1 medium onion
1 carrot
1 red bell pepper
1 celery rib
1 cup shredded red cabbage
1 Tbsp vegetable oil
3 garlic clove
4 cup vegetable broth
3 Tbsp fresh dill
2 Tbsp tomato paste
2 bay leaf
1 Tbsp pickle juice
 ground coriander
1 pinch salt
1 pinch ground black pepper"
92,Green Pea Soup,https://cdn.pickuplimes.com/cache/bb/01/bb01b81208fdc556829159cb24b68d79.jpg,https://www.pickuplimes.com/recipe/green-pea-soup-92,PT25M," vegetable oil
2 garlic clove
1 small onion
 dried thyme
2 cup frozen green peas
1 cup frozen shelled edamame
4 cup vegetable broth
&#189; cup raw cashews
1 pinch salt
1 pinch ground black pepper"
100,One-Pot Tomato Lentil Pasta,https://cdn.pickuplimes.com/cache/db/89/db895521969bc0989639be07832834a5.jpg,https://www.pickuplimes.com/recipe/one-pot-tomato-lentil-pasta-100,PT30M,"1 Tbsp vegetable oil
4 garlic clove
1 medium onion
1 vegetable bouillon cube
 Italian seasoning
&#189; tsp chili flakes
10.582 oz dry spaghetti noodles
3 cup tomato-based pasta sauce
2 cup boiling water
2 cup cherry tomatoes
1&#189; cup cooked brown lentils
&#189; cup green olives
&#8531; cup sun-dried tomatoes in oil
1 Tbsp capers
2 cup fresh spinach"
99,One-Pot Creamy Rosé Pasta,https://cdn.pickuplimes.com/cache/d9/ae/d9ae02cb0f1d185ec1ea1e30920eb90f.jpg,https://www.pickuplimes.com/recipe/one-pot-creamy-ros%C3%A9-pasta-99,PT30M,"1 Tbsp vegetable oil
4 garlic clove
1 large onion
2 vegetable bouillon cube
 chili flakes
3 cup dry penne pasta
3 cup passata sauce
1&#189; cup water
&#190; cup hummus
3 Tbsp nutritional yeast flakes
1 zucchini
&#190; cup soy cooking cream
1 roasted red bell pepper from a jar
&#189; cup marinated artichoke hearts
1&#189; cup arugula"
98,One-Pot Creamy Mushroom Pasta,https://cdn.pickuplimes.com/cache/b8/1f/b81ff9626a14f216adc5d51fd1e32f56.jpg,https://www.pickuplimes.com/recipe/one-pot-creamy-mushroom-pasta-98,PT30M," vegetable oil
2 medium shallot
6 garlic clove
1 red hot chili pepper
2 vegetable bouillon cube
2 cup boiling water
1&#8532; cup canned full-fat coconut milk
4.938 oz button mushrooms
9.524 oz oyster mushrooms
14.109 oz dry fusilli pasta
&#188; cup sun-dried tomatoes in oil
2 Tbsp nutritional yeast flakes
1 Tbsp sodium-reduced soy sauce
 paprika powder
1 pinch ground black pepper
1 pinch salt
4 cup fresh spinach"
105,Beetroot Latte,https://cdn.pickuplimes.com/cache/3f/ca/3fcacc1b9098ed8ea08acaabcd2896df.jpg,https://www.pickuplimes.com/recipe/beetroot-latte-105,PT12M,"2 cup unsweetened soy milk
1 cooked beet
2 Medjool date
 pure vanilla extract
1 cinnamon stick
1 Tbsp maple syrup
&#188; cup brewed espresso"
104,Golden Milk,https://cdn.pickuplimes.com/cache/36/84/36842e0912c35cc895409b8492118ad1.jpg,https://www.pickuplimes.com/recipe/golden-milk-104,PT10M,"1 cup unsweetened soy milk
1 cup canned full-fat coconut milk
 ground turmeric
 ground cinnamon
 pure vanilla extract
2 Medjool date
1 pinch ground black pepper
1 Tbsp maple syrup
&#188; cup brewed espresso"
103,Peanut Butter Caramel Latte,https://cdn.pickuplimes.com/cache/8e/9a/8e9a7b882a0c6672515d58207968dd17.jpg,https://www.pickuplimes.com/recipe/peanut-butter-caramel-latte-103,PT10M,"2&#189; cup unsweetened soy milk
&#189; cup raw cashews
4 Medjool date
2 Tbsp peanut butter
&#188; cup brewed espresso
 pure vanilla extract
&#188; tsp ground cinnamon"
102,Mulled Spiced Apple Cider,https://cdn.pickuplimes.com/cache/d3/ce/d3ce723ff589ae56577b39bdec7c07c5.jpg,https://www.pickuplimes.com/recipe/mulled-spiced-apple-cider-102,PT30M,"8 cup apple cider
1 orange
6 cardamom pod
4 cinnamon stick
3 whole clove
&#189; cup fresh cranberries
1 Tbsp fresh ginger"
101,Chai Hot Chocolate,https://cdn.pickuplimes.com/cache/d9/03/d90385bcb954f2fe9c10e70c635c75f1.jpg,https://www.pickuplimes.com/recipe/chai-hot-chocolate-101,PT10M,"1&#189; cup unsweetened soy milk
1.764 oz dairy-free dark chocolate
2 Tbsp Dutch-processed cocoa powder
1 Tbsp granulated sugar
1 Tbsp fresh ginger
3 cinnamon stick
6 cardamom pod
4 whole clove
1 pinch cayenne pepper"
108,Vegan Mac & 'Cheese',https://cdn.pickuplimes.com/cache/bd/03/bd03fd23e0475251a7e774470aa7c3ec.jpg,https://www.pickuplimes.com/recipe/vegan-mac-cheese-108,PT55M,"&#189; cup raw cashews
8.818 oz medium potato
1 carrot
1 medium onion
3 garlic clove
1 cup unsweetened soy milk
&#8531; cup nutritional yeast flakes
1 Tbsp apple cider vinegar
1 Tbsp dijon mustard
 salt
&#189; tsp onion powder
1 pinch ground black pepper
3&#188; cup dry macaroni pasta
1 medium broccoli
&#189; cup panko breadcrumbs
1 Tbsp unsalted vegan butter
&#188; tsp smoked sweet paprika powder"
109,Mushroom & Rice Burger,https://cdn.pickuplimes.com/cache/7c/66/7c66a481ec207c0f569c5e5c8b11b83c.jpg,https://www.pickuplimes.com/recipe/wild-rice-mushroom-burger-109,PT35M,"2 Tbsp ground flaxseeds
&#188; cup water
1 Tbsp vegetable oil
2 medium onion
2 garlic clove
4.938 oz button mushrooms
&#8531; cup raw walnuts
2 Tbsp sodium-reduced soy sauce
&#189; Tbsp ground cumin
 ground coriander
1&#189; cup cooked brown lentils
1 cup cooked brown rice
1 cup breadcrumbs
1 Tbsp nutritional yeast flakes
1 Tbsp ketchup
1 pinch ground black pepper
6 burger bun
1 cup arugula
2 avocado
2 medium tomato"
106,Mexican Pizza,https://cdn.pickuplimes.com/cache/31/93/31932818febdd38f5a8839c5679ffd51.jpg,https://www.pickuplimes.com/recipe/mexican-pizza-106,7 days,"1 tsp (5ml) vegetable oil
3 garlic cloves, crushed
1 cup (115g) veggie ground†
2 Tbsp (17g) Mexican seasoning burrito seasoning
2 Tbsp (30ml) water
2 medium ready-made pizza crusts gluten-free pizza crusts
5 Tbsp (80g) tomato paste
1 bell pepper, diced
1 small red onion, thinly sliced
⅓ cups (55g) canned corn
¼ cups (38g) pickled jalapeños, sliced
10 cherry tomatoes, cut in half
1 avocado, sliced
1 stalk green onion, sliced
¼ cups (65g) unsweetened soy yogurt any unsweetened plant-based yogurt of choice
2 Tbsp (30g) vegan mayonnaise
2 Tbsp (2g) fresh cilantro
¼ tsp salt
pizza dough
•
•
•"
115,Tropical Mango Coconut Overnight Oats,https://cdn.pickuplimes.com/cache/ab/9b/ab9b0f26c34a53f24ceda8ffc5b6b611.jpg,https://www.pickuplimes.com/recipe/tropical-mango-coconut-overnight-oats-115,PT06H05M,"&#189; mango
&#189; cup rolled oats
&#189; cup unsweetened coconut milk beverage
1 Tbsp whole chia seeds
1 Tbsp almond butter
1 Tbsp maple syrup
&#189; tsp pure vanilla extract
&#188; cup unsweetened coconut yogurt
&#189; Tbsp almond butter"
114,Peanut Butter & Jelly Overnight Oats,https://cdn.pickuplimes.com/cache/29/3c/293c889e4ab3d5e129b6400d52dfb227.jpg,https://www.pickuplimes.com/recipe/peanut-butter-jelly-overnight-oats-114,PT06H05M,"&#189; cup rolled oats
&#189; cup unsweetened soy milk
2 Tbsp peanut butter
1 Tbsp whole chia seeds
&#188; tsp ground cinnamon
&#189; cup frozen mixed berries
&#188; cup unsweetened coconut yogurt
&#188; cup fresh mixed berries
&#189; Tbsp roasted unsalted peanuts"
113,Golden Overnight Couscous,https://cdn.pickuplimes.com/cache/fb/df/fbdfcb5e584bce68a7a3151b573bba3f.jpg,https://www.pickuplimes.com/recipe/golden-overnight-couscous-113,PT06H05M,"&#190; cup canned light coconut milk
&#188; cup dry couscous
2 Tbsp tahini
3 dried apricot
 maple syrup
&#189; tsp orange zest
&#189; tsp ground cinnamon
&#188; tsp ground turmeric
1 pinch ground black pepper
&#189; cup unsweetened coconut yogurt
&#188; cup pomegranate seeds
1 Tbsp roasted unsalted pistachios"
112,Almond Chocolate Overnight Oats,https://cdn.pickuplimes.com/cache/ae/f7/aef76f4fc97947d4e3d7e9daa1293145.jpg,https://www.pickuplimes.com/recipe/almond-chocolate-overnight-oats-112,PT06H05M,"&#189; cup rolled oats
&#189; cup unsweetened soy milk
2 Tbsp almond butter
1 Tbsp ground flaxseeds
0.353 oz dairy-free dark chocolate
&#189; cup fresh raspberries"
110,Vegan 'Nutella' Overnight Oats,https://cdn.pickuplimes.com/cache/ed/90/ed90e03ccb3eed121a54fb1b71503ed7.jpg,https://www.pickuplimes.com/recipe/vegan-nutella-overnight-oats-110,PT06H05M,"&#189; cup rolled oats
&#189; cup unsweetened soy milk
1 Tbsp Dutch-processed cocoa powder
1 Tbsp ground flaxseeds
1 Tbsp hazelnut butter
0.353 oz dairy-free dark chocolate
1 pinch flaked sea salt
&#188; cup unsweetened coconut yogurt
&#188; cup fresh strawberries
1 Tbsp hazelnut butter"
116,Vegan Pad Thai,https://cdn.pickuplimes.com/cache/be/fb/befb5394f2fd7e81bd1b06e9db55413a.jpg,https://www.pickuplimes.com/recipe/speedy-vegan-pad-thai-116,PT30M,"2 Tbsp vegetable oil
15.873 oz firm tofu
5.291 oz dry brown rice noodles
1 Tbsp vegetable oil
6 garlic clove
2 medium shallot
2 stalk green onion
1 red hot chili pepper
1&#189; Tbsp pickled radish
1 carrot
1 red bell pepper
1 cup shredded green cabbage
&#188; cup sodium-reduced soy sauce
3 Tbsp tamarind paste
2 Tbsp granulated sugar
1 Tbsp rice vinegar
1 Tbsp sriracha
&#189; lime
1 cup fresh bean sprouts"
117,Nectarine Salsa,https://cdn.pickuplimes.com/cache/3d/15/3d157cbadb7626a8dc4ed9af3323cc4e.jpg,https://www.pickuplimes.com/recipe/nectarine-salsa-117,PT10M,"3 nectarine
1 medium tomato
1 red bell pepper
&#189; small red onion
1 jalapeño
1 lime
2 Tbsp fresh cilantro
2 Tbsp fresh mint leaves
1 pinch salt
1 pinch ground black pepper"
125,Mango Spinach Smoothie,https://cdn.pickuplimes.com/cache/56/fd/56fdd409bf565506b26d3ac42350a54d.jpg,https://www.pickuplimes.com/recipe/mango-spinach-smoothie-125,PT05M,"2 cup frozen mango chunks
2 cup fresh spinach
1 cup unsweetened soy yogurt
&#189; cup unsweetened soy milk
2 Tbsp ground flaxseeds"
119,Immune Booster Smoothie,https://cdn.pickuplimes.com/cache/35/08/350849ec3bd9a1b26618d1f5edb726ad.jpg,https://www.pickuplimes.com/recipe/immune-booster-smoothie-119,PT05M,"2 frozen banana
1 orange
1 cup unsweetened soy milk
1 cup fresh spinach
&#189; cup frozen raspberries
&#188; medium raw beet
&#188; cup unsweetened coconut yogurt
1 Tbsp fresh ginger
1 Tbsp peanut butter"
127,Mocha Smoothie,https://cdn.pickuplimes.com/cache/b0/f6/b0f60ba2d2476ebf9d3a97563d091c53.jpg,https://www.pickuplimes.com/recipe/mocha-smoothie-127,PT05M,"1&#189; frozen banana
1 cup unsweetened oat milk
&#189; cup frozen chopped zucchini
&#188; cup roasted unsalted cashews
3 Medjool date
1 Tbsp Dutch-processed cocoa powder
2 Tbsp brewed espresso
&#189; tsp pure vanilla extract
&#189; cup vegan granola
&#189; cup fresh raspberries"
126,Pink Sunrise Smoothie,https://cdn.pickuplimes.com/cache/02/08/0208b12dc24483a04200709e869392a8.jpg,https://www.pickuplimes.com/recipe/pink-sunrise-smoothie-126,PT05M,"1&#189; cup unsweetened coconut milk beverage
1 cup frozen strawberries
1 cup frozen raspberries
1 orange
1 carrot
1 medium raw beet
&#189; cup frozen chopped zucchini
&#189; cup roasted unsalted cashews"
43,Coconut Whip,https://cdn.pickuplimes.com/cache/48/23/4823f5dc7cee0356f81c89b94bac2838.jpg,https://www.pickuplimes.com/recipe/coconut-whip-43,PT05H05M,"1&#8531; cup coconut cream
2 Tbsp powdered sugar
 pure vanilla extract"
131,Peanut Lime Vegetable Noodle Stir-Fry,https://cdn.pickuplimes.com/cache/76/f4/76f40d77f3df9db856b1a82776ac9358.jpg,https://www.pickuplimes.com/recipe/vegetable-noodle-stir-fry-with-peanut-lime-sauce-131,PT25M,"6.173 oz dry soba noodles
1 Tbsp vegetable oil
2 medium shallot
2 garlic clove
2 carrot
2 bell pepper
&#188; head of red cabbage
&#188; cup roasted unsalted cashews
3 Tbsp peanut butter
1&#189; Tbsp sodium-reduced soy sauce
1&#189; Tbsp toasted sesame oil
1 Tbsp hoisin sauce
1 Tbsp sriracha
&#189; Tbsp agave syrup
&#189; lime"
130,Mushroom & Chickpea Coconut Curry,https://cdn.pickuplimes.com/cache/33/d9/33d90bc1ada20b12c5d34c4c84517e8b.jpg,https://www.pickuplimes.com/recipe/mushroom-chickpea-coconut-curry-130,PT25M,"1 cup uncooked red rice
 vegetable oil
1 medium onion
3 garlic clove
1 Tbsp freshly grated ginger
2 cup cooked chickpeas
6.173 oz button mushrooms
1 Tbsp curry powder
&#189; tsp paprika powder
1&#8532; cup canned full-fat coconut milk
1 bell pepper
1 pinch salt
1 pinch ground black pepper
4 cup fresh spinach
15 cherry tomatoes
&#189; lemon"
129,Quinoa Salad with Roasted Garlic Dressing,https://cdn.pickuplimes.com/cache/58/24/5824bd03ccdf56d47c150502e89e89fc.jpg,https://www.pickuplimes.com/recipe/quinoa-salad-with-roasted-garlic-dressing-129,PT35M,"1 head garlic
 olive oil
&#190; cup uncooked quinoa
1&#189; cup water
1 red bell pepper
1 yellow bell pepper
1 medium tomato
1 stalk green onion
&#8531; cucumber
&#188; cup dried cranberries
&#188; cup kalamata olives
1 cup cooked chickpeas
&#8531; cup roasted unsalted almonds
2 lemon
2 Tbsp extra-virgin olive oil
1 Tbsp tahini
 sodium-reduced soy sauce
 balsamic vinegar
 onion powder
1 pinch salt
1 pinch ground black pepper"
132,"Apple, Rhubarb & Ginger Cobbler",https://cdn.pickuplimes.com/cache/74/fa/74fa8fc8cf0b34c05e0fe24885422491.jpg,https://www.pickuplimes.com/recipe/apple-ginger-rhubarb-cobbler-132,PT50M,"3 apple
14.109 oz rhubarb stalk
1 Tbsp fresh ginger
2 Tbsp granulated sugar
&#189; Tbsp cornstarch
&#188; tsp five spice powder
1&#189; cup all-purpose flour
&#188; cup granulated sugar
1 Tbsp baking powder
&#188; tsp salt
2.646 oz unsalted vegan butter
&#189; cup unsweetened soy yogurt
 pure vanilla extract"
107,Homemade Mexican Seasoning,https://cdn.pickuplimes.com/cache/54/8a/548a63fbc28c022ff6c2c3e4e50be4a7.jpg,https://www.pickuplimes.com/recipe/mexican-inspired-spice-mix-107,PT03M,"3 Tbsp garlic powder
3 Tbsp ground cumin
3 Tbsp onion powder
3 Tbsp paprika powder
2 Tbsp chili powder
1&#189; Tbsp salt
 dried oregano
 ground black pepper"
136,Quick Guacamole,https://cdn.pickuplimes.com/cache/6f/04/6f0441b9286422988abea8932495add0.jpg,https://www.pickuplimes.com/recipe/quick-guacamole-136,PT05M,"2 avocado
&#189; lime
1 garlic clove
&#188; small red onion
&#189; tsp ground cumin
&#188; tsp paprika powder
&#188; tsp salt
1 pinch cayenne pepper
5 cherry tomatoes"
135,Lentil Taco Salad,https://cdn.pickuplimes.com/cache/e3/81/e3812d040d2f29f338ac540a9de7e0a5.jpg,https://www.pickuplimes.com/recipe/bold-filling-lentil-taco-salad-135,PT30M,"1&#189; cup cooked brown lentils
&#189; cup raw walnuts
&#188; cup roasted sunflower seeds
 extra-virgin olive oil
1 Tbsp Mexican seasoning
4 cup romaine lettuce
1 medium tomato
1 bell pepper
&#189; cucumber
&#189; cup canned corn
&#188; cup black olives
&#189; cup raw cashews
&#8531; cup boiling water
1 lime
2 avocado
1 lime
3 garlic clove
&#189; small red onion
 ground cumin
&#189; tsp salt
1 cup tortilla chips
&#189; cup salsa
1 Tbsp hot sauce"
134,Mashed Chickpea & Dill Sandwich,https://cdn.pickuplimes.com/cache/a8/55/a855138bf4802789aead247d70b77d76.jpg,https://www.pickuplimes.com/recipe/mashed-chickpea-dill-sandwich-134,PT10M,"1&#189; cup cooked chickpeas
&#189; bell pepper
&#188; small red onion
&#8531; cup vegan mayonnaise
&#188; cup chopped pickles
3 Tbsp roasted sunflower seeds
2 Tbsp fresh dill
1 Tbsp fresh chives
&#189; lemon
1 pinch salt
1 pinch ground black pepper
6 slice multigrain bread
1 medium tomato
6 butter lettuce leaf
&#188; cup pickled red onions"
133,Fresh Salad Rolls with a Creamy Peanut Hoisin Sauce,https://cdn.pickuplimes.com/cache/62/f9/62f90f640ba12480129e8fba2f5af6de.jpg,https://www.pickuplimes.com/recipe/fresh-salad-rolls-with-a-creamy-peanut-hoisin-sauce-133,PT20M,"1.764 oz dry white vermicelli noodles
&#189; cup frozen shelled edamame
6 rice paper sheet
1 avocado
2 red bell pepper
1 carrot
1 cup shredded red cabbage
&#189; cucumber
&#188; cup peanut butter
&#188; cup hoisin sauce
&#189; lime
3 Tbsp water"
143,Ranch Flavoured Roasted Chickpeas,https://cdn.pickuplimes.com/cache/02/d9/02d987f34ed1585575b88109fbac7b5c.jpg,https://www.pickuplimes.com/recipe/ranch-flavoured-roasted-chickpeas-143,PT35M,"1&#189; cup cooked chickpeas
 vegetable oil
 dried parsley
 nutritional yeast flakes
&#189; tsp dried chives
&#188; tsp garlic powder
&#188; tsp onion powder
&#8539; tsp dried dill
&#8539; tsp salt
1 pinch ground black pepper"
142,Ranch Roasted Potato Wedges,https://cdn.pickuplimes.com/cache/58/31/58317933533b258aaf43d69daee70345.jpg,https://www.pickuplimes.com/recipe/ranch-roasted-potato-wedges-142,PT45M,"3 medium potato
1 Tbsp vegetable oil
&#190; tsp dried parsley
&#190; tsp nutritional yeast flakes
&#189; tsp dried chives
&#188; tsp garlic powder
&#188; tsp onion powder
&#8539; tsp dried dill
&#8539; tsp salt
1 pinch ground black pepper"
140,Vegan Ranch Mayo Dip,https://cdn.pickuplimes.com/cache/92/6e/926eb8829ecc46ab5b1a9689e16dd43d.jpg,https://www.pickuplimes.com/recipe/vegan-ranch-mayo-dip-140,PT03M,"&#189; cup vegan mayonnaise
 nutritional yeast flakes
 dried parsley
&#188; tsp dried chives
&#188; tsp garlic powder
&#188; tsp onion powder
&#8539; tsp dried dill
&#8539; tsp salt
1 pinch ground black pepper"
139,2-Minute Chocolate Nut Spread,https://cdn.pickuplimes.com/cache/09/77/09772f0ec81cad936475218928d470db.jpg,https://www.pickuplimes.com/recipe/2-minute-chocolate-almond-spread-139,PT03M,"&#189; cup almond butter
2 Tbsp Dutch-processed cocoa powder
2 Tbsp maple syrup
2 Tbsp unsweetened soy milk"
138,Frozen Yogurt Covered Blueberries,https://cdn.pickuplimes.com/cache/92/fd/92fdf9fbf5f7c1e97d5e01004ac27277.jpg,https://www.pickuplimes.com/recipe/frozen-yogurt-covered-blueberries-138,PT01H08M,"1 cup fresh blueberries
&#189; cup unsweetened soy yogurt"
137,Watermelon Pizza,https://cdn.pickuplimes.com/cache/0d/9f/0d9f9b1673a9d37e77616ce1a7ec86a2.jpg,https://www.pickuplimes.com/recipe/watermelon-pizza-137,PT05M,"&#189; watermelon
1&#189; cup unsweetened coconut yogurt
1 cup fresh mixed berries"
144,Roasted Potato Wedges,https://cdn.pickuplimes.com/cache/b8/e2/b8e2e3871baeb27058548c9af5a26997.jpg,https://www.pickuplimes.com/recipe/roasted-potatoes-144,PT43M,"4 medium potato
1 Tbsp vegetable oil
&#190; tsp paprika powder
&#189; tsp onion powder
&#189; tsp garlic powder
&#189; tsp salt
1 pinch ground black pepper"
145,Rhubarb & Raspberry Almond Tart,https://cdn.pickuplimes.com/cache/9f/e3/9fe3a0fa643b28f427c4cb369d371453.jpg,https://www.pickuplimes.com/recipe/almond-tart-with-raspberries-rhubarb-145,PT55M,"13.228 oz rhubarb stalk
1 Tbsp granulated sugar
&#189; cup raspberry jam
3 Tbsp ground flaxseeds
5 Tbsp unsweetened soy milk
&#190; cup almond flour
&#188; cup granulated sugar
3 Tbsp unsalted margarine
2 Tbsp all-purpose flour
 pure vanilla extract
5.644 oz digestive cookie
5 Medjool date
3 Tbsp refined coconut oil
 pure vanilla extract"
149,White Asparagus & Potato Soup,https://cdn.pickuplimes.com/cache/89/56/895620021a8ba528109fc1183f41dd4d.jpg,https://www.pickuplimes.com/recipe/white-asparagus-potato-soup-149,PT45M,"22.928 oz white asparagus
4 cup vegetable broth
 olive oil
1 medium onion
3 garlic clove
2 medium potato
 paprika powder
1 pinch ground black pepper"
150,Frozen Yogurt Breakfast Bars,https://cdn.pickuplimes.com/cache/30/07/300745431ad4c046f20696ac5d2fcb5c.jpg,https://www.pickuplimes.com/recipe/frozen-yogurt-breakfast-bars-150,PT02H10M,"1 cup frozen mixed berries
1 cup Medjool date
2 cup rolled oats
1 cup almond butter
&#188; cup ground flaxseeds
 ground cinnamon
1&#189; cup unsweetened soy yogurt"
151,Refreshing Ginger Mint Lemonade,https://cdn.pickuplimes.com/cache/4e/db/4edb173bf8b368160d407c429ebffbbc.jpg,https://www.pickuplimes.com/recipe/refreshing-ginger-mint-lemonade-151,PT05M,"1 Tbsp freshly grated ginger
20 fresh mint leaves
3 lemon
3 cup water
2 cup ice cube
2 Tbsp agave syrup"
152,Samosa Sweet Potato Breakfast Wraps with Tofu Scramble,https://cdn.pickuplimes.com/cache/68/7e/687ee7bfe80e046e409efadf21c562db.jpg,https://www.pickuplimes.com/recipe/samosa-sweet-potato-breakfast-wraps-with-tofu-scramble-152,PT25M,"2 medium sweet potato
 vegetable oil
&#188; cup frozen green peas
&#189; tsp ground cumin
&#189; tsp ground coriander
&#189; tsp ground turmeric
&#189; tsp dried fenugreek leaves
1 pinch salt
1 pinch ground black pepper
 vegetable oil
1 medium onion
11.464 oz firm tofu
 ground turmeric
 nutritional yeast flakes
 garlic powder
1 pinch salt
1 pinch ground black pepper
3 large soft tortilla
1 avocado
1 bell pepper
 hot sauce"
155,Baked Fruit Crumble,https://cdn.pickuplimes.com/cache/64/11/64112727db68ff854651c689edd65ac2.jpg,https://www.pickuplimes.com/recipe/baked-fruit-crumble-three-ways-155,PT22M,"5 cup frozen mixed berries
1 cup rolled oats
2 Tbsp melted refined coconut oil
1 Tbsp light brown sugar
 ground cinnamon
&#190; cup vegan ice cream
3 cup roasted unsalted pecans"
154,Tropical Coconut Popsicles,https://cdn.pickuplimes.com/cache/35/e1/35e1cf3c4023300323dc7b02bc46d31d.jpg,https://www.pickuplimes.com/recipe/tropical-coconut-popsicles-154,PT06H10M,"1&#8532; cup canned full-fat coconut milk
&#189; cup pineapple juice
&#189; lime
&#190; cup frozen raspberries
3 Tbsp agave syrup"
153,Ultra Fudgy Sea Salt Caramel Brownies,https://cdn.pickuplimes.com/cache/cc/3d/cc3d1fab145f663ae61b5053e1ebf096.jpg,https://www.pickuplimes.com/recipe/ultra-fudgy-sea-salt-caramel-brownies-153,PT15M,"2 cup Medjool date
2 Tbsp refined coconut oil
&#189; cup Dutch-processed cocoa powder
1 Tbsp water
&#189; cup roasted unsalted pecans
1.764 oz dairy-free dark chocolate
1 pinch flaked sea salt"
91,Stewed Berries,https://cdn.pickuplimes.com/cache/3f/24/3f2492838f9e4f24dba8c70c283a50b0.jpg,https://www.pickuplimes.com/recipe/stewed-berries-91,PT05M,"&#189; cup frozen raspberries
&#189; cup frozen blueberries"
20,Homemade Almond Butter,https://cdn.pickuplimes.com/cache/8b/0b/8b0be86afd9ad93b49587205edab9a2d.jpg,https://www.pickuplimes.com/recipe/homemade-almond-butter-20,PT17M,3 cup raw almonds
159,Falafel Wraps with Roasted Garlic Mayo,https://cdn.pickuplimes.com/cache/9e/59/9e5966c61f755473ed5849841639acbd.jpg,https://www.pickuplimes.com/recipe/falafel-wraps-with-roasted-garlic-mayo-159,PT30M,"1 head garlic
 olive oil
16 falafel
&#188; cup vegan mayonnaise
&#190; cup hummus
4 pita bread
8 romaine lettuce leaf
2 medium tomato
&#188; cucumber
&#188; cup black olives"
158,Perfect Roasted Garlic,https://cdn.pickuplimes.com/cache/d0/5d/d05dd573910d991f5908236731aa44e9.jpg,https://www.pickuplimes.com/recipe/roasted-garlic-158,PT22M,"1 head garlic
 olive oil"
157,"Roasted Garlic, Potato & Arugula Pizza",https://cdn.pickuplimes.com/cache/89/be/89be64b024c7aef8e7f0616f53860beb.jpg,https://www.pickuplimes.com/recipe/roasted-garlic-potato-arugula-pizza-157,PT25M,"2 medium ready-made pizza crust
 olive oil
8 roasted garlic clove
2 small potato
1&#188; tsp dried thyme
1 pinch salt
1 cup arugula
5 sun-dried tomatoes in oil
10 kalamata olives
3 Tbsp roasted pine nuts
1 Tbsp tahini
1 Tbsp sriracha
1 Tbsp fresh lemon juice
 maple syrup"
172,BTLT: BBQ Tempeh Lettuce & Tomato Sandwich,https://cdn.pickuplimes.com/cache/4b/9a/4b9a2097aeeb91a5313f0d3af98cf7ac.jpg,https://www.pickuplimes.com/recipe/btlt-bbq-tempeh-lettuce-tomato-sandwich-172,PT02H25M,"8.818 oz tempeh
&#189; cup barbecue sauce
 vegetable oil
6 slice whole wheat bread
2 Tbsp vegan mayonnaise
3 romaine lettuce leaf
1 roasted red bell pepper from a jar
1 medium tomato
1 avocado"
171,To-Go Miso Noodle Soup,https://cdn.pickuplimes.com/cache/0b/d6/0bd66116d94e1195c055f2668930b757.jpg,https://www.pickuplimes.com/recipe/to-go-miso-noodle-soup-171,PT10M,"1.764 oz quick-cooking ramen noodles
2 Tbsp miso paste
&#189; vegetable bouillon cube
2.822 oz firm tofu
1.94 oz button mushrooms
1 stalk green onion
&#189; cup fresh spinach
1&#189; cup boiling water"
170,Thai Sweet Potato & Chickpea Green Curry,https://cdn.pickuplimes.com/cache/f9/c4/f9c47da48aa3d4a770ea96b1e2ddf773.jpg,https://www.pickuplimes.com/recipe/thai-sweet-potato-chickpea-green-curry-170,PT30M,"1 cup uncooked white rice
&#189; Tbsp vegetable oil
1 medium onion
2 garlic clove
2 Tbsp Thai green curry paste
1 medium sweet potato
1&#8532; cup canned full-fat coconut milk
1&#188; cup cooked chickpeas
&#8531; cup water
2 cup fresh spinach"
169,Rainbow Veggie Rolls,https://cdn.pickuplimes.com/cache/f6/48/f64850c7d982234b321a96700034245e.jpg,https://www.pickuplimes.com/recipe/rainbow-veggie-rolls-169,PT55M,"1&#189; cup uncooked Japanese short-grain rice
2 Tbsp rice vinegar
 granulated sugar
&#189; tsp salt
1 medium sweet potato
6 nori seaweed sheet
1 avocado
1 mango
&#189; cucumber
1 red bell pepper"
175,Thai Red Curry Noodle Soup with Crispy Tofu,https://cdn.pickuplimes.com/cache/2b/69/2b694a769639d2fee7473ea056794dcd.jpg,https://www.pickuplimes.com/recipe/thai-red-curry-noodle-soup-with-crispy-tofu-175,PT15M,"1 Tbsp vegetable oil
11.464 oz firm tofu
 vegetable oil
3 garlic clove
1 Tbsp freshly grated ginger
3 Tbsp Thai red curry paste
2&#189; cup vegetable broth
1&#8532; cup canned full-fat coconut milk
2 Tbsp sodium-reduced soy sauce
 sambal oelek
1 red bell pepper
4.409 oz dry brown rice noodles
2 head of baby bok choy"
174,Tempeh Tacos with Cashew Lime Cream,https://cdn.pickuplimes.com/cache/0b/4d/0b4d4a55837b2de33db513b23dac3e46.jpg,https://www.pickuplimes.com/recipe/tempeh-tacos-with-cashew-lime-cream-174,PT15M," vegetable oil
2 medium shallot
3 garlic clove
10.582 oz tempeh
 onion powder
 paprika powder
 ground cumin
&#189; tsp dried oregano
&#189; tsp chili powder
&#8539; tsp ground black pepper
1&#8532; cup canned diced tomatoes
2 Tbsp sodium-reduced soy sauce
9 small soft tortilla
1 cup cherry tomatoes
1 avocado
&#188; small red onion
&#189; cup raw cashews
&#8531; cup boiling water
1 lime"
176,Speedy Pea & Basil Pesto Pasta,https://cdn.pickuplimes.com/cache/1f/5e/1f5e99e6564947c3e121176b07c70c52.jpg,https://www.pickuplimes.com/recipe/speedy-pea-basil-pesto-pasta-176,PT15M,"8.818 oz dry linguine noodles
 vegetable oil
4 garlic clove
 vegetable oil
2 medium shallot
2 roasted red bell pepper from a jar
1 lemon
1&#189; cup fresh green peas
&#189; cup roasted pine nuts
1 cup fresh basil
2 Tbsp olive oil
1 pinch salt
1 pinch ground black pepper
2 cup arugula"
177,Sugar-Free Fudgy Two-Bite Brownies,https://cdn.pickuplimes.com/cache/b1/c0/b1c04aa6a69aafecc2778e15bb8160b1.jpg,https://www.pickuplimes.com/recipe/sugar-free-fudge-two-bite-brownies-177,PT35M,"1 Tbsp ground flaxseeds
&#189; cup unsweetened soy milk
&#188; cup roasted unsalted hazelnuts
&#190; cup Medjool date
&#8531; cup Dutch-processed cocoa powder
&#188; cup almond butter
 pure vanilla extract
 instant coffee granules
&#188; tsp salt
&#8531; cup dairy-free dark chocolate chips"
19,Quick Homemade Tahini,https://cdn.pickuplimes.com/cache/c7/80/c78050e73a28a066c8c905b16b215725.jpg,https://www.pickuplimes.com/recipe/quick-homemade-tahini-19,PT12M,3 cup raw sesame seeds
163,"Green Pea, Edamame & Mint Dip",https://cdn.pickuplimes.com/cache/2a/1e/2a1e41404f138a69c79c66d1602dac9d.jpg,https://www.pickuplimes.com/recipe/green-pea-edamame-mint-dip-163,PT10M,"1 cup frozen green peas
1 cup frozen shelled edamame
3 Tbsp water
3 Tbsp tahini
1 Tbsp olive oil
&#189; lemon
10 fresh mint leaves
2 garlic clove
 ground cumin
&#189; tsp salt"
162,Vibrant Roasted Beetroot Hummus,https://cdn.pickuplimes.com/cache/09/bf/09bf93de557c38653e4a5315552aa41d.jpg,https://www.pickuplimes.com/recipe/vibrant-roasted-beetroot-hummus-162,PT50M,"2 medium raw beet
1&#189; cup cooked chickpeas
&#188; cup water
1 lemon
2 Tbsp tahini
1 Tbsp olive oil
2 garlic clove
&#189; tsp salt"
181,Zucchini Rolls with Vegan Ricotta Cheese,https://cdn.pickuplimes.com/cache/0c/a5/0ca5cd2fb119d3d67028c73f95f715f2.jpg,https://www.pickuplimes.com/recipe/zucchini-rolls-with-vegan-ricotta-cheese-181,PT45M,"&#189; cup raw cashews
1 garlic clove
&#188; cup unsweetened soy milk
&#189; Tbsp apple cider vinegar
 nutritional yeast flakes
&#189; tsp olive oil
&#188; tsp onion powder
1 pinch salt
1 pinch ground black pepper
1 zucchini
3&#189; cup fresh spinach
1&#8532; cup passata sauce
2 garlic clove
1 Tbsp tomato paste
 nutritional yeast flakes
 dried oregano
 Italian seasoning
&#189; tsp curry powder
1 pinch ground black pepper
1 Tbsp olive oil
&#189; cup panko breadcrumbs
 Italian seasoning
 paprika powder
&#8539; tsp salt"
183,Creamy & Rich London Fog,https://cdn.pickuplimes.com/cache/6d/cc/6dcc7733e7f5c0bece33eec6e63988ea.jpg,https://www.pickuplimes.com/recipe/creamy-rich-london-fog-183,PT07M,"2 cup unsweetened soy milk
 loose Earl Grey tea leaves
 maple syrup
2 cinnamon stick
&#189; tsp pure vanilla extract"
184,One-Pot Lasagna Soup,https://cdn.pickuplimes.com/cache/b2/ad/b2adad278931cb0d248f4ae2e142b736.jpg,https://www.pickuplimes.com/recipe/one-pot-lasagna-soup-184,PT35M,"1 Tbsp olive oil
1 medium onion
3 garlic clove
2 Tbsp tomato paste
2 vegetable bouillon cube
 Italian seasoning
 dried oregano
 onion powder
&#189; tsp dried thyme
&#188; tsp ground black pepper
1&#190; cup veggie ground
4.938 oz button mushrooms
3&#8531; cup canned diced tomatoes
3 cup water
 balsamic vinegar
3.527 oz dry lasagna sheet
2 cup fresh spinach"
186,Vegan Gado Gado with Sun-Dried Tomatoes,https://cdn.pickuplimes.com/cache/55/3a/553a375dca84dcc6ada40216a5ed8614.jpg,https://www.pickuplimes.com/recipe/vegan-gado-gado-with-sun-dried-tomatoes-186,PT35M,"1 Tbsp vegetable oil
2 medium onion
4 garlic clove
2 cup mock chicken pieces
4 cup green beans
1 cup boiling water
1 cup uncooked white rice
2 bell pepper
&#8531; cup sun-dried tomatoes in oil
&#8531; cup sodium-reduced soy sauce
 sambal oelek
&#189; cup peanut butter
&#8531; cup water
1 garlic clove
1 Tbsp sodium-reduced soy sauce
&#189; lime
 light brown sugar"
185,Fabulously Healthy Buckwheat Pancakes,https://cdn.pickuplimes.com/cache/51/ea/51ea0e579003dd62237db767058d73e5.jpg,https://www.pickuplimes.com/recipe/fabulously-healthy-buckwheat-pancakes-185,PT25M,"2 ripe banana
1 Tbsp ground flaxseeds
1 cup unsweetened soy milk
1 cup buckwheat flour
 baking powder
 ground cinnamon
 pure vanilla extract
&#188; tsp salt
&#188; tsp pumpkin spice mix
1 cup fresh mixed berries
3 Tbsp almond butter"
191,Creamy Coconut Paprika Zucchini Soup,https://cdn.pickuplimes.com/cache/45/1a/451a99a42e5d75226a934dd52044e5a4.jpg,https://www.pickuplimes.com/recipe/creamy-coconut-paprika-zucchini-soup-191,PT40M,"1 Tbsp vegetable oil
2 medium onion
2 garlic clove
2 vegetable bouillon cube
1 zucchini
3 red bell pepper
 ground coriander
&#188; cup sun-dried bell pepper in oil
2 cup water
1&#8532; cup canned full-fat coconut milk"
192,Herby Garlic Cream 'Cheese',https://cdn.pickuplimes.com/cache/23/8c/238c7106d8f53caace5f2a8571795df5.jpg,https://www.pickuplimes.com/recipe/herby-garlic-tofu-cashew-spread-192,PT01H10M,"&#190; cup raw cashews
11.464 oz firm tofu
2 garlic clove
&#189; lemon
1 Tbsp apple cider vinegar
 garlic powder
 onion powder
 salt
&#189; tsp ground black pepper
&#8531; cup fresh chives
&#8531; cup fresh dill
3 Tbsp fresh basil"
189,Nourishing Coconut Milk Oatmeal,https://cdn.pickuplimes.com/cache/44/d2/44d238239cf72811f9093fcd2a429000.jpg,https://www.pickuplimes.com/recipe/nourishing-coconut-milk-oatmeal-189,PT20M,"1 cup steel cut oats
1&#8532; cup canned light coconut milk
1 cup unsweetened soy milk
1 banana
1 Tbsp ground flaxseeds
&#189; tsp ground cinnamon
 pure vanilla extract
1 cup fresh mixed berries
3 Tbsp roasted unsalted pecans
1 Tbsp hemp seeds"
188,Hazelnut Granola Breakfast Bars,https://cdn.pickuplimes.com/cache/8b/62/8b62bfdb1b1c2a19d7628704b9c48532.jpg,https://www.pickuplimes.com/recipe/hazelnut-granola-breakfast-bars-188,PT27M,"2 Tbsp ground flaxseeds
6 Tbsp water
1 cup roasted unsalted hazelnuts
1&#188; cup rolled oats
 ground cinnamon
&#189; tsp salt
1&#188; cup rolled oats
&#190; cup Medjool date
&#189; cup almond butter
&#8531; cup refined coconut oil
 pure vanilla extract
&#189; cup dried cranberries
&#188; cup raw pumpkin seeds
&#188; cup raw pecans
1.411 oz dairy-free dark chocolate
2 Tbsp unsweetened coconut flakes"
187,Double Chocolate Brownies,https://cdn.pickuplimes.com/cache/d0/90/d090240b60e8253a740bf8145242bb17.jpg,https://www.pickuplimes.com/recipe/double-chocolate-brownies-187,PT27M,"2 Tbsp ground flaxseeds
&#188; cup water
2.646 oz dairy-free dark chocolate
&#188; cup refined coconut oil
&#189; cup granulated sugar
&#188; cup light brown sugar
&#188; cup unsweetened soy milk
 pure vanilla extract
&#190; cup all-purpose flour
&#189; cup Dutch-processed cocoa powder
 baking powder
&#188; tsp salt
2.646 oz dairy-free dark chocolate"
194,Garden Chickpea Dill Dip,https://cdn.pickuplimes.com/cache/63/b7/63b7f74cfa759f9e2b52acbe651420fb.jpg,https://www.pickuplimes.com/recipe/garden-chickpea-dill-dip-194,PT15M,"1 cup cooked chickpeas
1 cup cooked red lentils
1 celery rib
1 carrot
&#189; lemon
&#188; red bell pepper
&#189; small red onion
3 Tbsp fresh dill
3 Tbsp vegan mayonnaise
3 Tbsp chopped pickles
2 Tbsp roasted sunflower seeds
 capers
&#189; tsp dijon mustard
&#188; tsp salt
1 pinch ground black pepper"
193,Pistachio & Cranberry Energy Balls,https://cdn.pickuplimes.com/cache/71/f9/71f9a49b7825aabc5dfcb847423be016.jpg,https://www.pickuplimes.com/recipe/pistachio-cranberry-energy-balls-193,PT30M,"1 cup Medjool date
2 Tbsp ground flaxseeds
3 Tbsp water
1 cup rolled oats
&#189; cup raw shelled pistachios
&#189; cup raw cashews
&#8531; cup dried cranberries
&#188; cup dairy-free dark chocolate chips
2 Tbsp maple syrup
 pure vanilla extract
&#188; tsp ground cinnamon
1 pinch salt"
195,Vegan Caramel Popcorn,https://cdn.pickuplimes.com/cache/55/15/5515894c4466e67f05c01fca3641932e.jpg,https://www.pickuplimes.com/recipe/vegan-caramel-popcorn-195,PT10M," refined coconut oil
&#189; cup popcorn kernels
1 Tbsp refined coconut oil
3 Tbsp maple syrup
 pure vanilla extract
&#188; tsp baking soda
&#8539; tsp ground cinnamon
1 pinch salt"
196,Classic Comforting Oatmeal,https://cdn.pickuplimes.com/cache/b6/60/b660c862d9c09f6ffeb2dcda70e58b09.jpg,https://www.pickuplimes.com/recipe/classic-comforting-oatmeal-196,PT15M,"1 cup rolled oats
2 cup unsweetened soy milk
&#190; tsp ground cinnamon
&#8539; tsp pumpkin spice mix
2 banana
2 Tbsp ground flaxseeds
&#189; tsp pure vanilla extract
&#189; cup stewed berries
2 Tbsp peanut butter
1 Tbsp hemp seeds
2 Tbsp raw pumpkin seeds"
199,One-Bowl Chewy Double Chocolate Chip Cookies,https://cdn.pickuplimes.com/cache/ab/db/abdb84b2bd04c903dfd06d9074ea63f1.jpg,https://www.pickuplimes.com/recipe/one-bowl-chewy-double-chocolate-chip-cookies-199,PT24M,"&#189; cup refined coconut oil
&#8532; cup light brown sugar
&#189; cup unsweetened soy milk
&#8531; cup Dutch-processed cocoa powder
3 Tbsp maple syrup
1 Tbsp pure vanilla extract
 baking powder
&#190; tsp baking soda
&#189; tsp instant coffee granules
&#189; tsp salt
2 cup all-purpose flour
5.291 oz dairy-free dark chocolate"
202,Candied Coconut & Cinnamon Pecans,https://cdn.pickuplimes.com/cache/5a/f0/5af0a2702d889a59cee8c021ded9cdab.jpg,https://www.pickuplimes.com/recipe/candied-coconut-cinnamon-pecans-202,PT13M,"2 Tbsp maple syrup
2 Tbsp unsweetened shredded coconut
1 Tbsp refined coconut oil
&#188; tsp salt
&#8539; tsp ground cinnamon
2 cup raw pecans"
203,Comforting Coconut Red Lentil Dal,https://cdn.pickuplimes.com/cache/f4/db/f4db7a088cef08847c931b862d68ad00.jpg,https://www.pickuplimes.com/recipe/comforting-coconut-red-lentil-daal-203,PT37M,"1 Tbsp vegetable oil
1 medium onion
3 garlic clove
1 carrot
1 Tbsp freshly grated ginger
 curry powder
 ground turmeric
 ground cumin
&#189; tsp paprika powder
1 pinch salt
2 cup dry red lentils
2 cup vegetable broth
1&#8532; cup canned full-fat coconut milk
1&#189; cup uncooked basmati rice
2&#188; cup water
6 cardamom pod"
232,Thick Dark Chocolate Pudding,https://cdn.pickuplimes.com/cache/dc/97/dc975ca4925073bc3eca66712ee5d9fa.jpg,https://www.pickuplimes.com/recipe/mousse-au-chocolat-232,PT40M,"8.818 oz dairy-free dark chocolate
10.582 oz silken tofu
2 Tbsp maple syrup
2 Tbsp almond butter
 pure vanilla extract
&#188; tsp salt
&#189; tsp instant coffee granules"
205,Tofu 'Chorizo',https://cdn.pickuplimes.com/cache/37/7f/377f22573182c23615dc4899e7b7f953.jpg,https://www.pickuplimes.com/recipe/vegan-tofu-chorizo-205,PT37M,"1 Tbsp vegetable oil
1 small onion
4 garlic clove
&#189; tsp salt
7.055 oz cremini mushroom
21.164 oz firm tofu
1 Tbsp dried oregano
1 Tbsp paprika powder
 chili powder
&#189; tsp ground coriander
&#189; tsp ground cumin
&#189; tsp ground black pepper
&#8539; tsp ground cinnamon
2 Tbsp apple cider vinegar
 sodium-reduced soy sauce"
210,Soba Noodle Bowl with BBQ Tempeh,https://cdn.pickuplimes.com/cache/b6/47/b6477133bbf31f773eddc00a8efce2f1.jpg,https://www.pickuplimes.com/recipe/soba-noodle-bowl-with-bbq-tempeh-210,PT02H50M,"8.818 oz tempeh
1 cup barbecue sauce
3 Tbsp sodium-reduced soy sauce
2 Tbsp tahini
1 garlic clove
&#189; lime
1 Tbsp rice vinegar
1 Tbsp agave syrup
 freshly grated ginger
 sambal oelek
 toasted sesame oil
6.349 oz dry soba noodles
1 cup frozen shelled edamame
1 Tbsp vegetable oil
2 garlic clove
1 carrot
3.527 oz shiitake mushrooms
1 large broccoli"
208,Protein-Packed Lentil & Quinoa Salad,https://cdn.pickuplimes.com/cache/bf/63/bf635ce58dc264ef9ca8327cb55fd528.jpg,https://www.pickuplimes.com/recipe/protein-packed-lentil-quinoa-salad-208,PT25M,"&#190; cup uncooked quinoa
1 cup frozen edamame in shell
2&#189; cup cooked brown lentils
1 red bell pepper
3 cup fresh spinach
2 Tbsp roasted pumpkin seeds
&#188; cup tahini
&#188; cup water
2 Tbsp sodium-reduced soy sauce
&#189; Tbsp maple syrup
 apple cider vinegar
 miso paste
 onion powder
 sambal oelek"
233,Ciabatta Pizza with Tahini Balsamic Drizzle,https://cdn.pickuplimes.com/cache/83/e2/83e29604218446878628a2e698eb9fe3.jpg,https://www.pickuplimes.com/recipe/focaccia-pizza-with-tahini-balsamic-drizzle-233,PT30M,"1 cup passata sauce
&#188; cup tomato paste
2 garlic clove
1 Tbsp nutritional yeast flakes
 dried oregano
 Italian seasoning
1 pinch ground black pepper
1 large ciabatta loaf
12 kalamata olives
10 cherry tomatoes
2.646 oz button mushrooms
&#189; red bell pepper
&#188; small red onion
1 cup arugula
2 Tbsp tahini
2 Tbsp water
 balsamic vinegar"
234,Tropical Matcha Green Smoothie,https://cdn.pickuplimes.com/cache/c2/0e/c20ebf0d41f1e6311f5e94effee33c8b.jpg,https://www.pickuplimes.com/recipe/tropical-matcha-green-smoothie-234,PT05M,"1&#189; cup canned light coconut milk
1 cup unsweetened soy milk
2 frozen banana
1 cup fresh pineapple
1 cup fresh spinach
4 Medjool date
2 Tbsp hemp seeds
1&#189; tsp matcha powder"
236,Orange Ginger Sunrise Smoothie,https://cdn.pickuplimes.com/cache/ba/77/ba7749c87501e9717366e6cd5b4c05f7.jpg,https://www.pickuplimes.com/recipe/orange-ginger-sunrise-smoothie-236,PT05M,"1 orange
1 carrot
&#190; cup frozen mango chunks
&#189; cup frozen raspberries
&#190; cup unsweetened soy milk
&#189; cup unsweetened soy yogurt
1 Tbsp fresh ginger
2 Tbsp hemp seeds"
235,Coconut Matcha Latte,https://cdn.pickuplimes.com/cache/de/ea/deea480fd25106173b68ea5d8052b519.jpg,https://www.pickuplimes.com/recipe/coconut-matcha-latte-235,PT06M,"4 Medjool date
1&#189; cup canned light coconut milk
&#189; cup unsweetened soy milk
 matcha powder"
237,Massaged Umami Kale Salad,https://cdn.pickuplimes.com/cache/7d/ff/7dffc4e172ed906624424c55f74da9f3.jpg,https://www.pickuplimes.com/recipe/massaged-umami-kale-salad-237,PT10M,"6 cup kale
 toasted sesame oil
&#188; cup dried cranberries
3 Tbsp roasted pumpkin seeds
3 Tbsp toasted sliced almonds
1 small shallot
1 garlic clove
&#189; lemon
2 Tbsp Asian sesame paste
1 Tbsp sodium-reduced soy sauce
&#189; Tbsp maple syrup
&#189; Tbsp rice vinegar
&#189; tsp miso paste
1 pinch ground black pepper"
124,Chocolate Hazelnut & Fig Granola,https://cdn.pickuplimes.com/cache/4a/cb/4acb83a5e70910f968c9e336a9e9469c.jpg,https://www.pickuplimes.com/recipe/chocolate-hazelnut-fig-granola-124,PT35M,"4 cup rolled oats
&#190; cup raw hazelnuts
&#188; cup raw pumpkin seeds
&#188; cup light brown sugar
&#188; cup vegetable oil
&#188; cup agave syrup
&#188; tsp salt
&#189; cup dried fig
1.764 oz dairy-free dark chocolate
2 Tbsp whole chia seeds"
231,Deconstructed Sushi Bowl with Sweet Sesame Dressing,https://cdn.pickuplimes.com/cache/f8/3b/f83bcd2f6ed82b5fe5755d5c29793e06.jpg,https://www.pickuplimes.com/recipe/deconstructed-sushi-bowl-with-sweet-sesame-dressing-231,PT30M,"1&#189; cup uncooked brown rice
2&#188; cup water
1 mango
1 avocado
&#188; cucumber
1 cup shredded red cabbage
&#189; small red onion
1&#189; cup cooked shelled edamame
&#189; cup wakame seaweed salad
1 lime
2 Tbsp sodium-reduced soy sauce
 toasted sesame oil
 agave syrup
 garlic powder
 onion powder"
229,Autumn Glow Nourish Bowl,https://cdn.pickuplimes.com/cache/09/7d/097d815d93f08899e0794e07c9c7db7d.jpg,https://www.pickuplimes.com/recipe/autumn-glow-nourish-bowl-229,PT01H00M,"1 Tbsp vegetable oil
1 medium onion
2 garlic clove
3 medium sweet potato
2&#189; cup Brussels sprouts
1&#189; cup uncooked quinoa
2&#188; cup water
1 vegetable bouillon cube
2 cup fresh spinach
&#8531; cup roasted unsalted almonds
&#188; cup pomegranate seeds
2 Tbsp dried cranberries
&#188; cup tahini
&#8531; cup water
&#189; lemon
 miso paste
 dijon mustard
 agave syrup
&#189; tsp ground turmeric
&#189; tsp onion powder
1 pinch ground black pepper"
230,Golden Glow Sauce,https://cdn.pickuplimes.com/cache/0f/59/0f59a11372db49b99d178365fed4858b.jpg,https://www.pickuplimes.com/recipe/golden-glow-sauce-230,PT03M,"&#188; cup tahini
3 Tbsp water
 miso paste
 dijon mustard
&#189; tsp ground turmeric
&#189; lemon
&#189; tsp onion powder
1 pinch ground black pepper"
223,Burrito Nourish Bowl with Creamy Guacamole,https://cdn.pickuplimes.com/cache/b5/e8/b5e8ba72fc3b490b241b3c8f9e787ea2.jpg,https://www.pickuplimes.com/recipe/burrito-nourish-bowl-with-creamy-guacamole-223,PT40M,"1&#189; cup uncooked brown rice
2&#188; cup water
1 vegetable bouillon cube
1 Tbsp olive oil
2 medium onion
2 garlic clove
6.349 oz button mushrooms
&#188; cup Mexican seasoning
1 red bell pepper
2 cup fresh spinach
1&#8532; cup canned diced tomatoes
1&#189; cup veggie ground
1 cup canned corn
&#8531; cup cooked black beans
1 avocado
1 garlic clove
 sriracha
&#189; lime
2 Tbsp chipotle adobo sauce
2 Tbsp unsweetened soy yogurt"
240,Peanut Butter & Jelly Smoothie Bowl,https://cdn.pickuplimes.com/cache/ab/b8/abb8aac9646bef1f31aba7f52977cc7c.jpg,https://www.pickuplimes.com/recipe/peanut-butter-jelly-smoothie-bowl-240,PT05M,"1&#189; cup unsweetened soy milk
2 frozen banana
1&#189; cup frozen strawberries
3 Tbsp peanut butter"
241,Curry Lentil Soup,https://cdn.pickuplimes.com/cache/0a/7b/0a7b975a35732635bd0066bddb140fa1.jpg,https://www.pickuplimes.com/recipe/curry-lentil-soup-241,PT40M," olive oil
1 medium onion
2 garlic clove
 curry powder
 paprika powder
&#189; tsp ground coriander
&#189; tsp garam masala
&#188; tsp ground turmeric
3 medium potato
1 zucchini
1 carrot
1 cup dry red lentils
2 vegetable bouillon cube
4 cup water
&#189; lemon
1&#189; cup unsweetened soy yogurt
3 vegan naan"
242,Vanilla Berry Chia Seed Pudding,https://cdn.pickuplimes.com/cache/7e/0f/7e0fa78e0455a49ef245cf18ced516c5.jpg,https://www.pickuplimes.com/recipe/vanilla-berry-chia-seed-pudding-242,PT08H10M,"1 cup unsweetened soy milk
3 Tbsp whole chia seeds
1 Tbsp maple syrup
&#188; tsp pure vanilla extract
&#8539; tsp ground cinnamon
&#8531; cup frozen mixed berries
&#188; cup unsweetened soy yogurt
3 Tbsp vegan granola
&#188; cup fresh mixed berries"
243,Quinoa & Red Lentil Stuffed Sweet Potatoes,https://cdn.pickuplimes.com/cache/bf/50/bf505b44ce2cf0b92d556c5bebfeb52e.jpg,https://www.pickuplimes.com/recipe/quinoa-red-lentil-stuffed-sweet-potatoes-243,PT55M,"4 medium sweet potato
 olive oil
1 medium onion
2 garlic clove
 curry powder
&#189; tsp ground cumin
&#189; tsp ground coriander
&#189; cup dry red lentils
&#189; cup uncooked quinoa
2 cup vegetable broth
 sambal oelek
&#189; medium broccoli
1 red bell pepper
&#188; cup tahini
2 Tbsp water
1 Tbsp balsamic vinegar
 sodium-reduced soy sauce"
251,Raspberry Chocolate Pudding,https://cdn.pickuplimes.com/cache/d6/3a/d63afedcaed6093cb3932e067e6f1a82.jpg,https://www.pickuplimes.com/recipe/raspberry-chocolate-pudding-251,PT05M,"1 cup frozen raspberries
&#188; cup water
2 avocado
6 Tbsp Dutch-processed cocoa powder
&#188; cup agave syrup
1&#189; Tbsp fresh lemon juice
 pure vanilla extract"
221,Avocado Garlic Cream,https://cdn.pickuplimes.com/cache/c4/3c/c43c9d610d745b38a00e27e8ac642eab.jpg,https://www.pickuplimes.com/recipe/avocado-garlic-cream-221,PT05M,"2 avocado
2 garlic clove
 sriracha
&#188; tsp onion powder
1 lime
1 pinch salt"
253,Tropical Pineapple Green Juice,https://cdn.pickuplimes.com/cache/22/57/225758e26b9144b54651ed99b0b8d492.jpg,https://www.pickuplimes.com/recipe/tropical-pineapple-green-juice-253,PT10M,"3 cup fresh pineapple
1 cucumber
2 cup kale
2 Tbsp fresh basil"
197,One-Bowl Soft Vegan Chocolate Chip Cookies,https://cdn.pickuplimes.com/cache/f5/ab/f5abab9f5409deb904e5bf43af6d2197.jpg,https://www.pickuplimes.com/recipe/one-bowl-soft-vegan-chocolate-chip-cookies-197,PT24M,"&#189; cup refined coconut oil
&#8532; cup light brown sugar
&#188; cup unsweetened soy milk
3 Tbsp maple syrup
1 Tbsp pure vanilla extract
 baking powder
&#190; tsp baking soda
&#189; tsp salt
2 cup all-purpose flour
5.291 oz dairy-free dark chocolate"
254,Quick-Cooking Millet Breakfast Porridge,https://cdn.pickuplimes.com/cache/18/48/1848586f2f226cc7b0803567d962ffbf.jpg,https://www.pickuplimes.com/recipe/quick-cooking-millet-breakfast-porridge-254,PT20M,"&#8531; cup uncooked millet
1&#189; cup unsweetened soy milk
&#189; tsp ground cinnamon
&#8539; tsp pumpkin spice mix
1 banana
1 Tbsp ground flaxseeds
&#8531; cup fresh mixed berries
0.353 oz dairy-free dark chocolate"
216,Sweet Lime Summer Fruit Salad,https://cdn.pickuplimes.com/cache/a4/c1/a4c16fd9e443dc63093816b166a12261.jpg,https://www.pickuplimes.com/recipe/sweet-lime-summer-fruit-salad-216,PT10M," agave syrup
1 lime
2 kiwi
1 mango
1 cup fresh blueberries
1 cup red grapes
1 cup fresh strawberries
1 cup fresh blackberries
2 Tbsp fresh mint leaves"
215,Roasted Cauliflower & Potato Wraps,https://cdn.pickuplimes.com/cache/c3/ba/c3bacd328972c27f57a3d6f85f7e596b.jpg,https://www.pickuplimes.com/recipe/roasted-cauliflower-potato-wraps-215,PT50M,"3 medium potato
&#189; medium head cauliflower
1 Tbsp vegetable oil
 garlic powder
 onion powder
&#189; tsp paprika powder
&#188; tsp salt
&#8539; tsp ground black pepper
4 large soft tortilla
1 cup hummus
1 avocado
&#189; cucumber
12 cherry tomatoes
&#188; cup green olives
2 cup fresh spinach"
214,Nutty Granola Apple Bites,https://cdn.pickuplimes.com/cache/30/d8/30d8320cd3174b58bbc584389cea3b3a.jpg,https://www.pickuplimes.com/recipe/nutty-granola-apple-bites-214,PT10M,"2 apple
&#188; cup hazelnut butter
&#188; cup vegan granola
&#188; tsp ground cinnamon
1.411 oz dairy-free dark chocolate"
217,Candied Sesame Almonds,https://cdn.pickuplimes.com/cache/d3/40/d340b2fb5e5fee739fbeeca82245e8c5.jpg,https://www.pickuplimes.com/recipe/candied-sesame-almonds-217,PT17M,"2 Tbsp maple syrup
1 Tbsp refined coconut oil
&#8539; tsp salt
1 pinch cayenne pepper
2 cup raw almonds
2 Tbsp raw sesame seeds"
211,Protein-Packed Stuffed Bell Peppers,https://cdn.pickuplimes.com/cache/7d/55/7d552dc55d79b48050761d79ac052717.jpg,https://www.pickuplimes.com/recipe/protein-packed-vegan-stuffed-bell-peppers-211,PT01H20M,"&#8532; cup dry split mung beans
&#8532; cup uncooked quick-cooking brown rice
1 medium onion
3 garlic clove
&#189; cup green olives
6 bell pepper
&#189; Tbsp olive oil
 ground cumin
 Italian seasoning
&#189; tsp ground turmeric
&#8539; tsp salt
1 pinch ground black pepper
1&#189; cup veggie ground
1&#189; cup tomato-based pasta sauce
1 avocado"
198,One-Bowl Blueberry Almond Breakfast Cookies,https://cdn.pickuplimes.com/cache/0c/9d/0c9da85982202b23cd4beb1744b847f8.jpg,https://www.pickuplimes.com/recipe/one-bowl-blueberry-almond-breakfast-cookies-198,PT25M,"1 ripe banana
1&#188; cup rolled oats
&#189; cup almond flour
&#188; cup unsweetened applesauce
3 Tbsp ground flaxseeds
2 Tbsp almond butter
1 Tbsp whole chia seeds
 pure vanilla extract
2 Tbsp raw pumpkin seeds
&#189; tsp baking soda
&#189; tsp ground cinnamon
&#188; tsp salt
&#189; cup fresh blueberries
1.411 oz dairy-free dark chocolate"
256,Glowing Green Juice,https://cdn.pickuplimes.com/cache/d8/b7/d8b7c64ea43a0378510d0052bf10258c.jpg,https://www.pickuplimes.com/recipe/glowing-green-juice-256,PT10M,"3 cup kale
1 orange
1 apple
&#190; cucumber
1 lime
1 Tbsp fresh ginger"
257,Mushroom & Lentil Tacos with Garlic Avocado Cream,https://cdn.pickuplimes.com/cache/33/fe/33fe728bb4eeeb8cd4a290db6d037aa0.jpg,https://www.pickuplimes.com/recipe/mushroom-lentil-tacos-with-a-creamy-avocado-sauce-257,PT30M," vegetable oil
1 medium onion
2 garlic clove
12.346 oz button mushrooms
1&#189; tsp Cajun seasoning
 ground cumin
 paprika powder
&#188; tsp cayenne pepper
&#188; tsp salt
&#188; tsp ground black pepper
2 cup cooked brown lentils
2 Tbsp chipotle adobo sauce
1 avocado
1 lime
2 garlic clove
2 Tbsp unsweetened soy milk
 ground cumin
&#188; tsp salt
9 small soft tortilla
1 cup shredded red cabbage
1 cup cherry tomatoes
4 small raw radish"
258,Vegan Pho - Vietnamese Noodle Soup,https://cdn.pickuplimes.com/cache/42/3e/423e8ba1ce3f34b9270aab48b2fd7237.jpg,https://www.pickuplimes.com/recipe/vegan-pho-vietnamese-noodle-soup-258,PT50M,"1 medium yellow onion
2 medium shallot
2 garlic clove
3 Tbsp fresh ginger
1 cinnamon stick
&#189; tsp whole peppercorns
6 whole clove
3 star anise
 vegetable oil
5 cup vegetable broth
6.349 oz button mushrooms
1 carrot
&#189; medium broccoli
1 Tbsp sodium-reduced soy sauce
 rice vinegar
6.349 oz dry white rice noodles
&#189; Tbsp vegetable oil
5.82 oz firm tofu
&#188; tsp salt
&#188; lime
&#189; cup fresh bean sprouts
2 Tbsp fresh basil
1 Tbsp hoisin sauce
 sriracha"
259,Refreshing Strawberry & Pineapple Mint Smoothie,https://cdn.pickuplimes.com/cache/9b/1f/9b1f6d2a40c900bd733e0e4798023b32.jpg,https://www.pickuplimes.com/recipe/refreshing-strawberry-pineapple-mint-smoothie-259,PT05M,"&#188; cucumber
1 cup unsweetened coconut water
1 cup frozen strawberries
1 cup frozen pineapple chunks
1 orange
6 fresh mint leaves"
260,Creamy Beetroot & Sweet Potato Soup,https://cdn.pickuplimes.com/cache/b3/b3/b3b3e3619d41b930e7c8a24ef0dc1a9f.jpg,https://www.pickuplimes.com/recipe/creamy-beetroot-sweet-potato-soup-260,PT55M,"1 Tbsp olive oil
2 medium onion
&#188; tsp salt
2 garlic clove
 ground cumin
&#189; tsp paprika powder
3 medium sweet potato
2 medium raw beet
2&#189; cup vegetable broth
1&#8532; cup canned full-fat coconut milk"
121,Healthiest Ever Granola,https://cdn.pickuplimes.com/cache/7c/fd/7cfd384b28d99a03537a434568c6dc22.jpg,https://www.pickuplimes.com/recipe/healthiest-ever-granola-121,PT40M,"3 cup rolled oats
&#189; cup raw almonds
&#189; cup raw cashews
&#189; cup raisins
&#188; cup dried cranberries
&#188; cup raw sunflower seeds
&#188; cup raw pumpkin seeds
&#188; cup unsweetened shredded coconut
&#189; tsp ground cinnamon
&#188; tsp salt
1 cup Medjool date
&#189; cup tahini
&#188; cup water"
263,One-Bowl Double Chocolate Banana Muffins,https://cdn.pickuplimes.com/cache/a5/a6/a5a6f0e885e097b48b5c3812dbbe100a.jpg,https://www.pickuplimes.com/recipe/one-bowl-double-chocolate-banana-muffins-263,PT25M,"1 Tbsp ground flaxseeds
3 Tbsp water
3 ripe banana
&#190; cup granulated sugar
&#8531; cup unsweetened applesauce
&#8531; cup refined coconut oil
 pure vanilla extract
&#188; cup Dutch-processed cocoa powder
 baking soda
 baking powder
&#189; tsp salt
1&#189; cup all-purpose flour
1.764 oz dairy-free dark chocolate"
244,Balsamic & Basil Bruschetta,https://cdn.pickuplimes.com/cache/9b/b3/9bb3d914c781735cc1ac17b51c1b6d27.jpg,https://www.pickuplimes.com/recipe/balsamic-basil-bruschetta-244,PT12M,"7 medium tomato
&#189; small red onion
&#8531; cup fresh basil
2 garlic clove
1 Tbsp balsamic vinegar
 extra-virgin olive oil
&#189; tsp garlic powder
&#188; tsp salt
&#8539; tsp ground black pepper
1 medium baguette"
249,Sun-Dried Tomato & White Bean Dip,https://cdn.pickuplimes.com/cache/ce/db/cedba77c6a27b92a35e7a23b2c920c5d.jpg,https://www.pickuplimes.com/recipe/sun-dried-tomato-white-bean-dip-249,PT16M,"&#189; Tbsp olive oil
1 medium onion
1 garlic clove
2 cup cooked cannellini beans
&#188; cup sun-dried tomatoes in oil
1 lemon
1 Tbsp nutritional yeast flakes
 balsamic vinegar
1 pinch salt
1 pinch ground black pepper
2 Tbsp fresh chives"
246,Black & Green Olive Tapenade,https://cdn.pickuplimes.com/cache/8c/36/8c361014a6f1219256acf193e19acb80.jpg,https://www.pickuplimes.com/recipe/black-green-olive-tapenade-246,PT12M,"1 cup kalamata olives
1 cup green olives
&#188; cup sun-dried tomatoes in oil
1 Tbsp capers
2 garlic clove
&#189; Tbsp fresh basil
3 Tbsp roasted walnuts
&#189; lemon
1 Tbsp extra-virgin olive oil
 dried oregano"
250,Strawberry Mango Salsa with Baked Pita Chips,https://cdn.pickuplimes.com/cache/05/82/0582da533af96430458e52da0a6e133e.jpg,https://www.pickuplimes.com/recipe/strawberry-mango-salsa-with-baked-pita-chips-250,PT25M,"1 Tbsp unsalted vegan butter
3 small pita bread
 light brown sugar
&#8539; tsp ground cinnamon
1 mango
1 avocado
1 lime
&#189; jalapeño
2 cup fresh strawberries
&#188; small red onion
1 Tbsp fresh basil
 agave syrup"
245,Easy Chunky Guacamole,https://cdn.pickuplimes.com/cache/39/8a/398ae0e963d28c1dc61df27a5f27a86e.jpg,https://www.pickuplimes.com/recipe/easy-chunky-guacamole-245,PT10M,"3 avocado
1 lime
2 garlic clove
 ground cumin
&#189; tsp chili powder
&#189; tsp salt
&#189; small red onion
2 medium tomato
2 Tbsp fresh chives"
178,Easy Berry Chia Seed Jam,https://cdn.pickuplimes.com/cache/2a/fa/2afa3c73c816f8b7e89e3e8f465cea31.jpg,https://www.pickuplimes.com/recipe/easy-berry-chia-seed-jam-178,PT35M,"1 cup frozen raspberries
1 cup frozen blueberries
2 Tbsp whole chia seeds
1 Tbsp apple juice"
264,Muhammara - Roasted Red Pepper & Walnut Spread,https://cdn.pickuplimes.com/cache/61/56/6156eeba3950d003167036b18958c33e.jpg,https://www.pickuplimes.com/recipe/muhammara-roasted-red-pepper-walnut-spread-264,PT36M,"2 red bell pepper
&#189; Tbsp olive oil
&#189; cup raw walnuts
&#8532; cup breadcrumbs
&#189; lemon
1 Tbsp pomegranate molasses
1 Tbsp olive oil
1 garlic clove
 agave syrup
 ground cumin
&#189; tsp salt
&#8539; tsp cayenne pepper"
111,Best Ever Vegan Nutella,https://cdn.pickuplimes.com/cache/a9/f5/a9f5e9bb65c83f6f34ddaece5bade19c.jpg,https://www.pickuplimes.com/recipe/best-ever-vegan-nutella-111,PT20M,"1&#189; cup raw hazelnuts
&#8531; cup unsweetened soy milk
1 Tbsp refined coconut oil
2 Tbsp maple syrup
6 Medjool date
&#8531; cup Dutch-processed cocoa powder
 pure vanilla extract
&#188; tsp salt"
219,Chewy No-Bake Peanut Butter Dark Chocolate Oat Bars,https://cdn.pickuplimes.com/cache/77/dd/77dd65bd2ed0405264234e48c6cd38fa.jpg,https://www.pickuplimes.com/recipe/chewy-no-bake-peanut-butter-dark-chocolate-oat-bars-219,PT01H10M,"2 Tbsp ground flaxseeds
&#8531; cup water
1 cup rolled oats
&#190; cup Medjool date
&#189; cup peanut butter
&#189; tsp pure vanilla extract
&#189; tsp salt
1 cup rolled oats
1.411 oz dairy-free dark chocolate"
166,Roasted Garlic & Red Pepper Hummus,https://cdn.pickuplimes.com/cache/b4/fb/b4fb0b09c3ca0e3bf4285beba6855e5c.jpg,https://www.pickuplimes.com/recipe/roasted-garlic-red-pepper-hummus-166,PT30M,"2 red bell pepper
6 garlic clove
1 Tbsp olive oil
2 cup cooked chickpeas
3 Tbsp tahini
1 lemon
1 Tbsp olive oil
1 Tbsp cold water
 balsamic vinegar
&#189; tsp paprika powder
&#189; tsp salt"
200,One-Bowl Nut Butter & Chocolate Oatmeal Cookies,https://cdn.pickuplimes.com/cache/27/c9/27c93e8a3187d46f724b470c3dcfecb9.jpg,https://www.pickuplimes.com/recipe/one-bowl-peanut-butter-chocolate-oatmeal-cookies-200,PT17M,"2 ripe banana
&#8531; cup peanut butter
&#189; tsp pure vanilla extract
1&#189; cup quick oats
2 Tbsp unsweetened shredded coconut
2 Tbsp dried cranberries
0.705 oz dairy-free dark chocolate"
218,Brown Rice Miso Salad,https://cdn.pickuplimes.com/cache/6a/4f/6a4fac52c1d9d193f18c31b0c3d863fd.jpg,https://www.pickuplimes.com/recipe/brown-rice-miso-salad-218,PT30M,"1 cup uncooked brown rice
2&#188; cup water
1 vegetable bouillon cube
&#189; lime
1 Tbsp olive oil
 miso paste
 freshly grated ginger
 toasted sesame oil
 sodium-reduced soy sauce
 rice vinegar
&#189; tsp onion powder
1 pinch ground black pepper
3.527 oz sugar snap peas
2 bell pepper
&#189; small red onion"
266,Curried Carrot & Potato Soup,https://cdn.pickuplimes.com/cache/39/b6/39b696633dbeb2a5ece520461aa4b312.jpg,https://www.pickuplimes.com/recipe/curried-carrot-potato-soup-266,PT35M," olive oil
1 large onion
2 garlic clove
 curry powder
&#189; tsp garam masala
&#189; tsp ground turmeric
&#188; tsp ground allspice
3 carrot
2 medium potato
1&#189; vegetable bouillon cube
4 cup water"
225,Dill Falafels,https://cdn.pickuplimes.com/cache/ff/e0/ffe061c600aa13f2b7004d96edbf3716.jpg,https://www.pickuplimes.com/recipe/baked-dill-falafels-225,PT30M,"2&#189; cup cooked chickpeas
&#189; cup roasted sunflower seeds
&#189; cup fresh dill
&#189; cup fresh cilantro
&#188; cup chickpea flour
1 medium onion
2 garlic clove
&#189; lemon
 ground cumin
 ground coriander
&#189; tsp salt
&#189; tsp cayenne pepper
2 Tbsp vegetable oil"
161,Roasted Lemon Turmeric Hummus,https://cdn.pickuplimes.com/cache/e3/91/e391141a26c2e8ac4d26aaf0a8ab77a5.jpg,https://www.pickuplimes.com/recipe/roasted-lemon-turmeric-hummus-161,PT15M,"1 lemon
2 cup cooked chickpeas
2 garlic clove
&#188; cup tahini
&#188; cup water
1 Tbsp extra-virgin olive oil
&#189; tsp ground turmeric
&#188; tsp curry powder
&#188; tsp salt"
268,Tahini Vinaigrette Dressing,https://cdn.pickuplimes.com/cache/47/87/4787874659577ea6f2af2450e3182771.jpg,https://www.pickuplimes.com/recipe/tahini-vinaigrette-dressing-268,PT05M,"&#189; cup tahini
&#189; cup water
2 Tbsp fresh lemon juice
1 Tbsp extra-virgin olive oil
1 Tbsp red wine vinegar
1 garlic clove
&#189; tsp ground cumin
&#189; tsp paprika powder
&#8539; tsp salt"
269,One-Bowl Oatmeal Blueberry Muffins,https://cdn.pickuplimes.com/cache/74/d3/74d3e3899504c8122b8df51e84856d81.jpg,https://www.pickuplimes.com/recipe/one-bowl-oatmeal-blueberry-muffins-269,PT30M,"2 Tbsp ground flaxseeds
1 cup unsweetened soy milk
 white vinegar
&#8531; cup refined coconut oil
&#189; cup unsweetened applesauce
&#189; cup granulated sugar
 pure vanilla extract
 baking powder
&#189; tsp ground cinnamon
&#189; tsp baking soda
&#188; tsp salt
2 cup oat flour
1&#188; cup fresh blueberries
&#189; Tbsp granulated sugar
&#8539; tsp ground cinnamon"
270,Classic Creamy Steel-Cut Oatmeal,https://cdn.pickuplimes.com/cache/ee/3e/ee3ef4082ebc26747c8b2e3e98c9aac7.jpg,https://www.pickuplimes.com/recipe/classic-creamy-steel-cut-oats-270,PT20M,"&#8532; cup steel cut oats
2 cup unsweetened soy milk
&#189; tsp ground cinnamon
&#8539; tsp pumpkin spice mix
1 Tbsp ground flaxseeds
1 banana
 pure vanilla extract
1 nectarine
2 Tbsp almond butter"
271,Coconut Curry Roasted Squash Soup,https://cdn.pickuplimes.com/cache/02/03/0203b7107a08905729520fe103a2277f.jpg,https://www.pickuplimes.com/recipe/coconut-curry-roasted-squash-soup-271,PT01H00M,"1 butternut squash
&#189; Tbsp olive oil
1 large onion
3 garlic clove
 curry powder
&#188; tsp ground turmeric
&#188; tsp garam masala
&#8539; tsp ground black pepper
2&#189; cup water
&#190; cup cooked brown lentils
1 carrot
2 vegetable bouillon cube
1&#190; cup canned full-fat coconut milk
&#189; lemon
 olive oil
&#190; cup cooked brown lentils
 dried mint leaves
&#189; tsp curry powder
&#188; tsp garam masala
&#188; tsp salt"
272,Loaded Avocado & Hummus Veggie Sandwich,https://cdn.pickuplimes.com/cache/d7/72/d7725707565a111b9b880ba3cde9f7f8.jpg,https://www.pickuplimes.com/recipe/loaded-avocado-hummus-veggie-sandwich-272,PT10M,"4 slice whole wheat bread
&#189; cup hummus
1 avocado
1 cup fresh spinach
&#188; cucumber
1 medium tomato
5 green olives
&#188; small red onion
&#188; carrot
1 Tbsp sweet chili sauce"
273,One-Bowl Chocolate Banana Bread,https://cdn.pickuplimes.com/cache/7f/05/7f05d89dc5df914404b77aff3573043d.jpg,https://www.pickuplimes.com/recipe/one-bowl-chocolate-banana-bread-273,7 days,"2 Tbsp (14g) ground flaxseeds
6 Tbsp (90ml) water
3 ripe bananas
½ cups (110g) granulated sugar
¼ cups (60ml) vegetable oil
¼ cups (60g) unsweetened applesauce
1 tsp (5ml) pure vanilla extract
1 tsp (5g) baking soda
1 tsp (2.6g) ground cinnamon
½ tsp salt
½ tsp baking powder
1¾ cups (235g) all-purpose flour
3.2 oz (90g) dairy-free dark chocolate, coarsely chopped dairy-free dark chocolate chips"
167,Classic Garlic & Lemon Hummus,https://cdn.pickuplimes.com/cache/ef/79/ef794ef64af6be1476045ee7f0e12a05.jpg,https://www.pickuplimes.com/recipe/classic-garlic-lemon-hummus-167,PT05M,"1&#189; cup cooked chickpeas
1 lemon
2 Tbsp tahini
1 Tbsp extra-virgin olive oil
2 garlic clove
&#189; tsp salt
&#188; cup ice water"
274,Mixed Berry & Granola Yogurt Parfait,https://cdn.pickuplimes.com/cache/fb/91/fb91588112b3512449f6f25b7e440e9c.jpg,https://www.pickuplimes.com/recipe/mixed-berry-granola-yogurt-parfait-274,PT05M,"&#189; cup frozen mixed berries
&#189; cup unsweetened soy yogurt
&#189; cup vegan granola
&#189; banana
&#189; Tbsp ground flaxseeds"
122,Crunchy Pecan & Cranberry Granola,https://cdn.pickuplimes.com/cache/5c/82/5c82978353811129221201b0b636dd32.jpg,https://www.pickuplimes.com/recipe/crunchy-pecan-cranberry-granola-122,PT45M,"4 cup rolled oats
1 cup raw pecans
&#189; cup unsweetened coconut flakes
&#188; cup light brown sugar
&#188; cup raw sunflower seeds
&#188; cup raw pumpkin seeds
&#189; tsp ground cinnamon
&#188; cup vegetable oil
&#188; cup maple syrup
&#189; tsp salt
&#189; cup dried cranberries
2 Tbsp whole chia seeds"
275,Chocolate & Hazelnut Milkshake Smoothie,https://cdn.pickuplimes.com/cache/54/c0/54c0ce04332e3ca70e053a33c91ce839.jpg,https://www.pickuplimes.com/recipe/chocolate-hazelnut-milkshake-smoothie-275,PT05M,"2 frozen banana
1&#189; cup unsweetened soy milk
2 Tbsp hazelnut butter
2 Tbsp Dutch-processed cocoa powder
&#188; tsp pure vanilla extract
&#188; tsp ground cinnamon
1 pinch salt
4 Medjool date"
276,Cold Busting Green Smoothie,https://cdn.pickuplimes.com/cache/83/78/8378f041ab1c0d5dfde32bea398f68e2.jpg,https://www.pickuplimes.com/recipe/cold-busting-green-smoothie-276,PT05M,"1 frozen banana
1 apple
1 orange
&#188; cucumber
1 cup unsweetened soy milk
&#189; cup fresh spinach
&#188; cup fresh parsley
1 Tbsp fresh ginger
&#189; Tbsp whole chia seeds"
277,Ruby Red Green Smoothie,https://cdn.pickuplimes.com/cache/8b/50/8b500d4b15bcdd01639c4562860ce946.jpg,https://www.pickuplimes.com/recipe/ruby-red-green-smoothie-277,PT05M,"1&#189; frozen banana
1 cup fresh spinach
1 orange
1 small raw beet
1 Tbsp hemp seeds
1 cup unsweetened soy milk"
278,Beetroot Quinoa Salad with Orange Ginger Dressing,https://cdn.pickuplimes.com/cache/c3/1e/c31e1ff752e78115020110606470dd13.jpg,https://www.pickuplimes.com/recipe/beetroot-quinoa-salad-with-an-orange-ginger-dressing-278,PT35M,"&#189; cup uncooked quinoa
1 cup vegetable broth
1&#189; cup cooked chickpeas
3 cup arugula
1 orange
2 cooked beet
1&#189; orange
2 garlic clove
&#188; cup tahini
 freshly grated ginger
1 pinch ground black pepper"
279,Bean & Oat Burger with Cajun Mayo,https://cdn.pickuplimes.com/cache/96/dc/96dc59931b1c967c2684629f9a67eeb9.jpg,https://www.pickuplimes.com/recipe/bean-oat-burger-with-cajun-mayo-279,PT45M,"2 Tbsp ground flaxseeds
&#188; cup water
 olive oil
1 medium onion
3 garlic clove
1&#189; cup cooked pinto beans
&#8531; cup roasted sunflower seeds
&#190; cup rolled oats
1 Tbsp nutritional yeast flakes
&#189; Tbsp ground cumin
&#189; Tbsp paprika powder
 Cajun seasoning
 olive oil
9.877 oz button mushrooms
2 red bell pepper
3 Tbsp chipotle adobo sauce
&#189; cup vegan mayonnaise
 Cajun seasoning
6 burger bun
1 cup arugula
1 cup coleslaw
&#188; cup pickled jalapeños"
280,Creamy Tahini Dijon Slaw,https://cdn.pickuplimes.com/cache/fe/c7/fec76abb2c1ce5d6961792da0503eea5.jpg,https://www.pickuplimes.com/recipe/creamy-coleslaw-with-tahini-dijon-dressing-280,PT15M,"1 lime
&#8531; cup tahini
1 Tbsp dijon mustard
&#8531; cup water
1 Tbsp apple cider vinegar
 agave syrup
5 cup shredded green cabbage
2 carrot
&#189; daikon radish
&#8531; cup roasted sunflower seeds"
281,Beetroot & Red Cabbage Sauerkraut,https://cdn.pickuplimes.com/cache/5e/c8/5ec8bac7e92a95e2b0044a34f873dcf4.jpg,https://www.pickuplimes.com/recipe/beetroot-red-cabbage-sauerkraut-281,P5DT00H20M,"8 cup shredded red cabbage
2 medium raw beet
1 Tbsp coarse sea salt
1 Tbsp whole coriander seeds"
282,Orange 'Creamsicle' Smoothie,https://cdn.pickuplimes.com/cache/53/43/53435aa84708865867d93002f1a094d2.jpg,https://www.pickuplimes.com/recipe/orange-creamsicle-smoothie-282,PT05M,"1 frozen banana
1 orange
&#190; cup unsweetened soy milk
1 Tbsp almond butter"
284,Dark Chocolate Trail Mix Bars,https://cdn.pickuplimes.com/cache/97/e6/97e6c2fc53baeb9355497adcec37d8b9.jpg,https://www.pickuplimes.com/recipe/dark-chocolate-trail-mix-bars-284,PT30M,"14.109 oz dairy-free dark chocolate
&#8531; cup roasted unsalted almonds
3 Tbsp dried cranberries
2 Tbsp roasted pumpkin seeds
2 Tbsp unsweetened toasted coconut flakes
 dried goji berries"
165,Caramelized Onion & Balsamic Hummus,https://cdn.pickuplimes.com/cache/14/44/14449fc493bb0993cd05ad36e8c36176.jpg,https://www.pickuplimes.com/recipe/caramelized-onion-balsamic-hummus-165,PT25M,"2 medium yellow onion
1 Tbsp olive oil
2 cup cooked chickpeas
2 garlic clove
&#188; cup tahini
2 Tbsp extra-virgin olive oil
2 Tbsp water
1&#189; lemon
1 Tbsp balsamic vinegar
&#189; tsp paprika powder
&#188; tsp ground cumin
&#188; tsp salt"
285,Sweet Potato & Zucchini Soup,https://cdn.pickuplimes.com/cache/c9/4e/c94e00bd7209723bd1ca12d10b55a46d.jpg,https://www.pickuplimes.com/recipe/sweet-potato-zucchini-soup-285,PT35M,"1 Tbsp olive oil
1 medium onion
1 medium leek
2 garlic clove
5 cup vegetable broth
1 zucchini
1 carrot
1 medium potato
1 large sweet potato
&#189; tsp dried rosemary
&#189; tsp dried basil
&#189; tsp curry powder
&#8539; tsp ground black pepper"
287,Blood Red Green Juice,https://cdn.pickuplimes.com/cache/d9/19/d91944c81a0e8f6d41bfe2aea7d8e9ee.jpg,https://www.pickuplimes.com/recipe/blood-red-green-juice-287,PT10M,"3 medium raw beet
2 grapefruit
1 cup fresh parsley
1 cup fresh spinach
2 celery rib"
288,Beginner's Green Smoothie: Peanut Butter & Banana,https://cdn.pickuplimes.com/cache/b8/97/b897f9440d5072e740053d0d5a3e7915.jpg,https://www.pickuplimes.com/recipe/beginners-green-smoothie-peanut-butter-banana-288,PT05M,"2 frozen banana
2 Tbsp peanut butter
1 cup fresh spinach
1&#189; cup unsweetened soy milk"
292,Chocolate Chia Breakfast Pudding,https://cdn.pickuplimes.com/cache/60/66/6066ac0459a4a0ab9247706f514d44e4.jpg,https://www.pickuplimes.com/recipe/chocolate-chia-breakfast-pudding-292,PT08H15M,"1 cup unsweetened soy milk
3 Tbsp whole chia seeds
2 Medjool date
1 Tbsp Dutch-processed cocoa powder
&#189; Tbsp maple syrup
 pure vanilla extract
&#8539; tsp ground cinnamon
&#189; banana
&#189; cup fresh raspberries
&#188; cup vegan granola"
289,Vanilla Chia Pudding with Mixed Fruit,https://cdn.pickuplimes.com/cache/77/b4/77b436e174fbe6dbfa83ce14f7a4687e.jpg,https://www.pickuplimes.com/recipe/vanilla-chia-pudding-with-mixed-fruit-289,PT08H05M,"1 cup unsweetened soy milk
3 Tbsp whole chia seeds
&#189; mango
&#189; cup fresh strawberries
&#189; Tbsp maple syrup
&#189; tsp pure vanilla extract
&#188; cup vegan granola"
300,Warm Lentil & Potato Salad,https://cdn.pickuplimes.com/cache/d4/2f/d42f6eddbe2d1e7e1e7b3e6287ea55f4.jpg,https://www.pickuplimes.com/recipe/warm-lentil-potato-salad-300,PT08H30M,"1 Tbsp vegetable oil
1 medium onion
1 medium potato
1 cup dry green lentils
1 cup water
&#189; tsp ground turmeric
&#189; tsp ground cinnamon
&#189; tsp salt"
299,Chunky Avocado Mango Salsa,https://cdn.pickuplimes.com/cache/b7/74/b7742038faf721890e8b21de1c3cd8ff.jpg,https://www.pickuplimes.com/recipe/chunky-avocado-mango-salsa-299,PT08M,"1 avocado
1 mango
2 medium tomato
&#188; cup fresh cilantro
&#189; small onion
&#189; lime"
302,Potato Crisps with Creamy Tahini Dill Dip,https://cdn.pickuplimes.com/cache/d7/b6/d7b663b812ee1cc075c6cb2c66e25f53.jpg,https://www.pickuplimes.com/recipe/potato-crisps-with-creamy-dill-dip-302,PT28M,"2 medium potato
1 Tbsp vegetable oil
&#8539; tsp salt
&#188; cup tahini
&#188; cup fresh dill
3 Tbsp water
1 Tbsp vegan mayonnaise
 fresh lemon juice
&#189; tsp agave syrup
1 pinch salt
1 pinch ground black pepper"
297,Vibrant Blueberry Vanilla Smoothie,https://cdn.pickuplimes.com/cache/d2/c4/d2c4c660737918b9352c116bee8bc969.jpg,https://www.pickuplimes.com/recipe/vibrant-blueberry-vanilla-smoothie-297,PT05M,"1 cup frozen blueberries
2 frozen banana
2 cup unsweetened soy milk
 pure vanilla extract
2 Tbsp almond butter"
296,Gulpea: Afghan Tomato & Cauliflower Stew,https://cdn.pickuplimes.com/cache/f6/c2/f6c25c546a087d974d999b6e5fcf4881.jpg,https://www.pickuplimes.com/recipe/gulpea-afghan-tomato-cauliflower-curry-296,PT32M,"3 Tbsp vegetable oil
1 large onion
3 Tbsp tomato paste
&#189; tsp ground turmeric
1 medium head cauliflower
1 red hot chili pepper
1 cup water
&#190; tsp salt
1 pinch ground black pepper"
32,Mango Peach Green Smoothie,https://cdn.pickuplimes.com/cache/95/2b/952b7be3de9540361f3fd042059ee2f8.jpg,https://www.pickuplimes.com/recipe/mango-peach-green-smoothie-32,PT05M,"1 mango
1 cup frozen peach slices
2 frozen banana
1 cup kale
2 cup unsweetened soy milk
 ground flaxseeds"
29,Homemade Kombucha: Continuous Brew,https://cdn.pickuplimes.com/cache/92/bc/92bc4a3764c33a94f77e3ab18df4f099.jpg,https://www.pickuplimes.com/recipe/homemade-kombucha-continuous-brew-29,6 days + 20 min,"14 cups (3360ml) boiling water, ideally 185°F (85°C)
1 cup (200g) organic cane sugar
1 SCOBY (symbiotic culture of bacteria and yeast) †
2 cups (480ml) starter tea, from previous batch of kombucha, or from unpasteurized, neutral-flavored, store-bought kombucha
8 bags organic, unflavoured green tea, black tea, or mix†"
22,Chocolate Fudge Brownie Bites,https://cdn.pickuplimes.com/cache/24/d6/24d63b01d73465a11a6b20887152b8ea.jpg,https://www.pickuplimes.com/recipe/chocolate-fudge-brownie-bites-22,PT10M,"1 cup Medjool date
1 cup raw walnuts
&#189; cup raw cashews
&#188; cup Dutch-processed cocoa powder
&#8539; tsp salt
0.705 oz dairy-free dark chocolate"
14,Cranberry Lime Bliss Balls,https://cdn.pickuplimes.com/cache/d6/08/d6084d793de0d6b4557fae0597b6c9b8.jpg,https://www.pickuplimes.com/recipe/cranberry-lime-bliss-balls-14,PT15M,"2 lime
1 cup raw almonds
1 cup raw cashews
&#8539; tsp salt
1 cup soft dates
1 cup unsweetened shredded coconut
&#190; cup dried cranberries"
