food_name,data_type
Abalone,Survey (FNDDS)
"Abiyuch, raw",SR Legacy
"Acerola juice, raw",SR Legacy
"Acerola, (west indian cherry), raw",SR Legacy
Acorn stew (Apache),SR Legacy
"Adobo, with noodles",Survey (FNDDS)
"Adobo, with rice",Survey (FNDDS)
Agave liquid sweetener,Survey (FNDDS)
"Agave, cooked (Southwest)",SR Legacy
"Agave, dried (Southwest)",SR Legacy
"Agave, raw (Southwest)",SR Legacy
"Agutuk, fish with shortening (Alaskan ice cream) (Alaska Native)",SR Legacy
"Agutuk, fish/berry with seal oil (Alaskan ice cream) (Alaska Native)",SR Legacy
"Agutuk, meat-caribou (Alaskan ice cream) (Alaska Native)",SR Legacy
"Alcoholic beverage, beer, light",SR Legacy
"Alcoholic beverage, beer, light, BUD LIGHT",SR Legacy
"Alcoholic beverage, beer, light, BUDWEISER SELECT",SR Legacy
"Alcoholic beverage, beer, light, higher alcohol",SR Legacy
"Alcoholic beverage, beer, light, low carb",SR Legacy
"Alcoholic beverage, beer, regular, all",SR Legacy
"Alcoholic beverage, beer, regular, BUDWEISER",SR Legacy
"Alcoholic beverage, creme de menthe, 72 proof",SR Legacy
"Alcoholic beverage, daiquiri, canned",SR Legacy
"Alcoholic beverage, daiquiri, prepared-from-recipe",SR Legacy
"Alcoholic beverage, distilled, all (gin, rum, vodka, whiskey) 100 proof",SR Legacy
"Alcoholic beverage, distilled, all (gin, rum, vodka, whiskey) 80 proof",SR Legacy
"Alcoholic beverage, distilled, all (gin, rum, vodka, whiskey) 86 proof",SR Legacy
"Alcoholic beverage, distilled, all (gin, rum, vodka, whiskey) 90 proof",SR Legacy
"Alcoholic beverage, distilled, all (gin, rum, vodka, whiskey) 94 proof",SR Legacy
"Alcoholic beverage, distilled, rum, 80 proof",SR Legacy
"Alcoholic beverage, distilled, vodka, 80 proof",SR Legacy
"Alcoholic beverage, distilled, whiskey, 86 proof",SR Legacy
"Alcoholic beverage, liqueur, coffee with cream, 34 proof",SR Legacy
"Alcoholic beverage, liqueur, coffee, 53 proof",SR Legacy
"Alcoholic beverage, liqueur, coffee, 63 proof",SR Legacy
"Alcoholic beverage, malt beer, hard lemonade",SR Legacy
"Alcoholic beverage, pina colada, canned",SR Legacy
"Alcoholic beverage, pina colada, prepared-from-recipe",SR Legacy
"Alcoholic beverage, rice (sake)",SR Legacy
"Alcoholic beverage, tequila sunrise, canned",SR Legacy
"Alcoholic beverage, whiskey sour",SR Legacy
"Alcoholic beverage, whiskey sour, canned",SR Legacy
"Alcoholic beverage, whiskey sour, prepared from item 14028",SR Legacy
"Alcoholic beverage, whiskey sour, prepared with water, whiskey and powder mix",SR Legacy
"Alcoholic beverage, wine, cooking",SR Legacy
"Alcoholic beverage, wine, dessert, dry",SR Legacy
"Alcoholic beverage, wine, dessert, sweet",SR Legacy
"Alcoholic beverage, wine, light",SR Legacy
"Alcoholic beverage, wine, table, all",SR Legacy
"Alcoholic beverage, wine, table, red",SR Legacy
"Alcoholic Beverage, wine, table, red, Barbera",SR Legacy
"Alcoholic Beverage, wine, table, red, Burgundy",SR Legacy
"Alcoholic Beverage, wine, table, red, Cabernet Franc",SR Legacy
"Alcoholic Beverage, wine, table, red, Cabernet Sauvignon",SR Legacy
"Alcoholic Beverage, wine, table, red, Carignane",SR Legacy
"Alcoholic Beverage, wine, table, red, Claret",SR Legacy
"Alcoholic Beverage, wine, table, red, Gamay",SR Legacy
"Alcoholic Beverage, wine, table, red, Lemberger",SR Legacy
"Alcoholic Beverage, wine, table, red, Merlot",SR Legacy
"Alcoholic Beverage, wine, table, red, Mouvedre",SR Legacy
"Alcoholic Beverage, wine, table, red, Petite Sirah",SR Legacy
"Alcoholic Beverage, wine, table, red, Pinot Noir",SR Legacy
"Alcoholic Beverage, wine, table, red, Sangiovese",SR Legacy
"Alcoholic Beverage, wine, table, red, Syrah",SR Legacy
"Alcoholic Beverage, wine, table, red, Zinfandel",SR Legacy
"Alcoholic beverage, wine, table, white",SR Legacy
"Alcoholic beverage, wine, table, white, Chardonnay",SR Legacy
"Alcoholic beverage, wine, table, white, Chenin Blanc",SR Legacy
"Alcoholic beverage, wine, table, white, Fume Blanc",SR Legacy
"Alcoholic beverage, wine, table, white, Gewurztraminer",SR Legacy
"Alcoholic beverage, wine, table, white, late harvest",SR Legacy
"Alcoholic beverage, wine, table, white, late harvest, Gewurztraminer",SR Legacy
"Alcoholic beverage, wine, table, white, Muller Thurgau",SR Legacy
"Alcoholic beverage, wine, table, white, Muscat",SR Legacy
"Alcoholic beverage, wine, table, white, Pinot Blanc",SR Legacy
"Alcoholic beverage, wine, table, white, Pinot Gris (Grigio)",SR Legacy
"Alcoholic beverage, wine, table, white, Riesling",SR Legacy
"Alcoholic beverage, wine, table, white, Sauvignon Blanc",SR Legacy
"Alcoholic beverage, wine, table, white, Semillon",SR Legacy
"Alcoholic beverages, beer, higher alcohol",SR Legacy
"Alcoholic beverages, wine, rose",SR Legacy
Alcoholic coffee drink,Survey (FNDDS)
Alcoholic malt beverage,Survey (FNDDS)
"Alcoholic malt beverage, sweetened",Survey (FNDDS)
"Alfalfa seeds, sprouted, raw",SR Legacy
"Alfalfa sprouts, raw",Survey (FNDDS)
Alfredo sauce,Survey (FNDDS)
Alfredo sauce with added vegetables,Survey (FNDDS)
Alfredo sauce with meat,Survey (FNDDS)
Alfredo sauce with meat and added vegetables,Survey (FNDDS)
Alfredo sauce with poultry,Survey (FNDDS)
Alfredo sauce with poultry and added vegetables,Survey (FNDDS)
Alfredo sauce with seafood,Survey (FNDDS)
Alfredo sauce with seafood and added vegetables,Survey (FNDDS)
Almond butter,Survey (FNDDS)
"Almond butter and jelly sandwich, on wheat bread",Survey (FNDDS)
"Almond butter and jelly sandwich, on white bread",Survey (FNDDS)
"Almond butter sandwich, on wheat bread",Survey (FNDDS)
"Almond butter sandwich, on white bread",Survey (FNDDS)
"Almond butter, creamy",Foundation
"Almond butter, lower sodium",Survey (FNDDS)
Almond chicken,Survey (FNDDS)
"Almond milk, chocolate",Survey (FNDDS)
"Almond milk, NFS",Survey (FNDDS)
"Almond milk, sweetened",Survey (FNDDS)
"Almond milk, unsweetened",Survey (FNDDS)
"Almond milk, unsweetened, plain, refrigerated",Foundation
"Almond milk, unsweetened, plain, shelf stable",Foundation
Almond oil,Survey (FNDDS)
Almond paste,Survey (FNDDS)
"Almonds, chocolate covered candy",Survey (FNDDS)
"Almonds, flavored",Survey (FNDDS)
"Almonds, honey roasted",Survey (FNDDS)
"Almonds, lightly salted",Survey (FNDDS)
"Almonds, NFS",Survey (FNDDS)
"Almonds, salted",Survey (FNDDS)
"Almonds, unroasted",Survey (FNDDS)
"Almonds, unsalted",Survey (FNDDS)
Aloe vera juice drink,Survey (FNDDS)
"Amaranth grain, cooked",SR Legacy
"Amaranth grain, uncooked",SR Legacy
"Amaranth leaves, cooked, boiled, drained, with salt",SR Legacy
"Amaranth leaves, cooked, boiled, drained, without salt",SR Legacy
"Amaranth leaves, raw",SR Legacy
Ambrosia,Survey (FNDDS)
"Andrea's, Gluten Free Soft Dinner Roll",SR Legacy
Animal fat or drippings,Survey (FNDDS)
"Animal fat, bacon grease",SR Legacy
Anisette toast,Survey (FNDDS)
"Antipasto with ham, fish, cheese, vegetables",Survey (FNDDS)
Apple cider,Survey (FNDDS)
"Apple juice beverage, 40-50% juice, light",Survey (FNDDS)
"Apple juice, 100%",Survey (FNDDS)
"Apple juice, 100%, with calcium added",Survey (FNDDS)
"Apple juice, canned or bottled, unsweetened, with added ascorbic acid",SR Legacy
"Apple juice, canned or bottled, unsweetened, with added ascorbic acid, calcium, and potassium",SR Legacy
"Apple juice, canned or bottled, unsweetened, without added ascorbic acid",SR Legacy
"Apple juice, frozen concentrate, unsweetened, diluted with 3 volume water without added ascorbic acid",SR Legacy
"Apple juice, frozen concentrate, unsweetened, diluted with 3 volume water, with added ascorbic acid",SR Legacy
"Apple juice, frozen concentrate, unsweetened, undiluted, with added ascorbic acid",SR Legacy
"Apple juice, frozen concentrate, unsweetened, undiluted, without added ascorbic acid",SR Legacy
"Apple juice, with added vitamin C, from concentrate, shelf stable",Foundation
Apple pie filling,Survey (FNDDS)
Apple salad with dressing,Survey (FNDDS)
"Apple, baked",Survey (FNDDS)
"Apple, candied",Survey (FNDDS)
"Apple, dried",Survey (FNDDS)
"Apple, raw",Survey (FNDDS)
"APPLEBEE'S, 9 oz house sirloin steak",SR Legacy
"APPLEBEE'S, chicken tenders platter",SR Legacy
"APPLEBEE'S, chicken tenders, from kids' menu",SR Legacy
"APPLEBEE'S, chili",SR Legacy
"APPLEBEE'S, coleslaw",SR Legacy
"APPLEBEE'S, crunchy onion rings",SR Legacy
"APPLEBEE'S, Double Crunch Shrimp",SR Legacy
"APPLEBEE'S, fish, hand battered",SR Legacy
"APPLEBEE'S, french fries",SR Legacy
"APPLEBEE'S, KRAFT, Macaroni & Cheese, from kid's menu",SR Legacy
"APPLEBEE'S, mozzarella sticks",SR Legacy
"Apples, canned, sweetened, sliced, drained, heated",SR Legacy
"Apples, dehydrated (low moisture), sulfured, stewed",SR Legacy
"Apples, dehydrated (low moisture), sulfured, uncooked",SR Legacy
"Apples, dried, sulfured, stewed, with added sugar",SR Legacy
"Apples, dried, sulfured, stewed, without added sugar",SR Legacy
"Apples, dried, sulfured, uncooked",SR Legacy
"Apples, frozen, unsweetened, heated (Includes foods for USDA's Food Distribution Program)",SR Legacy
"Apples, frozen, unsweetened, unheated (Includes foods for USDA's Food Distribution Program)",SR Legacy
"Apples, fuji, with skin, raw",Foundation
"Apples, gala, with skin, raw",Foundation
"Apples, granny smith, with skin, raw",Foundation
"Apples, honeycrisp, with skin, raw",Foundation
"Apples, raw, fuji, with skin (Includes foods for USDA's Food Distribution Program)",SR Legacy
"Apples, raw, gala, with skin (Includes foods for USDA's Food Distribution Program)",SR Legacy
"Apples, raw, golden delicious, with skin",SR Legacy
"Apples, raw, granny smith, with skin (Includes foods for USDA's Food Distribution Program)",SR Legacy
"Apples, raw, red delicious, with skin (Includes foods for USDA's Food Distribution Program)",SR Legacy
"Apples, raw, with skin (Includes foods for USDA's Food Distribution Program)",SR Legacy
"Apples, raw, without skin",SR Legacy
"Apples, raw, without skin, cooked, boiled",SR Legacy
"Apples, raw, without skin, cooked, microwave",SR Legacy
"Apples, red delicious, with skin, raw",Foundation
"Applesauce, canned, sweetened, with salt",SR Legacy
"Applesauce, canned, sweetened, without salt",SR Legacy
"Applesauce, canned, unsweetened, with added ascorbic acid",SR Legacy
"Applesauce, canned, unsweetened, without added ascorbic acid (Includes foods for USDA's Food Distribution Program)",SR Legacy
"Applesauce, flavored",Survey (FNDDS)
"Applesauce, regular",Survey (FNDDS)
"Applesauce, unsweetened",Survey (FNDDS)
"Applesauce, unsweetened, with added vitamin C",Foundation
Apricot nectar,Survey (FNDDS)
"Apricot nectar, canned, with added ascorbic acid",SR Legacy
"Apricot, canned",Survey (FNDDS)
"Apricot, dried",Survey (FNDDS)
"Apricot, raw",Survey (FNDDS)
"Apricot, with skin, raw",Foundation
"Apricots, canned, extra heavy syrup pack, without skin, solids and liquids",SR Legacy
"Apricots, canned, extra light syrup pack, with skin, solids and liquids (Includes foods for USDA's Food Distribution Program)",SR Legacy
"Apricots, canned, heavy syrup pack, with skin, solids and liquids",SR Legacy
"Apricots, canned, heavy syrup pack, without skin, solids and liquids",SR Legacy
"Apricots, canned, heavy syrup, drained",SR Legacy
"Apricots, canned, juice pack, with skin, solids and liquids",SR Legacy
"Apricots, canned, light syrup pack, with skin, solids and liquids",SR Legacy
"Apricots, canned, water pack, with skin, solids and liquids",SR Legacy
"Apricots, canned, water pack, without skin, solids and liquids",SR Legacy
"Apricots, dehydrated (low-moisture), sulfured, stewed",SR Legacy
"Apricots, dehydrated (low-moisture), sulfured, uncooked",SR Legacy
"Apricots, dried, sulfured, stewed, with added sugar",SR Legacy
"Apricots, dried, sulfured, stewed, without added sugar",SR Legacy
"Apricots, dried, sulfured, uncooked",SR Legacy
"Apricots, frozen, sweetened",SR Legacy
"Apricots, raw",SR Legacy
"ARBY'S, roast beef sandwich, classic",SR Legacy
"Archway Home Style Cookies, Chocolate Chip Ice Box",SR Legacy
"Archway Home Style Cookies, Coconut Macaroon",SR Legacy
"Archway Home Style Cookies, Date Filled Oatmeal",SR Legacy
"Archway Home Style Cookies, Dutch Cocoa",SR Legacy
"Archway Home Style Cookies, Frosty Lemon",SR Legacy
"Archway Home Style Cookies, Iced Molasses",SR Legacy
"Archway Home Style Cookies, Iced Oatmeal",SR Legacy
"Archway Home Style Cookies, Molasses",SR Legacy
"Archway Home Style Cookies, Oatmeal",SR Legacy
"Archway Home Style Cookies, Oatmeal Raisin",SR Legacy
"Archway Home Style Cookies, Old Fashioned Molasses",SR Legacy
"Archway Home Style Cookies, Old Fashioned Windmill Cookies",SR Legacy
"Archway Home Style Cookies, Peanut Butter",SR Legacy
"Archway Home Style Cookies, Raspberry Filled",SR Legacy
"Archway Home Style Cookies, Reduced Fat Ginger Snaps",SR Legacy
"Archway Home Style Cookies, Strawberry Filled",SR Legacy
"Archway Home Style Cookies, Sugar Free Oatmeal",SR Legacy
Arepa Dominicana,Survey (FNDDS)
Armadillo,Survey (FNDDS)
"Arrowhead, cooked, boiled, drained, with salt",SR Legacy
"Arrowhead, cooked, boiled, drained, without salt",SR Legacy
"Arrowhead, raw",SR Legacy
Arrowroot flour,SR Legacy
"Arrowroot, raw",SR Legacy
Artichoke,Survey (FNDDS)
Artichoke dip,Survey (FNDDS)
"Artichokes, (globe or french), cooked, boiled, drained, with salt",SR Legacy
"Artichokes, (globe or french), cooked, boiled, drained, without salt",SR Legacy
"Artichokes, (globe or french), frozen, cooked, boiled, drained, with salt",SR Legacy
"Artichokes, (globe or french), frozen, cooked, boiled, drained, without salt",SR Legacy
"Artichokes, (globe or french), frozen, unprepared",SR Legacy
"Artichokes, (globe or french), raw",SR Legacy
"Artichokes, stuffed",Survey (FNDDS)
"Artificial Blueberry Muffin Mix, dry",SR Legacy
"Arugula, baby, raw",Foundation
"Arugula, raw",SR Legacy
Ascidians (tunughnak) (Alaska Native),SR Legacy
"Asian chicken or turkey garden salad with crispy noodles, chicken and/or turkey, lettuce, fruit, nuts, crispy noodles, no dressing",Survey (FNDDS)
"Asian chicken or turkey garden salad, chicken and/or turkey, lettuce, fruit, nuts, no dressing",Survey (FNDDS)
"Asian stir fry vegetables, cooked, fat added",Survey (FNDDS)
"Asian stir fry vegetables, cooked, no added fat",Survey (FNDDS)
"Asparagus, canned, cooked with butter or margarine",Survey (FNDDS)
"Asparagus, canned, cooked with oil",Survey (FNDDS)
"Asparagus, canned, cooked, fat added, NS as to fat type",Survey (FNDDS)
"Asparagus, canned, cooked, no added fat",Survey (FNDDS)
"Asparagus, canned, drained solids",SR Legacy
"Asparagus, canned, no salt added, solids and liquids",SR Legacy
"Asparagus, canned, regular pack, solids and liquids",SR Legacy
"Asparagus, cooked, boiled, drained",SR Legacy
"Asparagus, cooked, boiled, drained, with salt",SR Legacy
"Asparagus, fresh, cooked with butter or margarine",Survey (FNDDS)
"Asparagus, fresh, cooked with oil",Survey (FNDDS)
"Asparagus, fresh, cooked, fat added, NS as to fat type",Survey (FNDDS)
"Asparagus, fresh, cooked, no added fat",Survey (FNDDS)
"Asparagus, frozen, cooked with butter or margarine",Survey (FNDDS)
"Asparagus, frozen, cooked with oil",Survey (FNDDS)
"Asparagus, frozen, cooked, boiled, drained, with salt",SR Legacy
"Asparagus, frozen, cooked, boiled, drained, without salt",SR Legacy
"Asparagus, frozen, cooked, fat added, NS as to fat type",Survey (FNDDS)
"Asparagus, frozen, cooked, no added fat",Survey (FNDDS)
"Asparagus, frozen, unprepared",SR Legacy
"Asparagus, green, raw",Foundation
"Asparagus, NS as to form, cooked",Survey (FNDDS)
"Asparagus, raw",SR Legacy
"Asparagus, raw",Survey (FNDDS)
Atole,Survey (FNDDS)
Atole de avena,Survey (FNDDS)
Atole de chocolate,Survey (FNDDS)
Avocado dressing,Survey (FNDDS)
"Avocado, for use on a sandwich",Survey (FNDDS)
"Avocado, Hass, peeled, raw",Foundation
"Avocado, raw",Survey (FNDDS)
"Avocados, raw, all commercial varieties",SR Legacy
"Avocados, raw, California",SR Legacy
"Avocados, raw, Florida",SR Legacy
"Baby Toddler apples, Stage 1",Survey (FNDDS)
"Baby Toddler apples, Stage 2",Survey (FNDDS)
"Baby Toddler bananas, Stage 1",Survey (FNDDS)
"Baby Toddler bananas, Stage 2",Survey (FNDDS)
Baby Toddler bar,Survey (FNDDS)
Baby Toddler beef,Survey (FNDDS)
Baby Toddler beets,Survey (FNDDS)
Baby Toddler biscuit,Survey (FNDDS)
"Baby Toddler carrots, Stage 1",Survey (FNDDS)
"Baby Toddler carrots, Stage 2",Survey (FNDDS)
"Baby Toddler cereal, barley, dry",Survey (FNDDS)
"Baby Toddler cereal, multigrain with fruit, dry",Survey (FNDDS)
"Baby Toddler cereal, multigrain with fruit, ready-to-eat",Survey (FNDDS)
"Baby Toddler cereal, multigrain, dry",Survey (FNDDS)
"Baby Toddler cereal, multigrain, ready-to-eat",Survey (FNDDS)
"Baby Toddler cereal, NFS",Survey (FNDDS)
"Baby Toddler cereal, oatmeal with fruit, dry",Survey (FNDDS)
"Baby Toddler cereal, oatmeal with fruit, ready-to-eat",Survey (FNDDS)
"Baby Toddler cereal, oatmeal, dry",Survey (FNDDS)
"Baby Toddler cereal, oatmeal, ready-to-eat",Survey (FNDDS)
"Baby Toddler cereal, rice with fruit, dry",Survey (FNDDS)
"Baby Toddler cereal, rice with fruit, ready-to-eat",Survey (FNDDS)
"Baby Toddler cereal, rice, dry",Survey (FNDDS)
"Baby Toddler cereal, rice, ready-to-eat",Survey (FNDDS)
Baby Toddler chicken,Survey (FNDDS)
Baby Toddler cookie,Survey (FNDDS)
Baby Toddler crackers,Survey (FNDDS)
Baby Toddler crunchies,Survey (FNDDS)
"Baby Toddler food, NFS",Survey (FNDDS)
Baby Toddler fruit and meat,Survey (FNDDS)
"Baby Toddler fruit and vegetables, Stage 2",Survey (FNDDS)
"Baby Toddler fruit and vegetables, Stage 3",Survey (FNDDS)
"Baby Toddler fruit and vegetables, with grain",Survey (FNDDS)
"Baby Toddler fruit and vegetables, with yogurt",Survey (FNDDS)
"Baby Toddler fruit, NFS",Survey (FNDDS)
"Baby Toddler fruit, vegetables, and meat",Survey (FNDDS)
"Baby Toddler fruit, with grain",Survey (FNDDS)
"Baby Toddler fruit, with yogurt",Survey (FNDDS)
"Baby Toddler green beans, Stage 1",Survey (FNDDS)
"Baby Toddler green beans, Stage 2",Survey (FNDDS)
Baby Toddler ham,Survey (FNDDS)
"Baby Toddler juice, apple",Survey (FNDDS)
"Baby Toddler juice, fruit and vegetable",Survey (FNDDS)
"Baby Toddler juice, fruit and yogurt blend",Survey (FNDDS)
"Baby Toddler juice, grape",Survey (FNDDS)
"Baby Toddler juice, mixed fruit",Survey (FNDDS)
"Baby Toddler juice, NFS",Survey (FNDDS)
"Baby Toddler juice, pear",Survey (FNDDS)
Baby Toddler mangoes,Survey (FNDDS)
Baby Toddler meat stick,Survey (FNDDS)
"Baby Toddler meat, NFS",Survey (FNDDS)
"Baby Toddler multiple fruit, Stage 2",Survey (FNDDS)
"Baby Toddler multiple fruit, Stage 3",Survey (FNDDS)
"Baby Toddler multiple vegetables, Stage 2",Survey (FNDDS)
"Baby Toddler multiple vegetables, Stage 3",Survey (FNDDS)
"Baby Toddler peaches, Stage 1",Survey (FNDDS)
"Baby Toddler peaches, Stage 2",Survey (FNDDS)
"Baby Toddler pears, Stage 1",Survey (FNDDS)
"Baby Toddler pears, Stage 2",Survey (FNDDS)
"Baby Toddler peas, Stage 1",Survey (FNDDS)
"Baby Toddler peas, Stage 2",Survey (FNDDS)
Baby Toddler prunes,Survey (FNDDS)
Baby Toddler pudding,Survey (FNDDS)
"Baby Toddler puffs, fruit",Survey (FNDDS)
"Baby Toddler puffs, vegetable",Survey (FNDDS)
"Baby Toddler snack, NFS",Survey (FNDDS)
"Baby Toddler squash, Stage 1",Survey (FNDDS)
"Baby Toddler squash, Stage 2",Survey (FNDDS)
"Baby Toddler sweet potatoes, Stage 1",Survey (FNDDS)
"Baby Toddler sweet potatoes, Stage 2",Survey (FNDDS)
Baby Toddler turkey,Survey (FNDDS)
"Baby Toddler vegetable, NFS",Survey (FNDDS)
Baby Toddler vegetables and meat,Survey (FNDDS)
"Baby Toddler vegetables, with grain",Survey (FNDDS)
Baby Toddler wheels,Survey (FNDDS)
Baby Toddler yogurt melts,Survey (FNDDS)
"Baby Toddler yogurt, plain",Survey (FNDDS)
"Baby Toddler yogurt, with fruit",Survey (FNDDS)
"Babyfood, apple yogurt dessert, strained",SR Legacy
"Babyfood, apple-banana juice",SR Legacy
"Babyfood, apples with ham, strained",SR Legacy
"Babyfood, apples, dices, toddler",SR Legacy
"Babyfood, Baby MUM MUM Rice Biscuits",SR Legacy
"Babyfood, baked product, finger snacks cereal fortified",SR Legacy
"Babyfood, banana apple dessert, strained",SR Legacy
"Babyfood, banana juice with low fat yogurt",SR Legacy
"Babyfood, banana no tapioca, strained",SR Legacy
"Babyfood, banana with mixed berries, strained",SR Legacy
"Babyfood, beverage, GERBER, GRADUATES, FRUIT SPLASHERS",SR Legacy
"Babyfood, carrots and beef, strained",SR Legacy
"Babyfood, carrots, toddler",SR Legacy
"Babyfood, cereal, barley, dry fortified",SR Legacy
"Babyfood, cereal, barley, prepared with whole milk",SR Legacy
"Babyfood, cereal, brown rice, dry, instant",SR Legacy
"Babyfood, cereal, egg yolks and bacon, junior",SR Legacy
"Babyfood, cereal, high protein, prepared with whole milk",SR Legacy
"Babyfood, cereal, high protein, with apple and orange, dry",SR Legacy
"Babyfood, cereal, high protein, with apple and orange, prepared with whole milk",SR Legacy
"Babyfood, cereal, mixed, dry fortified",SR Legacy
"Babyfood, cereal, mixed, prepared with whole milk",SR Legacy
"Babyfood, cereal, mixed, with applesauce and bananas, junior, fortified",SR Legacy
"Babyfood, cereal, mixed, with applesauce and bananas, strained",SR Legacy
"Babyfood, cereal, mixed, with bananas, dry",SR Legacy
"Babyfood, cereal, mixed, with bananas, prepared with whole milk",SR Legacy
"Babyfood, cereal, mixed, with honey, prepared with whole milk",SR Legacy
"Babyfood, cereal, oatmeal, dry fortified",SR Legacy
"Babyfood, cereal, Oatmeal, dry, GERBER, SINGLE GRAIN, fortified",SR Legacy
"Babyfood, cereal, oatmeal, prepared with whole milk",SR Legacy
"Babyfood, cereal, oatmeal, with applesauce and bananas, junior, fortified",SR Legacy
"Babyfood, cereal, oatmeal, with applesauce and bananas, strained",SR Legacy
"Babyfood, cereal, oatmeal, with bananas, dry",SR Legacy
"Babyfood, cereal, oatmeal, with bananas, prepared with whole milk",SR Legacy
"Babyfood, cereal, oatmeal, with honey, dry",SR Legacy
"Babyfood, cereal, oatmeal, with honey, prepared with whole milk",SR Legacy
"Babyfood, cereal, rice with pears and apple, dry, instant fortified",SR Legacy
"Babyfood, cereal, rice, dry fortified",SR Legacy
"Babyfood, cereal, rice, prepared with whole milk",SR Legacy
"Babyfood, cereal, rice, with applesauce and bananas, strained",SR Legacy
"Babyfood, cereal, rice, with bananas, dry",SR Legacy
"Babyfood, cereal, rice, with bananas, prepared with whole milk",SR Legacy
"Babyfood, cereal, rice, with honey, prepared with whole milk",SR Legacy
"Babyfood, cereal, whole wheat, with apples, dry fortified",SR Legacy
"Babyfood, cereal, with egg yolks, junior",SR Legacy
"Babyfood, cereal, with egg yolks, strained",SR Legacy
"Babyfood, cereal, with eggs, strained",SR Legacy
"Babyfood, cherry cobbler, junior",SR Legacy
"Babyfood, cookie, baby, fruit",SR Legacy
"Babyfood, cookies",SR Legacy
"Babyfood, cookies, arrowroot",SR Legacy
"Babyfood, corn and sweet potatoes, strained",SR Legacy
"Babyfood, crackers, vegetable",SR Legacy
"Babyfood, dessert, banana pudding, strained",SR Legacy
"Babyfood, dessert, banana yogurt, strained",SR Legacy
"Babyfood, dessert, blueberry yogurt, strained",SR Legacy
"Babyfood, dessert, cherry vanilla pudding, junior",SR Legacy
"Babyfood, dessert, cherry vanilla pudding, strained",SR Legacy
"Babyfood, dessert, custard pudding, vanilla, junior",SR Legacy
"Babyfood, dessert, custard pudding, vanilla, strained",SR Legacy
"Babyfood, dessert, dutch apple, junior",SR Legacy
"Babyfood, dessert, dutch apple, strained",SR Legacy
"Babyfood, dessert, fruit dessert, without ascorbic acid, junior",SR Legacy
"Babyfood, dessert, fruit dessert, without ascorbic acid, strained",SR Legacy
"Babyfood, dessert, fruit pudding, orange, strained",SR Legacy
"Babyfood, dessert, fruit pudding, pineapple, strained",SR Legacy
"Babyfood, dessert, peach cobbler, junior",SR Legacy
"Babyfood, dessert, peach cobbler, strained",SR Legacy
"Babyfood, dessert, peach melba, junior",SR Legacy
"Babyfood, dessert, peach melba, strained",SR Legacy
"Babyfood, dessert, peach yogurt",SR Legacy
"Babyfood, dessert, tropical fruit, junior",SR Legacy
"Babyfood, dinner, apples and chicken, strained",SR Legacy
"Babyfood, dinner, beef and rice, toddler",SR Legacy
"Babyfood, dinner, beef lasagna, toddler",SR Legacy
"Babyfood, dinner, beef noodle, junior",SR Legacy
"Babyfood, dinner, beef noodle, strained",SR Legacy
"Babyfood, dinner, beef with vegetables",SR Legacy
"Babyfood, dinner, broccoli and chicken, junior",SR Legacy
"Babyfood, dinner, chicken and rice",SR Legacy
"Babyfood, dinner, chicken noodle, junior",SR Legacy
"Babyfood, dinner, chicken noodle, strained",SR Legacy
"Babyfood, dinner, chicken soup, strained",SR Legacy
"Babyfood, dinner, chicken stew, toddler",SR Legacy
"Babyfood, dinner, macaroni and cheese, junior",SR Legacy
"Babyfood, dinner, macaroni and cheese, strained",SR Legacy
"Babyfood, dinner, macaroni and tomato and beef, junior",SR Legacy
"Babyfood, dinner, macaroni and tomato and beef, strained",SR Legacy
"Babyfood, dinner, macaroni, beef and tomato sauce, toddler",SR Legacy
"Babyfood, dinner, mixed vegetable, junior",SR Legacy
"Babyfood, dinner, mixed vegetable, strained",SR Legacy
"Babyfood, dinner, pasta with vegetables",SR Legacy
"Babyfood, dinner, spaghetti and tomato and meat, junior",SR Legacy
"Babyfood, dinner, spaghetti and tomato and meat, toddler",SR Legacy
"Babyfood, dinner, sweet potatoes and chicken, strained",SR Legacy
"Babyfood, dinner, turkey and rice, junior",SR Legacy
"Babyfood, dinner, turkey and rice, strained",SR Legacy
"Babyfood, dinner, turkey, rice, and vegetables, toddler",SR Legacy
"Babyfood, dinner, vegetables and beef, junior",SR Legacy
"Babyfood, dinner, vegetables and beef, strained",SR Legacy
"Babyfood, dinner, vegetables and chicken, junior",SR Legacy
"Babyfood, dinner, vegetables and dumplings and beef, junior",SR Legacy
"Babyfood, dinner, vegetables and dumplings and beef, strained",SR Legacy
"Babyfood, dinner, vegetables and lamb, junior",SR Legacy
"Babyfood, dinner, vegetables and noodles and turkey, junior",SR Legacy
"Babyfood, dinner, vegetables and noodles and turkey, strained",SR Legacy
"Babyfood, dinner, vegetables and turkey, junior",SR Legacy
"Babyfood, dinner, vegetables and turkey, strained",SR Legacy
"Babyfood, dinner, vegetables chicken, strained",SR Legacy
"Babyfood, dinner, vegetables, noodles and chicken, junior",SR Legacy
"Babyfood, dinner, vegetables, noodles and chicken, strained",SR Legacy
"Babyfood, finger snacks, GERBER, GRADUATES, PUFFS, apple and cinnamon",SR Legacy
"Babyfood, fortified cereal bar, fruit filling",SR Legacy
"Babyfood, fruit and vegetable, apple and sweet potato",SR Legacy
"Babyfood, fruit dessert, mango with tapioca",SR Legacy
"Babyfood, fruit supreme dessert",SR Legacy
"Babyfood, fruit, apple and blueberry, junior",SR Legacy
"Babyfood, fruit, apple and blueberry, strained",SR Legacy
"Babyfood, fruit, apple and raspberry, junior",SR Legacy
"Babyfood, fruit, apple and raspberry, strained",SR Legacy
"Babyfood, fruit, applesauce and apricots, junior",SR Legacy
"Babyfood, fruit, applesauce and apricots, strained",SR Legacy
"Babyfood, fruit, applesauce and cherries, junior",SR Legacy
"Babyfood, fruit, applesauce and cherries, strained",SR Legacy
"Babyfood, fruit, applesauce and pineapple, junior",SR Legacy
"Babyfood, fruit, applesauce and pineapple, strained",SR Legacy
"Babyfood, fruit, applesauce with banana, junior",SR Legacy
"Babyfood, fruit, applesauce, junior",SR Legacy
"Babyfood, fruit, applesauce, strained",SR Legacy
"Babyfood, fruit, apricot with tapioca, junior",SR Legacy
"Babyfood, fruit, apricot with tapioca, strained",SR Legacy
"Babyfood, fruit, banana and strawberry, junior",SR Legacy
"Babyfood, fruit, bananas and pineapple with tapioca, junior",SR Legacy
"Babyfood, fruit, bananas and pineapple with tapioca, strained",SR Legacy
"Babyfood, fruit, bananas with apples and pears, strained",SR Legacy
"Babyfood, fruit, bananas with tapioca, junior",SR Legacy
"Babyfood, fruit, bananas with tapioca, strained",SR Legacy
"Babyfood, fruit, guava and papaya with tapioca, strained",SR Legacy
"Babyfood, fruit, papaya and applesauce with tapioca, strained",SR Legacy
"Babyfood, fruit, peaches, junior",SR Legacy
"Babyfood, fruit, peaches, strained",SR Legacy
"Babyfood, fruit, pears and pineapple, junior",SR Legacy
"Babyfood, fruit, pears and pineapple, strained",SR Legacy
"Babyfood, fruit, pears, junior",SR Legacy
"Babyfood, fruit, pears, strained",SR Legacy
"Babyfood, fruit, plums with tapioca, without ascorbic acid, junior",SR Legacy
"Babyfood, fruit, plums with tapioca, without ascorbic acid, strained",SR Legacy
"Babyfood, fruit, prunes with tapioca, without ascorbic acid, junior",SR Legacy
"Babyfood, fruit, prunes with tapioca, without ascorbic acid, strained",SR Legacy
"Babyfood, fruit, tutti frutti, junior",SR Legacy
"Babyfood, fruit, tutti frutti, strained",SR Legacy
"Babyfood, GERBER, 2nd Foods, apple, carrot and squash, organic",SR Legacy
"Babyfood, GERBER, 3rd Foods, apple, mango and kiwi",SR Legacy
"Babyfood, GERBER, Banana with orange medley",SR Legacy
"Babyfood, GERBER, GRADUATES Lil Biscuits Vanilla Wheat",SR Legacy
"Babyfood, grape juice, no sugar, canned",SR Legacy
"Babyfood, green beans and turkey, strained",SR Legacy
"Babyfood, green beans, dices, toddler",SR Legacy
"Babyfood, juice treats, fruit medley, toddler",SR Legacy
"Babyfood, juice, apple",SR Legacy
"Babyfood, juice, apple - cherry",SR Legacy
"Babyfood, juice, apple and grape",SR Legacy
"Babyfood, juice, apple and peach",SR Legacy
"Babyfood, juice, apple and prune",SR Legacy
"Babyfood, juice, apple, with calcium",SR Legacy
"Babyfood, juice, apple-sweet potato",SR Legacy
"Babyfood, juice, fruit punch, with calcium",SR Legacy
"Babyfood, juice, mixed fruit",SR Legacy
"Babyfood, juice, orange",SR Legacy
"Babyfood, juice, orange and apple",SR Legacy
"Babyfood, juice, orange and apple and banana",SR Legacy
"Babyfood, juice, orange and apricot",SR Legacy
"Babyfood, juice, orange and banana",SR Legacy
"Babyfood, juice, orange and pineapple",SR Legacy
"Babyfood, juice, orange-carrot",SR Legacy
"Babyfood, juice, pear",SR Legacy
"Babyfood, juice, prune and orange",SR Legacy
"Babyfood, macaroni and cheese, toddler",SR Legacy
"Babyfood, mashed cheddar potatoes and broccoli, toddlers",SR Legacy
"Babyfood, meat, beef with vegetables, toddler",SR Legacy
"Babyfood, meat, beef, junior",SR Legacy
"Babyfood, meat, beef, strained",SR Legacy
"Babyfood, meat, chicken sticks, junior",SR Legacy
"Babyfood, meat, chicken, junior",SR Legacy
"Babyfood, meat, chicken, strained",SR Legacy
"Babyfood, meat, ham, junior",SR Legacy
"Babyfood, meat, ham, strained",SR Legacy
"Babyfood, meat, lamb, junior",SR Legacy
"Babyfood, meat, lamb, strained",SR Legacy
"Babyfood, meat, meat sticks, junior",SR Legacy
"Babyfood, meat, pork, strained",SR Legacy
"Babyfood, meat, turkey sticks, junior",SR Legacy
"Babyfood, meat, turkey, junior",SR Legacy
"Babyfood, meat, turkey, strained",SR Legacy
"Babyfood, meat, veal, strained",SR Legacy
"Babyfood, mixed fruit juice with low fat yogurt",SR Legacy
"Babyfood, mixed fruit yogurt, strained",SR Legacy
"Babyfood, Multigrain whole grain cereal, dry fortified",SR Legacy
"Babyfood, oatmeal cereal with fruit, dry, instant, toddler fortified",SR Legacy
"Babyfood, peaches, dices, toddler",SR Legacy
"Babyfood, pears, dices, toddler",SR Legacy
"Babyfood, peas and brown rice",SR Legacy
"Babyfood, peas, dices, toddler",SR Legacy
"Babyfood, plums, bananas and rice, strained",SR Legacy
"Babyfood, potatoes, toddler",SR Legacy
"Babyfood, pretzels",SR Legacy
"Babyfood, prunes, without vitamin c, strained",SR Legacy
"Babyfood, ravioli, cheese filled, with tomato sauce",SR Legacy
"Babyfood, rice and apples, dry",SR Legacy
"Babyfood, rice cereal, dry, EARTHS BEST ORGANIC WHOLE GRAIN, fortified only with iron",SR Legacy
"Babyfood, snack, GERBER GRADUATE FRUIT  STRIPS, Real Fruit Bars",SR Legacy
"Babyfood, Snack, GERBER, GRADUATES, LIL CRUNCHIES, baked whole grain corn snack",SR Legacy
"Babyfood, snack, GERBER, GRADUATES, YOGURT MELTS",SR Legacy
"Babyfood, tropical fruit medley",SR Legacy
"Babyfood, vegetable and brown rice, strained",SR Legacy
"Babyfood, vegetable, butternut squash and corn",SR Legacy
"Babyfood, vegetable, green beans and potatoes",SR Legacy
"Babyfood, vegetables, beets, strained",SR Legacy
"Babyfood, vegetables, carrots, junior",SR Legacy
"Babyfood, vegetables, carrots, strained",SR Legacy
"Babyfood, vegetables, corn, creamed, junior",SR Legacy
"Babyfood, vegetables, corn, creamed, strained",SR Legacy
"Babyfood, vegetables, garden vegetable, strained",SR Legacy
"Babyfood, vegetables, green beans, junior",SR Legacy
"Babyfood, vegetables, green beans, strained",SR Legacy
"Babyfood, vegetables, mix vegetables junior",SR Legacy
"Babyfood, vegetables, mix vegetables strained",SR Legacy
"Babyfood, vegetables, peas, strained",SR Legacy
"Babyfood, vegetables, spinach, creamed, strained",SR Legacy
"Babyfood, vegetables, squash, junior",SR Legacy
"Babyfood, vegetables, squash, strained",SR Legacy
"Babyfood, vegetables, sweet potatoes strained",SR Legacy
"Babyfood, vegetables, sweet potatoes, junior",SR Legacy
"Babyfood, water, bottled, GERBER, without added fluoride",SR Legacy
"Babyfood, yogurt, whole milk, with fruit, multigrain cereal and added DHA fortified",SR Legacy
"Babyfood, yogurt, whole milk, with fruit, multigrain cereal and added iron fortified",SR Legacy
Bacalaitos fritos,Survey (FNDDS)
Bacon and beef sticks,SR Legacy
Bacon and tomato dressing,Survey (FNDDS)
Bacon biscuit sandwich,Survey (FNDDS)
Bacon bits,Survey (FNDDS)
"Bacon bits, meatless",SR Legacy
"Bacon or side pork, fresh, cooked",Survey (FNDDS)
"Bacon strip, meatless",Survey (FNDDS)
"Bacon, for use on a sandwich",Survey (FNDDS)
"Bacon, for use with vegetables",Survey (FNDDS)
"Bacon, lettuce, tomato sandwich on wheat",Survey (FNDDS)
"Bacon, lettuce, tomato sandwich on white",Survey (FNDDS)
"Bacon, meatless",SR Legacy
"Bacon, NS as to type of meat, cooked",Survey (FNDDS)
"Bacon, NS as to type of meat, reduced sodium, cooked",Survey (FNDDS)
"Bacon, pre-sliced, reduced/low sodium, unprepared",SR Legacy
"Bacon, turkey, low sodium",SR Legacy
"Bacon, turkey, microwaved",SR Legacy
"Bacon, turkey, unprepared",SR Legacy
Bagel,Survey (FNDDS)
Bagel chips,Survey (FNDDS)
"Bagel, multigrain",Survey (FNDDS)
"Bagel, multigrain, with raisins",Survey (FNDDS)
"Bagel, oat bran",Survey (FNDDS)
"Bagel, pumpernickel",Survey (FNDDS)
"Bagel, wheat",Survey (FNDDS)
"Bagel, wheat bran",Survey (FNDDS)
"Bagel, wheat, with fruit and nuts",Survey (FNDDS)
"Bagel, wheat, with raisins",Survey (FNDDS)
"Bagel, whole grain white",Survey (FNDDS)
"Bagel, whole wheat",Survey (FNDDS)
"Bagel, whole wheat, with raisins",Survey (FNDDS)
"Bagel, with fruit other than raisins",Survey (FNDDS)
"Bagel, with raisins",Survey (FNDDS)
"Bagels, cinnamon-raisin",SR Legacy
"Bagels, cinnamon-raisin, toasted",SR Legacy
"Bagels, egg",SR Legacy
"Bagels, multigrain",SR Legacy
"Bagels, oat bran",SR Legacy
"Bagels, plain, enriched, with calcium propionate (includes onion, poppy, sesame)",SR Legacy
"Bagels, plain, enriched, with calcium propionate (includes onion, poppy, sesame), toasted",SR Legacy
"Bagels, plain, enriched, without calcium propionate (includes onion, poppy, sesame)",SR Legacy
"Bagels, plain, unenriched, with calcium propionate (includes onion, poppy, sesame)",SR Legacy
"Bagels, plain, unenriched, without calcium propionate(includes onion, poppy, sesame)",SR Legacy
"Bagels, wheat",SR Legacy
"Bagels, whole grain white",SR Legacy
Baked beans,Survey (FNDDS)
Baked beans from fast food / restaurant,Survey (FNDDS)
"Baked beans, reduced sodium",Survey (FNDDS)
"Baked beans, vegetarian",Survey (FNDDS)
"Baking chocolate, MARS SNACKFOOD US, M&M's Milk Chocolate Mini Baking Bits",SR Legacy
"Baking chocolate, MARS SNACKFOOD US, M&M's Semisweet Chocolate Mini Baking Bits",SR Legacy
"Baking chocolate, mexican, squares",SR Legacy
"Baking chocolate, unsweetened, liquid",SR Legacy
"Baking chocolate, unsweetened, squares",SR Legacy
Baklava,Survey (FNDDS)
"Balsam-pear (bitter gourd), leafy tips, cooked, boiled, drained, with salt",SR Legacy
"Balsam-pear (bitter gourd), leafy tips, cooked, boiled, drained, without salt",SR Legacy
"Balsam-pear (bitter gourd), leafy tips, raw",SR Legacy
"Balsam-pear (bitter gourd), pods, cooked, boiled, drained, with salt",SR Legacy
"Balsam-pear (bitter gourd), pods, cooked, boiled, drained, without salt",SR Legacy
"Balsam-pear (bitter gourd), pods, raw",SR Legacy
"Bamboo shoots, canned, drained solids",SR Legacy
"Bamboo shoots, cooked",Survey (FNDDS)
"Bamboo shoots, cooked, boiled, drained, with salt",SR Legacy
"Bamboo shoots, cooked, boiled, drained, without salt",SR Legacy
"Bamboo shoots, raw",SR Legacy
Banana chips,Survey (FNDDS)
Banana nectar,Survey (FNDDS)
Banana pudding,Survey (FNDDS)
Banana split,Survey (FNDDS)
"Banana, baked",Survey (FNDDS)
"Banana, raw",Survey (FNDDS)
"Bananas, dehydrated, or banana powder",SR Legacy
"Bananas, overripe, raw",Foundation
"Bananas, raw",SR Legacy
"Bananas, ripe and slightly ripe, raw",Foundation
"BANQUET, Salisbury Steak With Gravy, family size, frozen, unprepared",SR Legacy
Bao bun,Survey (FNDDS)
"Bao bun, no meat",Survey (FNDDS)
Baobab powder,SR Legacy
"Barbecue beef sandwich, on wheat bun",Survey (FNDDS)
"Barbecue beef sandwich, on white bun",Survey (FNDDS)
"Barbecue beef, no sauce",Survey (FNDDS)
"Barbecue beef, with sauce",Survey (FNDDS)
Barbecue chicken,Survey (FNDDS)
"Barbecue chicken sandwich, on wheat bun",Survey (FNDDS)
"Barbecue chicken sandwich, on white bun",Survey (FNDDS)
"Barbecue loaf, pork, beef",SR Legacy
"Barbecue meat, NFS",Survey (FNDDS)
"Barbecue pork sandwich, on wheat bun",Survey (FNDDS)
"Barbecue pork sandwich, on white bun",Survey (FNDDS)
"Barbecue pork, no sauce",Survey (FNDDS)
"Barbecue pork, with sauce",Survey (FNDDS)
Barbecue rib sandwich,Survey (FNDDS)
"Barbecue sandwich, NFS",Survey (FNDDS)
Barbecue sauce,Survey (FNDDS)
"Barfi or Burfi, Indian dessert",Survey (FNDDS)
Barley,Survey (FNDDS)
Barley flour or meal,SR Legacy
Barley malt flour,SR Legacy
"Barley, hulled",SR Legacy
"Barley, pearled, cooked",SR Legacy
"Barley, pearled, raw",SR Legacy
Basbousa,Survey (FNDDS)
"Basil, fresh",SR Legacy
"Basil, raw",Survey (FNDDS)
Bean cake,Survey (FNDDS)
Bean chips,Survey (FNDDS)
"Bean dip, made with refried beans",Survey (FNDDS)
"Bean paste, sweetened",Survey (FNDDS)
"Bean salad, yellow and/or green string beans",Survey (FNDDS)
"Bean sprouts, cooked",Survey (FNDDS)
"Bean sprouts, raw",Survey (FNDDS)
Beans and brown rice,Survey (FNDDS)
Beans and franks,Survey (FNDDS)
"Beans and rice, from fast food / restaurant",Survey (FNDDS)
"Beans and rice, with meat",Survey (FNDDS)
"Beans and rice, with tomatoes",Survey (FNDDS)
"Beans and tomatoes, fat added",Survey (FNDDS)
"Beans and tomatoes, no added fat",Survey (FNDDS)
Beans and white rice,Survey (FNDDS)
"Beans with meat, NS as to type",Survey (FNDDS)
"Beans, adzuki, mature seed, cooked, boiled, with salt",SR Legacy
"Beans, adzuki, mature seeds, canned, sweetened",SR Legacy
"Beans, adzuki, mature seeds, cooked, boiled, without salt",SR Legacy
"Beans, adzuki, mature seeds, raw",SR Legacy
"Beans, baked, canned, no salt added",SR Legacy
"Beans, baked, canned, plain or vegetarian",SR Legacy
"Beans, baked, canned, with beef",SR Legacy
"Beans, baked, canned, with franks",SR Legacy
"Beans, baked, canned, with pork",SR Legacy
"Beans, baked, canned, with pork and sweet sauce",SR Legacy
"Beans, baked, canned, with pork and tomato sauce",SR Legacy
"Beans, baked, home prepared",SR Legacy
"Beans, black turtle, mature seeds, canned",SR Legacy
"Beans, black turtle, mature seeds, cooked, boiled, with salt",SR Legacy
"Beans, black turtle, mature seeds, cooked, boiled, without salt",SR Legacy
"Beans, black turtle, mature seeds, raw",SR Legacy
"Beans, black, canned, sodium added, drained and rinsed",Foundation
"Beans, black, mature seeds, canned, low sodium",SR Legacy
"Beans, black, mature seeds, cooked, boiled, with salt",SR Legacy
"Beans, black, mature seeds, cooked, boiled, without salt",SR Legacy
"Beans, black, mature seeds, raw",SR Legacy
"Beans, cannellini, canned, sodium added, drained and rinsed",Foundation
"Beans, cannellini, dry",Foundation
"Beans, chili, barbecue, ranch style, cooked",SR Legacy
"Beans, cranberry (roman), mature seeds, canned",SR Legacy
"Beans, cranberry (roman), mature seeds, cooked, boiled, with salt",SR Legacy
"Beans, cranberry (roman), mature seeds, cooked, boiled, without salt",SR Legacy
"Beans, cranberry (roman), mature seeds, raw",SR Legacy
"Beans, Dry, Black (0% moisture)",Foundation
"Beans, Dry, Brown (0% moisture)",Foundation
"Beans, Dry, Carioca (0% moisture)",Foundation
"Beans, Dry, Cranberry (0% moisture)",Foundation
"Beans, Dry, Dark Red Kidney (0% moisture)",Foundation
"Beans, Dry, Flor de Mayo (0% moisture)",Foundation
"Beans, Dry, Great Northern (0% moisture)",Foundation
"Beans, Dry, Light Red Kidney (0% moisture)",Foundation
"Beans, Dry, Light Tan (0% moisture)",Foundation
"Beans, Dry, Medium Red (0% moisture)",Foundation
"Beans, Dry, Navy (0% moisture)",Foundation
"Beans, Dry, Pink (0% moisture)",Foundation
"Beans, Dry, Pinto (0% moisture)",Foundation
"Beans, Dry, Red (0% moisture)",Foundation
"Beans, Dry, Small Red (0% moisture)",Foundation
"Beans, Dry, Small White (0% moisture)",Foundation
"Beans, Dry, Tan (0% moisture)",Foundation
"Beans, fava, in pod, raw",SR Legacy
"Beans, french, mature seeds, cooked, boiled, with salt",SR Legacy
"Beans, french, mature seeds, cooked, boiled, without salt",SR Legacy
"Beans, french, mature seeds, raw",SR Legacy
"Beans, from canned, NS as to type, fat added",Survey (FNDDS)
"Beans, from canned, NS as to type, no added fat",Survey (FNDDS)
"Beans, from dried, NS as to type, fat added",Survey (FNDDS)
"Beans, from dried, NS as to type, no added fat",Survey (FNDDS)
"Beans, from fast food / restaurant, NS as to type",Survey (FNDDS)
"Beans, great northern, canned, sodium added, drained and rinsed",Foundation
"Beans, great northern, mature seeds, canned",SR Legacy
"Beans, great northern, mature seeds, canned, low sodium",SR Legacy
"Beans, great northern, mature seeds, cooked, boiled, with salt",SR Legacy
"Beans, great northern, mature seeds, cooked, boiled, without salt",SR Legacy
"Beans, great northern, mature seeds, raw (Includes foods for USDA's Food Distribution Program)",SR Legacy
"Beans, kidney, all types, mature seeds, canned",SR Legacy
"Beans, kidney, all types, mature seeds, cooked, boiled, with salt",SR Legacy
"Beans, kidney, all types, mature seeds, cooked, boiled, without salt",SR Legacy
"Beans, kidney, all types, mature seeds, raw",SR Legacy
"Beans, kidney, california red, mature seeds, cooked, boiled, with salt",SR Legacy
"Beans, kidney, california red, mature seeds, cooked, boiled, without salt",SR Legacy
"Beans, kidney, california red, mature seeds, raw",SR Legacy
"Beans, kidney, dark red, canned, sodium added, sugar added, drained and rinsed",Foundation
"Beans, kidney, light red, canned, sodium added, sugar added, drained and rinsed",Foundation
"Beans, kidney, mature seeds, sprouted, cooked, boiled, drained, with salt",SR Legacy
"Beans, kidney, mature seeds, sprouted, cooked, boiled, drained, without salt",SR Legacy
"Beans, kidney, mature seeds, sprouted, raw",SR Legacy
"Beans, kidney, red, mature seeds, canned, drained solids",SR Legacy
"Beans, kidney, red, mature seeds, canned, drained solids, rinsed in tap water",SR Legacy
"Beans, kidney, red, mature seeds, canned, solids and liquid, low sodium",SR Legacy
"Beans, kidney, red, mature seeds, canned, solids and liquids",SR Legacy
"Beans, kidney, red, mature seeds, cooked, boiled, with salt",SR Legacy
"Beans, kidney, red, mature seeds, cooked, boiled, without salt",SR Legacy
"Beans, kidney, red, mature seeds, raw",SR Legacy
"Beans, kidney, royal red, mature seeds, cooked, boiled with salt",SR Legacy
"Beans, kidney, royal red, mature seeds, cooked, boiled, without salt",SR Legacy
"Beans, kidney, royal red, mature seeds, raw",SR Legacy
"Beans, liquid from stewed kidney beans",SR Legacy
"Beans, mung, mature seeds, sprouted, canned, drained solids",SR Legacy
"Beans, navy, canned, sodium added, drained and rinsed",Foundation
"Beans, navy, mature seeds, canned",SR Legacy
"Beans, navy, mature seeds, cooked, boiled, with salt",SR Legacy
"Beans, navy, mature seeds, cooked, boiled, without salt",SR Legacy
"Beans, navy, mature seeds, raw",SR Legacy
"Beans, navy, mature seeds, sprouted, cooked, boiled, drained, with salt",SR Legacy
"Beans, navy, mature seeds, sprouted, cooked, boiled, drained, without salt",SR Legacy
"Beans, navy, mature seeds, sprouted, raw",SR Legacy
"Beans, NFS",Survey (FNDDS)
"Beans, pink, mature seeds, cooked, boiled, with salt",SR Legacy
"Beans, pink, mature seeds, cooked, boiled, without salt",SR Legacy
"Beans, pink, mature seeds, raw",SR Legacy
"Beans, pinto, canned, drained solids",SR Legacy
"Beans, pinto, canned, sodium added, drained and rinsed",Foundation
"Beans, pinto, immature seeds, frozen, cooked, boiled, drained, with salt",SR Legacy
"Beans, pinto, immature seeds, frozen, cooked, boiled, drained, without salt",SR Legacy
"Beans, pinto, immature seeds, frozen, unprepared",SR Legacy
"Beans, pinto, mature seeds, canned, drained solids, rinsed in tap water",SR Legacy
"Beans, pinto, mature seeds, canned, solids and liquids",SR Legacy
"Beans, pinto, mature seeds, canned, solids and liquids, low sodium",SR Legacy
"Beans, pinto, mature seeds, cooked, boiled, with salt",SR Legacy
"Beans, pinto, mature seeds, cooked, boiled, without salt",SR Legacy
"Beans, pinto, mature seeds, raw (Includes foods for USDA's Food Distribution Program)",SR Legacy
"Beans, pinto, mature seeds, sprouted, cooked, boiled, drained, with salt",SR Legacy
"Beans, pinto, mature seeds, sprouted, cooked, boiled, drained, without salt",SR Legacy
"Beans, pinto, mature seeds, sprouted, raw",SR Legacy
"Beans, shellie, canned, solids and liquids",SR Legacy
"Beans, small white, mature seeds, cooked, boiled, with salt",SR Legacy
"Beans, small white, mature seeds, cooked, boiled, without salt",SR Legacy
"Beans, small white, mature seeds, raw",SR Legacy
"Beans, snap, canned, all styles, seasoned, solids and liquids",SR Legacy
"Beans, snap, green, canned, no salt added, drained solids",SR Legacy
"Beans, snap, green, canned, no salt added, solids and liquids",SR Legacy
"Beans, snap, green, canned, regular pack, drained solids",Foundation
"Beans, snap, green, canned, regular pack, drained solids",SR Legacy
"Beans, snap, green, canned, regular pack, solids and liquids",SR Legacy
"Beans, snap, green, cooked, boiled, drained, with salt",SR Legacy
"Beans, snap, green, cooked, boiled, drained, without salt",SR Legacy
"Beans, snap, green, frozen, all styles, microwaved",SR Legacy
"Beans, snap, green, frozen, all styles, unprepared (Includes foods for USDA's Food Distribution Program)",SR Legacy
"Beans, snap, green, frozen, cooked, boiled, drained without salt",SR Legacy
"Beans, snap, green, frozen, cooked, boiled, drained, with salt",SR Legacy
"Beans, snap, green, microwaved",SR Legacy
"Beans, snap, green, raw",Foundation
"Beans, snap, green, raw",SR Legacy
"Beans, snap, yellow, canned, no salt added, drained solids",SR Legacy
"Beans, snap, yellow, canned, no salt added, solids and liquids",SR Legacy
"Beans, snap, yellow, canned, regular pack, drained solids",SR Legacy
"Beans, snap, yellow, canned, regular pack, solids and liquids",SR Legacy
"Beans, snap, yellow, cooked, boiled, drained, with salt",SR Legacy
"Beans, snap, yellow, cooked, boiled, drained, without salt",SR Legacy
"Beans, snap, yellow, frozen, all styles, unprepared",SR Legacy
"Beans, snap, yellow, frozen, cooked, boiled, drained, with salt",SR Legacy
"Beans, snap, yellow, frozen, cooked, boiled, drained, without salt",SR Legacy
"Beans, snap, yellow, raw",SR Legacy
"Beans, white, mature seeds, canned",SR Legacy
"Beans, white, mature seeds, cooked, boiled, with salt",SR Legacy
"Beans, white, mature seeds, cooked, boiled, without salt",SR Legacy
"Beans, white, mature seeds, raw",SR Legacy
"Beans, yellow, mature seeds, cooked, boiled, with salt",SR Legacy
"Beans, yellow, mature seeds, cooked, boiled, without salt",SR Legacy
"Beans, yellow, mature seeds, raw",SR Legacy
Bear,Survey (FNDDS)
"Bear, black, meat (Alaska Native)",SR Legacy
"Bear, polar, meat, raw (Alaska Native)",SR Legacy
Beaver,Survey (FNDDS)
Beef and broccoli,Survey (FNDDS)
Beef and macaroni with cheese sauce,Survey (FNDDS)
Beef and noodles with cream or white sauce,Survey (FNDDS)
Beef and noodles with gravy,Survey (FNDDS)
Beef and noodles with mushroom sauce,Survey (FNDDS)
Beef and noodles with soy-based sauce,Survey (FNDDS)
Beef and noodles with tomato-based sauce,Survey (FNDDS)
"Beef and noodles, no sauce",Survey (FNDDS)
Beef and potatoes with cheese sauce,Survey (FNDDS)
"Beef and potatoes with cream sauce, white sauce or mushroom sauce",Survey (FNDDS)
"Beef and potatoes, no sauce",Survey (FNDDS)
Beef and rice with cheese sauce,Survey (FNDDS)
Beef and rice with cream sauce,Survey (FNDDS)
Beef and rice with gravy,Survey (FNDDS)
Beef and rice with mushroom sauce,Survey (FNDDS)
Beef and rice with soy-based sauce,Survey (FNDDS)
Beef and rice with tomato-based sauce,Survey (FNDDS)
"Beef and rice, no sauce",Survey (FNDDS)
"Beef and vegetables excluding carrots, broccoli, and dark-green leafy; no potatoes, gravy",Survey (FNDDS)
"Beef and vegetables excluding carrots, broccoli, and dark-green leafy; no potatoes, no sauce",Survey (FNDDS)
"Beef and vegetables excluding carrots, broccoli, and dark-green leafy; no potatoes, soy-based sauce",Survey (FNDDS)
"Beef and vegetables including carrots, broccoli, and/or dark-green leafy; no potatoes, gravy",Survey (FNDDS)
"Beef and vegetables including carrots, broccoli, and/or dark-green leafy; no potatoes, no sauce",Survey (FNDDS)
"Beef and vegetables including carrots, broccoli, and/or dark-green leafy; no potatoes, soy-based sauce",Survey (FNDDS)
"Beef and vegetables, Hawaiian style",Survey (FNDDS)
Beef as ingredient in recipes,Survey (FNDDS)
Beef burgundy,Survey (FNDDS)
Beef chow mein or chop suey with noodles,Survey (FNDDS)
"Beef chow mein or chop suey, no noodles",Survey (FNDDS)
"Beef composite, separable lean only, trimmed to 1/8"" fat, choice, cooked",SR Legacy
Beef curry,Survey (FNDDS)
Beef curry with rice,Survey (FNDDS)
"Beef dinner, NFS, frozen meal",Survey (FNDDS)
Beef egg foo yung,Survey (FNDDS)
Beef jerky,Survey (FNDDS)
"Beef macaroni with tomato sauce, frozen entree, reduced fat",SR Legacy
"Beef Pot Pie, frozen entree, prepared",SR Legacy
"Beef rolls, stuffed with vegetables or meat mixture, tomato-based sauce",Survey (FNDDS)
Beef salad,Survey (FNDDS)
Beef sausage,Survey (FNDDS)
Beef sausage with cheese,Survey (FNDDS)
"Beef shish kabob with vegetables, excluding potatoes",Survey (FNDDS)
"Beef steak with onions, Puerto Rican style",Survey (FNDDS)
"Beef stew with potatoes, Puerto Rican style",Survey (FNDDS)
"Beef stew, canned entree",SR Legacy
Beef stroganoff,Survey (FNDDS)
Beef stroganoff with noodles,Survey (FNDDS)
"Beef taco filling: beef, cheese, tomato, taco sauce",Survey (FNDDS)
Beef wellington,Survey (FNDDS)
Beef with cream or white sauce,Survey (FNDDS)
Beef with gravy,Survey (FNDDS)
Beef with mushroom sauce,Survey (FNDDS)
Beef with soy-based sauce,Survey (FNDDS)
"Beef with spaetzle or rice, vegetable, frozen meal",Survey (FNDDS)
Beef with sweet and sour sauce,Survey (FNDDS)
Beef with tomato-based sauce,Survey (FNDDS)
"Beef with vegetable, diet frozen meal",Survey (FNDDS)
"Beef with vegetables excluding carrots, broccoli, and dark-green leafy; no potatoes, mushroom sauce",Survey (FNDDS)
"Beef with vegetables excluding carrots, broccoli, and dark-green leafy; no potatoes, tomato-based sauce",Survey (FNDDS)
"Beef with vegetables including carrots, broccoli, and/or dark-green leafy; no potatoes, mushroom sauce",Survey (FNDDS)
"Beef with vegetables including carrots, broccoli, and/or dark-green leafy; no potatoes, tomato-based sauce",Survey (FNDDS)
"Beef, Australian, imported, grass-fed,  external fat, raw",SR Legacy
"Beef, Australian, imported, grass-fed, ground, 85% lean / 15% fat, raw",SR Legacy
"Beef, Australian, imported, grass-fed, loin, tenderloin steak/roast, boneless, separable lean and fat, raw",SR Legacy
"Beef, Australian, imported, grass-fed, loin, tenderloin steak/roast, boneless, separable lean only, raw",SR Legacy
"Beef, Australian, imported, grass-fed, loin, top loin steak/roast, boneless, separable lean and fat, raw",SR Legacy
"Beef, Australian, imported, grass-fed, loin, top loin steak/roast, boneless, separable lean only, raw",SR Legacy
"Beef, Australian, imported, grass-fed, loin, top sirloin cap-off steak/roast, boneless, separable lean and fat, raw",SR Legacy
"Beef, Australian, imported, grass-fed, loin, top sirloin cap-off steak/roast, boneless, separable lean only, raw",SR Legacy
"Beef, Australian, imported, grass-fed, rib, ribeye steak/roast lip-on, boneless, separable lean and fat, raw",SR Legacy
"Beef, Australian, imported, grass-fed, rib, ribeye steak/roast lip-on, boneless, separable lean only, raw",SR Legacy
"Beef, Australian, imported, grass-fed, round, bottom round steak/roast, boneless, separable lean and fat, raw",SR Legacy
"Beef, Australian, imported, grass-fed, round, bottom round steak/roast, boneless, separable lean only, raw",SR Legacy
"Beef, Australian, imported, grass-fed, round, top round cap-off steak/roast, boneless, separable lean and fat, raw",SR Legacy
"Beef, Australian, imported, grass-fed, round, top round cap-off steak/roast, boneless, separable lean only, raw",SR Legacy
"Beef, Australian, imported, grass-fed, seam fat, raw",SR Legacy
"Beef, Australian, imported, Wagyu, external fat, Aust. marble score 4/5, raw",SR Legacy
"Beef, Australian, imported, Wagyu, external fat, Aust. marble score 9, raw",SR Legacy
"Beef, Australian, imported, Wagyu, loin, tenderloin steak/roast, boneless, separable lean and fat, Aust. marble score 4/5, raw",SR Legacy
"Beef, Australian, imported, Wagyu, loin, tenderloin steak/roast, boneless, separable lean and fat, Aust. marble score 9, raw",SR Legacy
"Beef, Australian, imported, Wagyu, loin, tenderloin steak/roast, boneless, separable lean only, Aust. marble score 4/5, raw",SR Legacy
"Beef, Australian, imported, Wagyu, loin, tenderloin steak/roast, boneless, separable lean only, Aust. marble score 9, raw",SR Legacy
"Beef, Australian, imported, Wagyu, loin, top loin steak/roast, boneless, separable lean and fat, Aust. marble score 4/5, raw",SR Legacy
"Beef, Australian, imported, Wagyu, loin, top loin steak/roast, boneless, separable lean only, Aust. marble score 4/5, raw",SR Legacy
"Beef, Australian, imported, Wagyu, loin, top loin steak/roast, boneless, separable lean only, Aust. marble score 9, raw",SR Legacy
"Beef, Australian, imported, Wagyu, loin, top loin steak/roast, separable lean and fat, Aust. marble score 9, raw",SR Legacy
"Beef, Australian, imported, Wagyu, rib, small end rib steak/roast, boneless, separable lean and fat, Aust. marble score 4/5, raw",SR Legacy
"Beef, Australian, imported, Wagyu, rib, small end rib steak/roast, boneless, separable lean and fat, Aust. marble score 9, raw",SR Legacy
"Beef, Australian, imported, Wagyu, rib, small end rib steak/roast, boneless, separable lean only, Aust. marble score 4/5, raw",SR Legacy
"Beef, Australian, imported, Wagyu, rib, small end rib steak/roast, boneless, separable lean only, Aust. marble score 9, raw",SR Legacy
"Beef, Australian, imported, Wagyu, seam fat, Aust. marble score 4/5, raw",SR Legacy
"Beef, Australian, imported, Wagyu, seam fat, Aust. marble score 9, raw",SR Legacy
"Beef, bacon, cooked",Survey (FNDDS)
"Beef, bacon, reduced sodium, cooked",Survey (FNDDS)
"Beef, bologna, reduced sodium",SR Legacy
"Beef, bottom sirloin, tri-tip roast, separable lean and fat, trimmed to 0"" fat, all grades, cooked, roasted",SR Legacy
"Beef, bottom sirloin, tri-tip roast, separable lean and fat, trimmed to 0"" fat, all grades, raw",SR Legacy
"Beef, bottom sirloin, tri-tip roast, separable lean and fat, trimmed to 0"" fat, choice, cooked, roasted",SR Legacy
"Beef, bottom sirloin, tri-tip roast, separable lean and fat, trimmed to 0"" fat, choice, raw",SR Legacy
"Beef, bottom sirloin, tri-tip roast, separable lean and fat, trimmed to 0"" fat, select, cooked, roasted",SR Legacy
"Beef, bottom sirloin, tri-tip roast, separable lean and fat, trimmed to 0"" fat, select, raw",SR Legacy
"Beef, bottom sirloin, tri-tip roast, separable lean only, trimmed to 0"" fat, all grades, raw",SR Legacy
"Beef, bottom sirloin, tri-tip roast, separable lean only, trimmed to 0"" fat, choice, cooked, roasted",SR Legacy
"Beef, bottom sirloin, tri-tip roast, separable lean only, trimmed to 0"" fat, choice, raw",SR Legacy
"Beef, bottom sirloin, tri-tip roast, separable lean only, trimmed to 0"" fat, select, cooked, roasted",SR Legacy
"Beef, bottom sirloin, tri-tip roast, separable lean only, trimmed to 0"" fat, select, raw",SR Legacy
"Beef, brisket",Survey (FNDDS)
"Beef, brisket, flat half, boneless separable lean only, trimmed to 0"" fat, all grades, raw",SR Legacy
"Beef, brisket, flat half, boneless, separable lean and fat, trimmed to 0"" fat, all grades, raw",SR Legacy
"Beef, brisket, flat half, boneless, separable lean and fat, trimmed to 0"" fat, choice, raw",SR Legacy
"Beef, brisket, flat half, boneless, separable lean and fat, trimmed to 0"" fat, select, raw",SR Legacy
"Beef, brisket, flat half, boneless, separable lean only, trimmed to 0"" fat, choice, raw",SR Legacy
"Beef, brisket, flat half, boneless, separable lean only, trimmed to 0"" fat, select, raw",SR Legacy
"Beef, brisket, flat half, separable lean and fat, trimmed to 0"" fat, all grades, cooked, braised",SR Legacy
"Beef, brisket, flat half, separable lean and fat, trimmed to 0"" fat, choice, cooked, braised",SR Legacy
"Beef, brisket, flat half, separable lean and fat, trimmed to 0"" fat, select, cooked, braised",SR Legacy
"Beef, brisket, flat half, separable lean and fat, trimmed to 1/8"" fat, all grades, cooked, braised",SR Legacy
"Beef, brisket, flat half, separable lean and fat, trimmed to 1/8"" fat, all grades, raw",SR Legacy
"Beef, brisket, flat half, separable lean and fat, trimmed to 1/8"" fat, choice, cooked, braised",SR Legacy
"Beef, brisket, flat half, separable lean and fat, trimmed to 1/8"" fat, choice, raw",SR Legacy
"Beef, brisket, flat half, separable lean and fat, trimmed to 1/8"" fat, select, cooked, braised",SR Legacy
"Beef, brisket, flat half, separable lean and fat, trimmed to 1/8"" fat, select, raw",SR Legacy
"Beef, brisket, flat half, separable lean only, trimmed to 0"" fat, all grades, cooked, braised",SR Legacy
"Beef, brisket, flat half, separable lean only, trimmed to 0"" fat, choice, cooked, braised",SR Legacy
"Beef, brisket, flat half, separable lean only, trimmed to 0"" fat, select, cooked, braised",SR Legacy
"Beef, brisket, flat half, separable lean only, trimmed to 1/8"" fat, all grades, cooked, braised",SR Legacy
"Beef, brisket, flat half, separable lean only, trimmed to 1/8"" fat, all grades, raw",SR Legacy
"Beef, brisket, flat half, separable lean only, trimmed to 1/8"" fat, choice, cooked, braised",SR Legacy
"Beef, brisket, flat half, separable lean only, trimmed to 1/8"" fat, choice, raw",SR Legacy
"Beef, brisket, flat half, separable lean only, trimmed to 1/8"" fat, select, cooked, braised",SR Legacy
"Beef, brisket, flat half, separable lean only, trimmed to 1/8"" fat, select, raw",SR Legacy
"Beef, brisket, point half, separable lean and fat, trimmed to 0"" fat, all grades, cooked, braised",SR Legacy
"Beef, brisket, point half, separable lean and fat, trimmed to 1/8"" fat, all grades, cooked, braised",SR Legacy
"Beef, brisket, point half, separable lean and fat, trimmed to 1/8"" fat, all grades, raw",SR Legacy
"Beef, brisket, point half, separable lean only, trimmed to 0"" fat, all grades, cooked, braised",SR Legacy
"Beef, brisket, whole, separable lean and fat, trimmed to 0"" fat, all grades, cooked, braised",SR Legacy
"Beef, brisket, whole, separable lean and fat, trimmed to 1/8"" fat, all grades, cooked, braised",SR Legacy
"Beef, brisket, whole, separable lean and fat, trimmed to 1/8"" fat, all grades, raw",SR Legacy
"Beef, brisket, whole, separable lean only, all grades, raw",SR Legacy
"Beef, brisket, whole, separable lean only, trimmed to 0"" fat, all grades, cooked, braised",SR Legacy
"Beef, carcass, separable lean and fat, choice, raw",SR Legacy
"Beef, carcass, separable lean and fat, select, raw",SR Legacy
"Beef, chopped, cured, smoked",SR Legacy
"Beef, chuck eye Country-Style ribs, boneless, separable lean and fat, trimmed to 0"" fat, all grades, cooked, braised",SR Legacy
"Beef, chuck eye Country-Style ribs, boneless, separable lean and fat, trimmed to 0"" fat, all grades, raw",SR Legacy
"Beef, chuck eye Country-Style ribs, boneless, separable lean and fat, trimmed to 0"" fat, choice, cooked, braised",SR Legacy
"Beef, chuck eye Country-Style ribs, boneless, separable lean and fat, trimmed to 0"" fat, choice, raw",SR Legacy
"Beef, chuck eye Country-Style ribs, boneless, separable lean and fat, trimmed to 0"" fat, select, cooked, braised",SR Legacy
"Beef, chuck eye Country-Style ribs, boneless, separable lean and fat, trimmed to 0"" fat, select, raw",SR Legacy
"Beef, chuck eye Country-Style ribs, boneless, separable lean only, trimmed to 0"" fat, all grades, cooked, braised",SR Legacy
"Beef, chuck eye Country-Style ribs, boneless, separable lean only, trimmed to 0"" fat, all grades, raw",SR Legacy
"Beef, chuck eye Country-Style ribs, boneless, separable lean only, trimmed to 0"" fat, choice, cooked, braised",SR Legacy
"Beef, chuck eye Country-Style ribs, boneless, separable lean only, trimmed to 0"" fat, choice, raw",SR Legacy
"Beef, chuck eye Country-Style ribs, boneless, separable lean only, trimmed to 0"" fat, select, cooked, braised",SR Legacy
"Beef, chuck eye Country-Style ribs, boneless, separable lean only, trimmed to 0"" fat, select, raw",SR Legacy
"Beef, chuck eye roast, boneless, America's Beef Roast, separable lean and fat, trimmed to 0"" fat, all grades, cooked, roasted",SR Legacy
"Beef, chuck eye roast, boneless, America's Beef Roast, separable lean and fat, trimmed to 0"" fat, all grades, raw",SR Legacy
"Beef, chuck eye roast, boneless, America's Beef Roast, separable lean and fat, trimmed to 0"" fat, choice, cooked, roasted",SR Legacy
"Beef, chuck eye roast, boneless, America's Beef Roast, separable lean and fat, trimmed to 0"" fat, choice, raw",SR Legacy
"Beef, chuck eye roast, boneless, America's Beef Roast, separable lean and fat, trimmed to 0"" fat, select, cooked, roasted",SR Legacy
"Beef, chuck eye roast, boneless, America's Beef Roast, separable lean and fat, trimmed to 0"" fat, select, raw",SR Legacy
"Beef, chuck eye roast, boneless, America's Beef Roast, separable lean only, trimmed to 0"" fat, all grades, cooked, roasted",SR Legacy
"Beef, chuck eye roast, boneless, America's Beef Roast, separable lean only, trimmed to 0"" fat, all grades, raw",SR Legacy
"Beef, chuck eye roast, boneless, America's Beef Roast, separable lean only, trimmed to 0"" fat, choice, cooked, roasted",SR Legacy
"Beef, chuck eye roast, boneless, America's Beef Roast, separable lean only, trimmed to 0"" fat, choice, raw",SR Legacy
"Beef, chuck eye roast, boneless, America's Beef Roast, separable lean only, trimmed to 0"" fat, select, cooked, roasted",SR Legacy
"Beef, chuck eye roast, boneless, America's Beef Roast, separable lean only, trimmed to 0"" fat, select, raw",SR Legacy
"Beef, chuck eye steak, boneless, separable lean and fat, trimmed to 0"" fat, all grades, cooked, grilled",SR Legacy
"Beef, chuck eye steak, boneless, separable lean and fat, trimmed to 0"" fat, all grades, raw",SR Legacy
"Beef, chuck eye steak, boneless, separable lean and fat, trimmed to 0"" fat, choice, cooked, grilled",SR Legacy
"Beef, chuck eye steak, boneless, separable lean and fat, trimmed to 0"" fat, choice, raw",SR Legacy
"Beef, chuck eye steak, boneless, separable lean and fat, trimmed to 0"" fat, select, cooked, grilled",SR Legacy
"Beef, chuck eye steak, boneless, separable lean and fat, trimmed to 0"" fat, select, raw",SR Legacy
"Beef, chuck eye steak, boneless, separable lean only, trimmed to 0"" fat, all grades, cooked, grilled",SR Legacy
"Beef, chuck eye steak, boneless, separable lean only, trimmed to 0"" fat, all grades, raw",SR Legacy
"Beef, chuck eye steak, boneless, separable lean only, trimmed to 0"" fat, choice, cooked, grilled",SR Legacy
"Beef, chuck eye steak, boneless, separable lean only, trimmed to 0"" fat, choice, raw",SR Legacy
"Beef, chuck eye steak, boneless, separable lean only, trimmed to 0"" fat, select, cooked, grilled",SR Legacy
"Beef, chuck eye steak, boneless, separable lean only, trimmed to 0"" fat, select, raw",SR Legacy
"Beef, chuck for stew, separable lean and fat, all grades, cooked, braised",SR Legacy
"Beef, chuck for stew, separable lean and fat, all grades, raw",SR Legacy
"Beef, chuck for stew, separable lean and fat, choice, cooked, braised",SR Legacy
"Beef, chuck for stew, separable lean and fat, choice, raw",SR Legacy
"Beef, chuck for stew, separable lean and fat, select, cooked, braised",SR Legacy
"Beef, chuck for stew, separable lean and fat, select, raw",SR Legacy
"Beef, chuck, arm pot roast, separable lean and fat, trimmed to 0"" fat, all grades, cooked, braised",SR Legacy
"Beef, chuck, arm pot roast, separable lean and fat, trimmed to 0"" fat, select, cooked, braised",SR Legacy
"Beef, chuck, arm pot roast, separable lean and fat, trimmed to 1/8"" fat, all grades, cooked, braised",SR Legacy
"Beef, chuck, arm pot roast, separable lean and fat, trimmed to 1/8"" fat, all grades, raw",SR Legacy
"Beef, chuck, arm pot roast, separable lean and fat, trimmed to 1/8"" fat, choice, cooked, braised",SR Legacy
"Beef, chuck, arm pot roast, separable lean and fat, trimmed to 1/8"" fat, choice, raw",SR Legacy
"Beef, chuck, arm pot roast, separable lean and fat, trimmed to 1/8"" fat, select, cooked, braised",SR Legacy
"Beef, chuck, arm pot roast, separable lean and fat, trimmed to 1/8"" fat, select, raw",SR Legacy
"Beef, chuck, arm pot roast, separable lean only, trimmed to 0"" fat, choice, cooked, braised",SR Legacy
"Beef, chuck, arm pot roast, separable lean only, trimmed to 0"" fat, select, cooked, braised",SR Legacy
"Beef, chuck, arm pot roast, separable lean only, trimmed to 1/8"" fat, all grades, cooked, braised",SR Legacy
"Beef, chuck, arm pot roast, separable lean only, trimmed to 1/8"" fat, all grades, raw",SR Legacy
"Beef, chuck, arm pot roast, separable lean only, trimmed to 1/8"" fat, choice, cooked, braised",SR Legacy
"Beef, chuck, arm pot roast, separable lean only, trimmed to 1/8"" fat, choice, raw",SR Legacy
"Beef, chuck, arm pot roast, separable lean only, trimmed to 1/8"" fat, select, cooked, braised",SR Legacy
"Beef, chuck, arm pot roast, separable lean only, trimmed to 1/8"" fat, select, raw",SR Legacy
"Beef, chuck, blade roast, separable lean and fat, trimmed to 0"" fat, all grades, cooked, braised",SR Legacy
"Beef, chuck, blade roast, separable lean and fat, trimmed to 1/8"" fat, all grades, cooked, braised",SR Legacy
"Beef, chuck, blade roast, separable lean and fat, trimmed to 1/8"" fat, all grades, raw",SR Legacy
"Beef, chuck, blade roast, separable lean and fat, trimmed to 1/8"" fat, choice, cooked, braised",SR Legacy
"Beef, chuck, blade roast, separable lean and fat, trimmed to 1/8"" fat, choice, raw",SR Legacy
"Beef, chuck, blade roast, separable lean and fat, trimmed to 1/8"" fat, select, cooked, braised",SR Legacy
"Beef, chuck, blade roast, separable lean and fat, trimmed to 1/8"" fat, select, raw",SR Legacy
"Beef, chuck, blade roast, separable lean only, trimmed to 0"" fat, all grades, cooked, braised",SR Legacy
"Beef, chuck, clod roast, separable lean and fat, trimmed to 0"" fat, all grades, cooked, roasted",SR Legacy
"Beef, chuck, clod roast, separable lean and fat, trimmed to 0"" fat, choice, cooked, roasted",SR Legacy
"Beef, chuck, clod roast, separable lean and fat, trimmed to 0"" fat, select, cooked, roasted",SR Legacy
"Beef, chuck, clod roast, separable lean only, trimmed to 0"" fat, all grades, cooked, roasted",SR Legacy
"Beef, chuck, clod roast, separable lean only, trimmed to 0"" fat, choice, cooked, roasted",SR Legacy
"Beef, chuck, clod roast, separable lean only, trimmed to 0"" fat, select, cooked, roasted",SR Legacy
"Beef, chuck, clod roast, separable lean only, trimmed to 1/4"" fat, all grades, cooked, roasted",SR Legacy
"Beef, chuck, clod roast, separable lean only, trimmed to 1/4"" fat, all grades, raw",SR Legacy
"Beef, chuck, clod steak, separable lean only, trimmed to 1/4"" fat, all grades, cooked, braised",SR Legacy
"Beef, chuck, mock tender steak, boneless, separable lean and fat, trimmed to 0"" fat, all grades, cooked, braised",SR Legacy
"Beef, chuck, mock tender steak, boneless, separable lean and fat, trimmed to 0"" fat, all grades, raw",SR Legacy
"Beef, chuck, mock tender steak, boneless, separable lean and fat, trimmed to 0"" fat, choice, cooked, braised",SR Legacy
"Beef, chuck, mock tender steak, boneless, separable lean and fat, trimmed to 0"" fat, choice, raw",SR Legacy
"Beef, chuck, mock tender steak, boneless, separable lean and fat, trimmed to 0"" fat, select, cooked, braised",SR Legacy
"Beef, chuck, mock tender steak, boneless, separable lean and fat, trimmed to 0"" fat, select, raw",SR Legacy
"Beef, chuck, mock tender steak, boneless, separable lean only, trimmed to 0"" fat, all grades, cooked, braised",SR Legacy
"Beef, chuck, mock tender steak, boneless, separable lean only, trimmed to 0"" fat, all grades, raw",SR Legacy
"Beef, chuck, mock tender steak, boneless, separable lean only, trimmed to 0"" fat, choice, cooked, braised",SR Legacy
"Beef, chuck, mock tender steak, boneless, separable lean only, trimmed to 0"" fat, choice, raw",SR Legacy
"Beef, chuck, mock tender steak, boneless, separable lean only, trimmed to 0"" fat, select, cooked, braised",SR Legacy
"Beef, chuck, mock tender steak, boneless, separable lean only, trimmed to 0"" fat, select, raw",SR Legacy
"Beef, chuck, mock tender steak, separable lean and fat, trimmed to 0"" fat, all grades, cooked, broiled",SR Legacy
"Beef, chuck, mock tender steak, separable lean and fat, trimmed to 0"" fat, USDA choice, cooked, broiled",SR Legacy
"Beef, chuck, mock tender steak, separable lean and fat, trimmed to 0"" fat, USDA select, cooked, broiled",SR Legacy
"Beef, chuck, mock tender steak, separable lean only, trimmed to 0"" fat, all grades, cooked, broiled",SR Legacy
"Beef, chuck, mock tender steak, separable lean only, trimmed to 0"" fat, choice, cooked, broiled",SR Legacy
"Beef, chuck, mock tender steak, separable lean only, trimmed to 0"" fat, select, cooked, broiled",SR Legacy
"Beef, chuck, roast, boneless, choice, raw",Foundation
"Beef, chuck, short ribs, boneless, separable lean and fat, trimmed to 0"" fat, all grades, cooked, braised",SR Legacy
"Beef, chuck, short ribs, boneless, separable lean and fat, trimmed to 0"" fat, all grades, raw",SR Legacy
"Beef, chuck, short ribs, boneless, separable lean and fat, trimmed to 0"" fat, choice, cooked, braised",SR Legacy
"Beef, chuck, short ribs, boneless, separable lean and fat, trimmed to 0"" fat, choice, raw",SR Legacy
"Beef, chuck, short ribs, boneless, separable lean and fat, trimmed to 0"" fat, select, cooked, braised",SR Legacy
"Beef, chuck, short ribs, boneless, separable lean and fat, trimmed to 0"" fat, select, raw",SR Legacy
"Beef, chuck, short ribs, boneless, separable lean only, trimmed to 0"" fat, all grades, cooked, braised",SR Legacy
"Beef, chuck, short ribs, boneless, separable lean only, trimmed to 0"" fat, all grades, raw",SR Legacy
"Beef, chuck, short ribs, boneless, separable lean only, trimmed to 0"" fat, choice, cooked, braised",SR Legacy
"Beef, chuck, short ribs, boneless, separable lean only, trimmed to 0"" fat, choice, raw",SR Legacy
"Beef, chuck, short ribs, boneless, separable lean only, trimmed to 0"" fat, select, cooked, braised",SR Legacy
"Beef, chuck, short ribs, boneless, separable lean only, trimmed to 0"" fat, select, raw",SR Legacy
"Beef, chuck, shoulder clod, shoulder tender, medallion, separable lean and fat, trimmed to 0"" fat, all grades, cooked, grilled",SR Legacy
"Beef, chuck, shoulder clod, shoulder tender, medallion, separable lean and fat, trimmed to 0"" fat, all grades, raw",SR Legacy
"Beef, chuck, shoulder clod, shoulder tender, medallion, separable lean and fat, trimmed to 0"" fat, choice, cooked, grilled",SR Legacy
"Beef, chuck, shoulder clod, shoulder tender, medallion, separable lean and fat, trimmed to 0"" fat, choice, raw",SR Legacy
"Beef, chuck, shoulder clod, shoulder tender, medallion, separable lean and fat, trimmed to 0"" fat, select, cooked, grilled",SR Legacy
"Beef, chuck, shoulder clod, shoulder tender, medallion, separable lean and fat, trimmed to 0"" fat, select, raw",SR Legacy
"Beef, chuck, shoulder clod, shoulder top and center steaks, separable lean and fat, trimmed to 0"" fat, all grades, cooked, grilled",SR Legacy
"Beef, chuck, shoulder clod, shoulder top and center steaks, separable lean and fat, trimmed to 0"" fat, all grades, raw",SR Legacy
"Beef, chuck, shoulder clod, shoulder top and center steaks, separable lean and fat, trimmed to 0"" fat, choice, cooked, grilled",SR Legacy
"Beef, chuck, shoulder clod, shoulder top and center steaks, separable lean and fat, trimmed to 0"" fat, choice, raw",SR Legacy
"Beef, chuck, shoulder clod, shoulder top and center steaks, separable lean and fat, trimmed to 0"" fat, select, cooked, grilled",SR Legacy
"Beef, chuck, shoulder clod, shoulder top and center steaks, separable lean and fat, trimmed to 0"" fat, select, raw",SR Legacy
"Beef, chuck, shoulder clod, top blade, steak, separable lean and fat, trimmed to 0"" fat, all grades, cooked, grilled",SR Legacy
"Beef, chuck, shoulder clod, top blade, steak, separable lean and fat, trimmed to 0"" fat, all grades, raw",SR Legacy
"Beef, chuck, shoulder clod, top blade, steak, separable lean and fat, trimmed to 0"" fat, choice, cooked, grilled",SR Legacy
"Beef, chuck, shoulder clod, top blade, steak, separable lean and fat, trimmed to 0"" fat, choice, raw",SR Legacy
"Beef, chuck, shoulder clod, top blade, steak, separable lean and fat, trimmed to 0"" fat, select, cooked, grilled",SR Legacy
"Beef, chuck, shoulder clod, top blade, steak, separable lean and fat, trimmed to 0"" fat, select, raw",SR Legacy
"Beef, chuck, top blade, separable lean and fat, trimmed to 0"" fat, all grades, cooked, broiled",SR Legacy
"Beef, chuck, top blade, separable lean and fat, trimmed to 0"" fat, choice, cooked, broiled",SR Legacy
"Beef, chuck, top blade, separable lean and fat, trimmed to 0"" fat, select, cooked, broiled",SR Legacy
"Beef, chuck, top blade, separable lean only, trimmed to 0"" fat, all grades, cooked, broiled",SR Legacy
"Beef, chuck, top blade, separable lean only, trimmed to 0"" fat, choice, cooked, broiled",SR Legacy
"Beef, chuck, top blade, separable lean only, trimmed to 0"" fat, select, cooked, broiled",SR Legacy
"Beef, chuck, under blade center steak, boneless, Denver Cut, separable lean and fat, trimmed to 0"" fat, all grades, cooked, grilled",SR Legacy
"Beef, chuck, under blade center steak, boneless, Denver Cut, separable lean and fat, trimmed to 0"" fat, all grades, raw",SR Legacy
"Beef, chuck, under blade center steak, boneless, Denver Cut, separable lean and fat, trimmed to 0"" fat, choice, cooked, grilled",SR Legacy
"Beef, chuck, under blade center steak, boneless, Denver Cut, separable lean and fat, trimmed to 0"" fat, choice, raw",SR Legacy
"Beef, chuck, under blade center steak, boneless, Denver Cut, separable lean and fat, trimmed to 0"" fat, select, cooked, grilled",SR Legacy
"Beef, chuck, under blade center steak, boneless, Denver Cut, separable lean and fat, trimmed to 0"" fat, select, raw",SR Legacy
"Beef, chuck, under blade center steak, boneless, Denver Cut, separable lean only, trimmed to 0"" fat, all grades, cooked, grilled",SR Legacy
"Beef, chuck, under blade center steak, boneless, Denver Cut, separable lean only, trimmed to 0"" fat, all grades, raw",SR Legacy
"Beef, chuck, under blade center steak, boneless, Denver Cut, separable lean only, trimmed to 0"" fat, choice, cooked, grilled",SR Legacy
"Beef, chuck, under blade center steak, boneless, Denver Cut, separable lean only, trimmed to 0"" fat, choice, raw",SR Legacy
"Beef, chuck, under blade center steak, boneless, Denver Cut, separable lean only, trimmed to 0"" fat, select, cooked, grilled",SR Legacy
"Beef, chuck, under blade center steak, boneless, Denver Cut, separable lean only, trimmed to 0"" fat, select, raw",SR Legacy
"Beef, chuck, under blade pot roast or steak, boneless, separable lean and fat, trimmed to 0"" fat, all grades, raw",SR Legacy
"Beef, chuck, under blade pot roast or steak, boneless, separable lean and fat, trimmed to 0"" fat, choice, raw",SR Legacy
"Beef, chuck, under blade pot roast or steak, boneless, separable lean and fat, trimmed to 0"" fat, select, raw",SR Legacy
"Beef, chuck, under blade pot roast or steak, boneless, separable lean only, trimmed to 0"" fat, all grades, raw",SR Legacy
"Beef, chuck, under blade pot roast or steak, boneless, separable lean only, trimmed to 0"" fat, choice, raw",SR Legacy
"Beef, chuck, under blade pot roast or steak, boneless, separable lean only, trimmed to 0"" fat, select, raw",SR Legacy
"Beef, chuck, under blade pot roast, boneless, separable lean and fat, trimmed to 0"" fat, all grades, cooked, braised",SR Legacy
"Beef, chuck, under blade pot roast, boneless, separable lean and fat, trimmed to 0"" fat, choice, cooked, braised",SR Legacy
"Beef, chuck, under blade pot roast, boneless, separable lean and fat, trimmed to 0"" fat, select, cooked, braised",SR Legacy
"Beef, chuck, under blade pot roast, boneless, separable lean only, trimmed to 0"" fat, all grades, cooked, braised",SR Legacy
"Beef, chuck, under blade pot roast, boneless, separable lean only, trimmed to 0"" fat, choice, cooked, braised",SR Legacy
"Beef, chuck, under blade pot roast, boneless, separable lean only, trimmed to 0"" fat, select, cooked, braised",SR Legacy
"Beef, chuck, under blade steak, boneless, separable lean and fat, trimmed to 0"" fat, all grades, cooked, braised",SR Legacy
"Beef, chuck, under blade steak, boneless, separable lean and fat, trimmed to 0"" fat, choice, cooked, braised",SR Legacy
"Beef, chuck, under blade steak, boneless, separable lean and fat, trimmed to 0"" fat, select, cooked, braised",SR Legacy
"Beef, chuck, under blade steak, boneless, separable lean only, trimmed to 0"" fat, all grades, cooked, braised",SR Legacy
"Beef, chuck, under blade steak, boneless, separable lean only, trimmed to 0"" fat, choice, cooked, braised",SR Legacy
"Beef, chuck, under blade steak, boneless, separable lean only, trimmed to 0"" fat, select, cooked, braised",SR Legacy
"Beef, composite of trimmed retail cuts, separable lean and fat, trimmed to 0"" fat, all grades, cooked",SR Legacy
"Beef, composite of trimmed retail cuts, separable lean and fat, trimmed to 0"" fat, all grades, raw",SR Legacy
"Beef, composite of trimmed retail cuts, separable lean and fat, trimmed to 0"" fat, choice, cooked",SR Legacy
"Beef, composite of trimmed retail cuts, separable lean and fat, trimmed to 0"" fat, choice, raw",SR Legacy
"Beef, composite of trimmed retail cuts, separable lean and fat, trimmed to 0"" fat, select, cooked",SR Legacy
"Beef, composite of trimmed retail cuts, separable lean and fat, trimmed to 0"" fat, select, raw",SR Legacy
"Beef, composite of trimmed retail cuts, separable lean and fat, trimmed to 1/8"" fat, all grades, cooked",SR Legacy
"Beef, composite of trimmed retail cuts, separable lean and fat, trimmed to 1/8"" fat, all grades, raw",SR Legacy
"Beef, composite of trimmed retail cuts, separable lean and fat, trimmed to 1/8"" fat, choice, cooked",SR Legacy
"Beef, composite of trimmed retail cuts, separable lean and fat, trimmed to 1/8"" fat, choice, raw",SR Legacy
"Beef, composite of trimmed retail cuts, separable lean and fat, trimmed to 1/8"" fat, select, cooked",SR Legacy
"Beef, composite of trimmed retail cuts, separable lean and fat, trimmed to 1/8"" fat, select, raw",SR Legacy
"Beef, composite of trimmed retail cuts, separable lean only, trimmed to 0"" fat, all grades, cooked",SR Legacy
"Beef, composite of trimmed retail cuts, separable lean only, trimmed to 0"" fat, all grades, raw",SR Legacy
"Beef, composite of trimmed retail cuts, separable lean only, trimmed to 0"" fat, choice, cooked",SR Legacy
"Beef, composite of trimmed retail cuts, separable lean only, trimmed to 0"" fat, choice, raw",SR Legacy
"Beef, composite of trimmed retail cuts, separable lean only, trimmed to 0"" fat, select, cooked",SR Legacy
"Beef, composite of trimmed retail cuts, separable lean only, trimmed to 0"" fat, select, raw",SR Legacy
"Beef, composite of trimmed retail cuts, separable lean only, trimmed to 1/8"" fat, all grades, cooked",SR Legacy
"Beef, composite of trimmed retail cuts, separable lean only, trimmed to 1/8"" fat, all grades, raw",SR Legacy
"Beef, composite of trimmed retail cuts, separable lean only, trimmed to 1/8"" fat, choice, raw",SR Legacy
"Beef, composite of trimmed retail cuts, separable lean only, trimmed to 1/8"" fat, select, cooked",SR Legacy
"Beef, composite of trimmed retail cuts, separable lean only, trimmed to 1/8"" fat, select, raw",SR Legacy
"Beef, corned",Survey (FNDDS)
"Beef, corned beef hash, with potato, canned",SR Legacy
"Beef, cow head",Survey (FNDDS)
"Beef, cured, breakfast strips, cooked",SR Legacy
"Beef, cured, breakfast strips, raw or unheated",SR Legacy
"Beef, cured, corned beef, brisket, cooked",SR Legacy
"Beef, cured, corned beef, brisket, raw",SR Legacy
"Beef, cured, corned beef, canned",SR Legacy
"Beef, cured, dried",SR Legacy
"Beef, cured, luncheon meat, jellied",SR Legacy
"Beef, cured, pastrami",SR Legacy
"Beef, dried, chipped, cooked in fat",Survey (FNDDS)
"Beef, dried, chipped, uncooked",Survey (FNDDS)
"Beef, dumplings, and vegetables excluding carrots, broccoli, and dark-green leafy; gravy",Survey (FNDDS)
"Beef, dumplings, and vegetables including carrots, broccoli, and/or dark-green leafy; gravy",Survey (FNDDS)
"Beef, flank, steak, boneless, choice, raw",Foundation
"Beef, flank, steak, separable lean and fat, trimmed to 0"" fat, all grades, cooked, broiled",SR Legacy
"Beef, flank, steak, separable lean and fat, trimmed to 0"" fat, all grades, raw",SR Legacy
"Beef, flank, steak, separable lean and fat, trimmed to 0"" fat, choice, cooked, braised",SR Legacy
"Beef, flank, steak, separable lean and fat, trimmed to 0"" fat, choice, cooked, broiled",SR Legacy
"Beef, flank, steak, separable lean and fat, trimmed to 0"" fat, choice, raw",SR Legacy
"Beef, flank, steak, separable lean and fat, trimmed to 0"" fat, select, cooked, broiled",SR Legacy
"Beef, flank, steak, separable lean and fat, trimmed to 0"" fat, select, raw",SR Legacy
"Beef, flank, steak, separable lean only, trimmed to 0"" fat, all grades, cooked, broiled",SR Legacy
"Beef, flank, steak, separable lean only, trimmed to 0"" fat, all grades, raw",SR Legacy
"Beef, flank, steak, separable lean only, trimmed to 0"" fat, choice, cooked, braised",SR Legacy
"Beef, flank, steak, separable lean only, trimmed to 0"" fat, choice, cooked, broiled",SR Legacy
"Beef, flank, steak, separable lean only, trimmed to 0"" fat, choice, raw",SR Legacy
"Beef, flank, steak, separable lean only, trimmed to 0"" fat, select, cooked, broiled",SR Legacy
"Beef, flank, steak, separable lean only, trimmed to 0"" fat, select, raw",SR Legacy
"Beef, for use with vegetables",Survey (FNDDS)
"Beef, grass-fed, ground, raw",SR Legacy
"Beef, grass-fed, strip steaks, lean only, raw",SR Legacy
"Beef, ground",Survey (FNDDS)
"Beef, ground, 70% lean meat / 30% fat, crumbles, cooked, pan-browned",SR Legacy
"Beef, ground, 70% lean meat / 30% fat, loaf, cooked, baked",SR Legacy
"Beef, ground, 70% lean meat / 30% fat, patty cooked, pan-broiled",SR Legacy
"Beef, ground, 70% lean meat / 30% fat, patty, cooked, broiled",SR Legacy
"Beef, ground, 70% lean meat / 30% fat, raw",SR Legacy
"Beef, ground, 75% lean meat / 25% fat, crumbles, cooked, pan-browned",SR Legacy
"Beef, ground, 75% lean meat / 25% fat, loaf, cooked, baked",SR Legacy
"Beef, ground, 75% lean meat / 25% fat, patty, cooked, broiled",SR Legacy
"Beef, ground, 75% lean meat / 25% fat, patty, cooked, pan-broiled",SR Legacy
"Beef, ground, 75% lean meat / 25% fat, raw",SR Legacy
"Beef, ground, 80% lean meat / 20% fat, crumbles, cooked, pan-browned",SR Legacy
"Beef, ground, 80% lean meat / 20% fat, loaf, cooked, baked",SR Legacy
"Beef, ground, 80% lean meat / 20% fat, patty, cooked, broiled",SR Legacy
"Beef, ground, 80% lean meat / 20% fat, patty, cooked, pan-broiled",SR Legacy
"Beef, ground, 80% lean meat / 20% fat, raw",SR Legacy
"Beef, ground, 80% lean meat / 20% fat, raw",Foundation
"Beef, ground, 85% lean meat / 15% fat, crumbles, cooked, pan-browned",SR Legacy
"Beef, ground, 85% lean meat / 15% fat, loaf, cooked, baked",SR Legacy
"Beef, ground, 85% lean meat / 15% fat, patty, cooked, broiled",SR Legacy
"Beef, ground, 85% lean meat / 15% fat, patty, cooked, pan-broiled",SR Legacy
"Beef, ground, 85% lean meat / 15% fat, raw (Includes foods for USDA's Food Distribution Program)",SR Legacy
"Beef, ground, 90% lean meat / 10% fat, crumbles, cooked, pan-browned",SR Legacy
"Beef, ground, 90% lean meat / 10% fat, loaf, cooked, baked",SR Legacy
"Beef, ground, 90% lean meat / 10% fat, patty, cooked, broiled",SR Legacy
"Beef, ground, 90% lean meat / 10% fat, patty, cooked, pan-broiled",SR Legacy
"Beef, ground, 90% lean meat / 10% fat, raw",SR Legacy
"Beef, ground, 90% lean meat / 10% fat, raw",Foundation
"Beef, ground, 93% lean meat / 7% fat, crumbles, cooked, pan-browned",SR Legacy
"Beef, ground, 93% lean meat / 7% fat, loaf, cooked, baked",SR Legacy
"Beef, ground, 93% lean meat / 7% fat, patty, cooked, broiled",SR Legacy
"Beef, ground, 93% lean meat / 7% fat, raw",SR Legacy
"Beef, ground, 93% lean meat /7% fat, patty, cooked, pan-broiled",SR Legacy
"Beef, ground, 95% lean meat / 5% fat, crumbles, cooked, pan-browned",SR Legacy
"Beef, ground, 95% lean meat / 5% fat, loaf, cooked, baked",SR Legacy
"Beef, ground, 95% lean meat / 5% fat, patty, cooked, broiled",SR Legacy
"Beef, ground, 95% lean meat / 5% fat, patty, cooked, pan-broiled",SR Legacy
"Beef, ground, 95% lean meat / 5% fat, raw",SR Legacy
"Beef, ground, 97% lean meat / 3% fat, crumbles, cooked, pan-browned",SR Legacy
"Beef, ground, 97% lean meat / 3% fat, loaf, cooked, baked",SR Legacy
"Beef, ground, 97% lean meat / 3% fat, patty, cooked, broiled",SR Legacy
"Beef, ground, 97% lean meat / 3% fat, raw",SR Legacy
"Beef, ground, 97% lean meat /3% fat, patty, cooked, pan-broiled",SR Legacy
"Beef, ground, patties, frozen, cooked, broiled",SR Legacy
"Beef, ground, patty",Survey (FNDDS)
"Beef, ground, raw",Survey (FNDDS)
"Beef, ground, unspecified fat content, cooked",SR Legacy
"Beef, ground, with egg and onion",Survey (FNDDS)
"Beef, loin, bottom sirloin butt, tri-tip roast, separable lean only, trimmed to 0"" fat, all grades, cooked, roasted",SR Legacy
"Beef, loin, bottom sirloin butt, tri-tip steak, separable lean and fat, trimmed to 0"" fat, all grades, cooked, broiled",SR Legacy
"Beef, loin, tenderloin roast, boneless, separable lean and fat, trimmed to 0"" fat, all grades, cooked, roasted",SR Legacy
"Beef, loin, tenderloin roast, boneless, separable lean and fat, trimmed to 0"" fat, all grades, raw",SR Legacy
"Beef, loin, tenderloin roast, boneless, separable lean and fat, trimmed to 0"" fat, choice, cooked, roasted",SR Legacy
"Beef, loin, tenderloin roast, boneless, separable lean and fat, trimmed to 0"" fat, choice, raw",SR Legacy
"Beef, loin, tenderloin roast, boneless, separable lean and fat, trimmed to 0"" fat, select, cooked, roasted",SR Legacy
"Beef, loin, tenderloin roast, boneless, separable lean and fat, trimmed to 0"" fat, select, raw",SR Legacy
"Beef, loin, tenderloin roast, boneless, separable lean only, trimmed to 0"" fat, all grades, cooked, roasted",SR Legacy
"Beef, loin, tenderloin roast, boneless, separable lean only, trimmed to 0"" fat, all grades, raw",SR Legacy
"Beef, loin, tenderloin roast, boneless, separable lean only, trimmed to 0"" fat, choice, cooked, roasted",SR Legacy
"Beef, loin, tenderloin roast, boneless, separable lean only, trimmed to 0"" fat, choice, raw",SR Legacy
"Beef, loin, tenderloin roast, boneless, separable lean only, trimmed to 0"" fat, select, raw",SR Legacy
"Beef, loin, tenderloin roast, separable lean only, boneless, trimmed to 0"" fat, select, cooked, roasted",SR Legacy
"Beef, loin, tenderloin roast, separable lean only, boneless, trimmed to 0"" fat, select, cooked, roasted",Foundation
"Beef, loin, tenderloin steak, boneless, separable lean and fat, trimmed to 0"" fat, all grades, cooked, grilled",SR Legacy
"Beef, loin, tenderloin steak, boneless, separable lean and fat, trimmed to 0"" fat, all grades, raw",SR Legacy
"Beef, loin, tenderloin steak, boneless, separable lean and fat, trimmed to 0"" fat, choice, cooked, grilled",SR Legacy
"Beef, loin, tenderloin steak, boneless, separable lean and fat, trimmed to 0"" fat, choice, raw",SR Legacy
"Beef, loin, tenderloin steak, boneless, separable lean and fat, trimmed to 0"" fat, select, cooked, grilled",SR Legacy
"Beef, loin, tenderloin steak, boneless, separable lean and fat, trimmed to 0"" fat, select, raw",SR Legacy
"Beef, loin, tenderloin steak, boneless, separable lean only, trimmed to 0"" fat, all grades, cooked, grilled",SR Legacy
"Beef, loin, tenderloin steak, boneless, separable lean only, trimmed to 0"" fat, all grades, raw",SR Legacy
"Beef, loin, tenderloin steak, boneless, separable lean only, trimmed to 0"" fat, choice, cooked, grilled",SR Legacy
"Beef, loin, tenderloin steak, boneless, separable lean only, trimmed to 0"" fat, choice, raw",SR Legacy
"Beef, loin, tenderloin steak, boneless, separable lean only, trimmed to 0"" fat, select, cooked, grilled",SR Legacy
"Beef, loin, tenderloin steak, boneless, separable lean only, trimmed to 0"" fat, select, raw",SR Legacy
"Beef, loin, top loin steak, boneless, lip off, separable lean and fat, trimmed to 0"" fat, all grades, cooked, grilled",SR Legacy
"Beef, loin, top loin steak, boneless, lip off, separable lean and fat, trimmed to 0"" fat, all grades, raw",SR Legacy
"Beef, loin, top loin steak, boneless, lip off, separable lean and fat, trimmed to 0"" fat, choice, cooked, grilled",SR Legacy
"Beef, loin, top loin steak, boneless, lip off, separable lean and fat, trimmed to 0"" fat, choice, raw",SR Legacy
"Beef, loin, top loin steak, boneless, lip off, separable lean and fat, trimmed to 0"" fat, select, cooked, grilled",SR Legacy
"Beef, loin, top loin steak, boneless, lip off, separable lean and fat, trimmed to 0"" fat, select, raw",SR Legacy
"Beef, loin, top loin steak, boneless, lip off, separable lean only, trimmed to 0"" fat, all grades, cooked, grilled",SR Legacy
"Beef, loin, top loin steak, boneless, lip off, separable lean only, trimmed to 0"" fat, all grades, raw",SR Legacy
"Beef, loin, top loin steak, boneless, lip off, separable lean only, trimmed to 0"" fat, choice, cooked, grilled",SR Legacy
"Beef, loin, top loin steak, boneless, lip off, separable lean only, trimmed to 0"" fat, choice, raw",SR Legacy
"Beef, loin, top loin steak, boneless, lip off, separable lean only, trimmed to 0"" fat, select, cooked, grilled",SR Legacy
"Beef, loin, top loin steak, boneless, lip off, separable lean only, trimmed to 0"" fat, select, raw",SR Legacy
"Beef, loin, top loin steak, boneless, lip-on, separable lean and fat, trimmed to 1/8"" fat, all grades, cooked, grilled",SR Legacy
"Beef, loin, top loin steak, boneless, lip-on, separable lean and fat, trimmed to 1/8"" fat, all grades, raw",SR Legacy
"Beef, loin, top loin steak, boneless, lip-on, separable lean and fat, trimmed to 1/8"" fat, choice, cooked, grilled",SR Legacy
"Beef, loin, top loin steak, boneless, lip-on, separable lean and fat, trimmed to 1/8"" fat, choice, raw",SR Legacy
"Beef, loin, top loin steak, boneless, lip-on, separable lean and fat, trimmed to 1/8"" fat, select, cooked, grilled",SR Legacy
"Beef, loin, top loin steak, boneless, lip-on, separable lean and fat, trimmed to 1/8"" fat, select, raw",SR Legacy
"Beef, loin, top loin steak, boneless, lip-on, separable lean only, trimmed to 1/8"" fat, all grades, cooked, grilled",SR Legacy
"Beef, loin, top loin steak, boneless, lip-on, separable lean only, trimmed to 1/8"" fat, all grades, raw",SR Legacy
"Beef, loin, top loin steak, boneless, lip-on, separable lean only, trimmed to 1/8"" fat, choice, cooked, grilled",SR Legacy
"Beef, loin, top loin steak, boneless, lip-on, separable lean only, trimmed to 1/8"" fat, choice, raw",SR Legacy
"Beef, loin, top loin steak, boneless, lip-on, separable lean only, trimmed to 1/8"" fat, choice, raw",Foundation
"Beef, loin, top loin steak, boneless, lip-on, separable lean only, trimmed to 1/8"" fat, select, cooked, grilled",SR Legacy
"Beef, loin, top loin steak, boneless, lip-on, separable lean only, trimmed to 1/8"" fat, select, raw",SR Legacy
"Beef, loin, top loin, separable lean and fat, trimmed to 1/8"" fat, all grades, cooked, grilled",SR Legacy
"Beef, loin, top loin, separable lean and fat, trimmed to 1/8"" fat, choice, raw",SR Legacy
"Beef, loin, top loin, separable lean and fat, trimmed to 1/8"" fat, select, cooked, grilled",SR Legacy
"Beef, loin, top loin, separable lean and fat, trimmed to 1/8"" fat, select, raw",SR Legacy
"Beef, loin, top sirloin cap steak, boneless, separable lean and fat, trimmed to 1/8"" fat, all grades, cooked, grilled",SR Legacy
"Beef, loin, top sirloin cap steak, boneless, separable lean and fat, trimmed to 1/8"" fat, all grades, raw",SR Legacy
"Beef, loin, top sirloin cap steak, boneless, separable lean and fat, trimmed to 1/8"" fat, choice, cooked, grilled",SR Legacy
"Beef, loin, top sirloin cap steak, boneless, separable lean and fat, trimmed to 1/8"" fat, choice, raw",SR Legacy
"Beef, loin, top sirloin cap steak, boneless, separable lean and fat, trimmed to 1/8"" fat, select, cooked, grilled",SR Legacy
"Beef, loin, top sirloin cap steak, boneless, separable lean and fat, trimmed to 1/8"" fat, select, raw",SR Legacy
"Beef, loin, top sirloin cap steak, boneless, separable lean only, trimmed to 1/8"" fat, all grades, cooked, grilled",SR Legacy
"Beef, loin, top sirloin cap steak, boneless, separable lean only, trimmed to 1/8"" fat, all grades, raw",SR Legacy
"Beef, loin, top sirloin cap steak, boneless, separable lean only, trimmed to 1/8"" fat, choice, cooked, grilled",SR Legacy
"Beef, loin, top sirloin cap steak, boneless, separable lean only, trimmed to 1/8"" fat, choice, raw",SR Legacy
"Beef, loin, top sirloin cap steak, boneless, separable lean only, trimmed to 1/8"" fat, select, cooked, grilled",SR Legacy
"Beef, loin, top sirloin cap steak, boneless, separable lean only, trimmed to 1/8"" fat, select, raw",SR Legacy
"Beef, loin, top sirloin filet, boneless, separable lean only, trimmed to 0"" fat, all grades, cooked, grilled",SR Legacy
"Beef, loin, top sirloin filet, boneless, separable lean only, trimmed to 0"" fat, choice, cooked, grilled",SR Legacy
"Beef, loin, top sirloin filet, boneless, separable lean only, trimmed to 0"" fat, select, cooked, grilled",SR Legacy
"Beef, loin, top sirloin petite roast, boneless, separable lean only, trimmed to 0"" fat, all grades, cooked, roasted",SR Legacy
"Beef, loin, top sirloin petite roast, boneless, separable lean only, trimmed to 0"" fat, choice, cooked, roasted",SR Legacy
"Beef, loin, top sirloin petite roast, boneless, separable lean only, trimmed to 0"" fat, select, cooked, roasted",SR Legacy
"Beef, loin, top sirloin petite roast/filet, boneless, separable lean only, trimmed to 0"" fat, all grades, raw",SR Legacy
"Beef, loin, top sirloin petite roast/filet, boneless, separable lean only, trimmed to 0"" fat, choice, raw",SR Legacy
"Beef, loin, top sirloin petite roast/filet, boneless, separable lean only, trimmed to 0"" fat, select, raw",SR Legacy
"Beef, neck bones",Survey (FNDDS)
"Beef, New Zealand, imported, bolar blade, separable lean and fat, cooked, fast roasted",SR Legacy
"Beef, New Zealand, imported, bolar blade, separable lean and fat, raw",SR Legacy
"Beef, New Zealand, imported, bolar blade, separable lean only, cooked, fast roasted",SR Legacy
"Beef, New Zealand, imported, bolar blade, separable lean only, raw",SR Legacy
"Beef, New Zealand, imported, brisket navel end, separable lean and fat, cooked, braised",SR Legacy
"Beef, New Zealand, imported, brisket navel end, separable lean and fat, raw",SR Legacy
"Beef, New Zealand, imported, brisket navel end, separable lean only, cooked, braised",SR Legacy
"Beef, New Zealand, imported, brisket navel end, separable lean only, raw",SR Legacy
"Beef, New Zealand, imported, brisket point end, separable lean and fat, cooked, braised",SR Legacy
"Beef, New Zealand, imported, brisket point end, separable lean and fat, raw",SR Legacy
"Beef, New Zealand, imported, brisket point end, separable lean only, cooked, braised",SR Legacy
"Beef, New Zealand, imported, brisket point end, separable lean only, raw",SR Legacy
"Beef, New Zealand, imported, chuck eye roll, separable lean and fat, cooked, braised",SR Legacy
"Beef, New Zealand, imported, chuck eye roll, separable lean and fat, raw",SR Legacy
"Beef, New Zealand, imported, chuck eye roll, separable lean only, cooked, braised",SR Legacy
"Beef, New Zealand, imported, chuck eye roll, separable lean only, raw",SR Legacy
"Beef, New Zealand, imported, cube roll, separable lean and fat, cooked, fast roasted",SR Legacy
"Beef, New Zealand, imported, cube roll, separable lean and fat, raw",SR Legacy
"Beef, New Zealand, imported, cube roll, separable lean only, cooked, fast roasted",SR Legacy
"Beef, New Zealand, imported, cube roll, separable lean only, raw",SR Legacy
"Beef, New Zealand, imported, eye round, separable lean and fat, cooked, slow roasted",SR Legacy
"Beef, New Zealand, imported, eye round, separable lean and fat, raw",SR Legacy
"Beef, New Zealand, imported, eye round, separable lean only, cooked, slow roasted",SR Legacy
"Beef, New Zealand, imported, eye round, separable lean only, raw",SR Legacy
"Beef, New Zealand, imported, flank, separable lean and fat, cooked, braised",SR Legacy
"Beef, New Zealand, imported, flank, separable lean and fat, raw",SR Legacy
"Beef, New Zealand, imported, flank, separable lean only, cooked, braised",SR Legacy
"Beef, New Zealand, imported, flank, separable lean only, raw",SR Legacy
"Beef, New Zealand, imported, flat, separable lean and fat, cooked, braised",SR Legacy
"Beef, New Zealand, imported, flat, separable lean and fat, raw",SR Legacy
"Beef, New Zealand, imported, flat, separable lean only, cooked, braised",SR Legacy
"Beef, New Zealand, imported, flat, separable lean only, raw",SR Legacy
"Beef, New Zealand, imported, hind shin, separable lean and fat, cooked, braised",SR Legacy
"Beef, New Zealand, imported, hind shin, separable lean and fat, raw",SR Legacy
"Beef, New Zealand, imported, hind shin, separable lean only, cooked, braised",SR Legacy
"Beef, New Zealand, imported, hind shin, separable lean only, raw",SR Legacy
"Beef, New Zealand, imported, inside, raw",SR Legacy
"Beef, New Zealand, imported, intermuscular fat, cooked",SR Legacy
"Beef, New Zealand, imported, intermuscular fat, raw",SR Legacy
"Beef, New Zealand, imported, knuckle, cooked, fast fried",SR Legacy
"Beef, New Zealand, imported, manufacturing beef, cooked, boiled",SR Legacy
"Beef, New Zealand, imported, manufacturing beef, raw",SR Legacy
"Beef, New Zealand, imported, oyster blade, separable lean and fat, cooked, braised",SR Legacy
"Beef, New Zealand, imported, oyster blade, separable lean and fat, raw",SR Legacy
"Beef, New Zealand, imported, oyster blade, separable lean only, cooked, braised",SR Legacy
"Beef, New Zealand, imported, oyster blade, separable lean only, raw",SR Legacy
"Beef, New Zealand, imported, ribs prepared, cooked, fast roasted",SR Legacy
"Beef, New Zealand, imported, ribs prepared, raw",SR Legacy
"Beef, New Zealand, imported, rump centre, separable lean and fat, cooked, fast fried",SR Legacy
"Beef, New Zealand, imported, rump centre, separable lean and fat, raw",SR Legacy
"Beef, New Zealand, imported, rump centre, separable lean only, cooked, fast fried",SR Legacy
"Beef, New Zealand, imported, rump centre, separable lean only, raw",SR Legacy
"Beef, New Zealand, imported, striploin, separable lean and fat, cooked, fast fried",SR Legacy
"Beef, New Zealand, imported, striploin, separable lean and fat, raw",SR Legacy
"Beef, New Zealand, imported, striploin, separable lean only, cooked, fast fried",SR Legacy
"Beef, New Zealand, imported, striploin, separable lean only, raw",SR Legacy
"Beef, New Zealand, imported, subcutaneous fat, cooked",SR Legacy
"Beef, New Zealand, imported, subcutaneous fat, raw",SR Legacy
"Beef, New Zealand, imported, sweetbread, cooked, boiled",SR Legacy
"Beef, New Zealand, imported, sweetbread, raw",SR Legacy
"Beef, New Zealand, imported, tenderloin, separable lean and fat, cooked, fast fried",SR Legacy
"Beef, New Zealand, imported, tenderloin, separable lean and fat, raw",SR Legacy
"Beef, New Zealand, imported, tenderloin, separable lean only, cooked, fast fried",SR Legacy
"Beef, New Zealand, imported, tenderloin, separable lean only, raw",SR Legacy
"Beef, New Zealand, imported, variety meats and by-products liver, cooked, boiled",SR Legacy
"Beef, New Zealand, imported, variety meats and by-products, heart, cooked, boiled",SR Legacy
"Beef, New Zealand, imported, variety meats and by-products, heart, raw",SR Legacy
"Beef, New Zealand, imported, variety meats and by-products, kidney, cooked, boiled",SR Legacy
"Beef, New Zealand, imported, variety meats and by-products, kidney, raw",SR Legacy
"Beef, New Zealand, imported, variety meats and by-products, liver, raw",SR Legacy
"Beef, New Zealand, imported, variety meats and by-products, tongue, cooked, boiled",SR Legacy
"Beef, New Zealand, imported, variety meats and by-products, tongue, raw",SR Legacy
"Beef, New Zealand, imported, variety meats and by-products, tripe cooked, boiled",SR Legacy
"Beef, New Zealand, imported, variety meats and by-products, tripe uncooked, raw",SR Legacy
"Beef, NFS",Survey (FNDDS)
"Beef, noodles, and vegetables excluding carrots, broccoli, and dark-green leafy; gravy",Survey (FNDDS)
"Beef, noodles, and vegetables excluding carrots, broccoli, and dark-green leafy; mushroom sauce",Survey (FNDDS)
"Beef, noodles, and vegetables excluding carrots, broccoli, and dark-green leafy; no sauce",Survey (FNDDS)
"Beef, noodles, and vegetables excluding carrots, broccoli, and dark-green leafy; soy-based sauce",Survey (FNDDS)
"Beef, noodles, and vegetables excluding carrots, broccoli, and dark-green leafy; tomato-based sauce",Survey (FNDDS)
"Beef, noodles, and vegetables including carrots, broccoli, and/or dark-green leafy; gravy",Survey (FNDDS)
"Beef, noodles, and vegetables including carrots, broccoli, and/or dark-green leafy; mushroom sauce",Survey (FNDDS)
"Beef, noodles, and vegetables including carrots, broccoli, and/or dark-green leafy; no sauce",Survey (FNDDS)
"Beef, noodles, and vegetables including carrots, broccoli, and/or dark-green leafy; soy-based sauce",Survey (FNDDS)
"Beef, noodles, and vegetables including carrots, broccoli, and/or dark-green leafy; tomato-based sauce",Survey (FNDDS)
"Beef, oxtails",Survey (FNDDS)
"Beef, plate steak, boneless, inside skirt, separable lean and fat, trimmed to 0"" fat, all grades, cooked, grilled",SR Legacy
"Beef, plate steak, boneless, inside skirt, separable lean and fat, trimmed to 0"" fat, all grades, raw",SR Legacy
"Beef, plate steak, boneless, inside skirt, separable lean and fat, trimmed to 0"" fat, choice, cooked, grilled",SR Legacy
"Beef, plate steak, boneless, inside skirt, separable lean and fat, trimmed to 0"" fat, choice, raw",SR Legacy
"Beef, plate steak, boneless, inside skirt, separable lean and fat, trimmed to 0"" fat, select, cooked, grilled",SR Legacy
"Beef, plate steak, boneless, inside skirt, separable lean and fat, trimmed to 0"" fat, select, raw",SR Legacy
"Beef, plate steak, boneless, inside skirt, separable lean only, trimmed to 0"" fat, all grades, cooked, grilled",SR Legacy
"Beef, plate steak, boneless, inside skirt, separable lean only, trimmed to 0"" fat, all grades, raw",SR Legacy
"Beef, plate steak, boneless, inside skirt, separable lean only, trimmed to 0"" fat, choice, cooked, grilled",SR Legacy
"Beef, plate steak, boneless, inside skirt, separable lean only, trimmed to 0"" fat, choice, raw",SR Legacy
"Beef, plate steak, boneless, inside skirt, separable lean only, trimmed to 0"" fat, select, cooked, grilled",SR Legacy
"Beef, plate steak, boneless, inside skirt, separable lean only, trimmed to 0"" fat, select, raw",SR Legacy
"Beef, plate steak, boneless, outside skirt, separable lean and fat, trimmed to 0"" fat, all grades, cooked, grilled",SR Legacy
"Beef, plate steak, boneless, outside skirt, separable lean and fat, trimmed to 0"" fat, all grades, raw",SR Legacy
"Beef, plate steak, boneless, outside skirt, separable lean and fat, trimmed to 0"" fat, choice, cooked, grilled",SR Legacy
"Beef, plate steak, boneless, outside skirt, separable lean and fat, trimmed to 0"" fat, choice, raw",SR Legacy
"Beef, plate steak, boneless, outside skirt, separable lean and fat, trimmed to 0"" fat, select, cooked, grilled",SR Legacy
"Beef, plate steak, boneless, outside skirt, separable lean and fat, trimmed to 0"" fat, select, raw",SR Legacy
"Beef, plate steak, boneless, outside skirt, separable lean only, trimmed to 0"" fat, all grades, cooked, grilled",SR Legacy
"Beef, plate steak, boneless, outside skirt, separable lean only, trimmed to 0"" fat, all grades, raw",SR Legacy
"Beef, plate steak, boneless, outside skirt, separable lean only, trimmed to 0"" fat, choice, cooked, grilled",SR Legacy
"Beef, plate steak, boneless, outside skirt, separable lean only, trimmed to 0"" fat, choice, raw",SR Legacy
"Beef, plate steak, boneless, outside skirt, separable lean only, trimmed to 0"" fat, select, cooked, grilled",SR Legacy
"Beef, plate steak, boneless, outside skirt, separable lean only, trimmed to 0"" fat, select, raw",SR Legacy
"Beef, plate, inside skirt steak, separable lean and fat, trimmed to 0"" fat, all grades, cooked, broiled",SR Legacy
"Beef, plate, inside skirt steak, separable lean only, trimmed to 0"" fat, all grades, cooked, broiled",SR Legacy
"Beef, plate, outside skirt steak, separable lean and fat, trimmed to 0"" fat, all grades, cooked, broiled",SR Legacy
"Beef, plate, outside skirt steak, separable lean only, trimmed to 0"" fat, all grades, cooked, broiled",SR Legacy
"Beef, pot roast",Survey (FNDDS)
"Beef, potatoes, and vegetables excluding carrots, broccoli, and dark-green leafy; cheese sauce",Survey (FNDDS)
"Beef, potatoes, and vegetables excluding carrots, broccoli, and dark-green leafy; cream sauce, white sauce, or mushroom sauce",Survey (FNDDS)
"Beef, potatoes, and vegetables excluding carrots, broccoli, and dark-green leafy; gravy",Survey (FNDDS)
"Beef, potatoes, and vegetables excluding carrots, broccoli, and dark-green leafy; soy-based sauce",Survey (FNDDS)
"Beef, potatoes, and vegetables excluding carrots, broccoli, and dark-green leafy; tomato-based sauce",Survey (FNDDS)
"Beef, potatoes, and vegetables including carrots, broccoli, and/or dark-green leafy; cheese sauce",Survey (FNDDS)
"Beef, potatoes, and vegetables including carrots, broccoli, and/or dark-green leafy; cream sauce, white sauce, or mushroom sauce",Survey (FNDDS)
"Beef, potatoes, and vegetables including carrots, broccoli, and/or dark-green leafy; gravy",Survey (FNDDS)
"Beef, potatoes, and vegetables including carrots, broccoli, and/or dark-green leafy; no sauce",Survey (FNDDS)
"Beef, potatoes, and vegetables including carrots, broccoli, and/or dark-green leafy; soy-based sauce",Survey (FNDDS)
"Beef, potatoes, and vegetables including carrots, broccoli, and/or dark-green leafy; tomato-based sauce",Survey (FNDDS)
"Beef, potatoes, and vegetables, excluding carrots, broccoli, and dark-green leafy; no sauce",Survey (FNDDS)
"Beef, prepackaged or deli, luncheon meat",Survey (FNDDS)
"Beef, prepackaged or deli, luncheon meat, reduced sodium",Survey (FNDDS)
"Beef, retail cuts, separable fat, cooked",SR Legacy
"Beef, retail cuts, separable fat, raw",SR Legacy
"Beef, rib eye roast, bone-in, lip-on, separable lean and fat, trimmed to 1/8"" fat, all grades, cooked, roasted",SR Legacy
"Beef, rib eye roast, bone-in, lip-on, separable lean and fat, trimmed to 1/8"" fat, choice, cooked, roasted",SR Legacy
"Beef, rib eye roast, bone-in, lip-on, separable lean and fat, trimmed to 1/8"" fat, select, cooked, roasted",SR Legacy
"Beef, rib eye roast, bone-in, lip-on, separable lean only, trimmed to 1/8"" fat, all grades, cooked, roasted",SR Legacy
"Beef, rib eye roast, bone-in, lip-on, separable lean only, trimmed to 1/8"" fat, choice, cooked, roasted",SR Legacy
"Beef, rib eye roast, bone-in, lip-on, separable lean only, trimmed to 1/8"" fat, select, cooked, roasted",SR Legacy
"Beef, rib eye roast, boneless, lip-on, separable lean and fat, trimmed to 1/8"" fat, all grades, cooked, roasted",SR Legacy
"Beef, rib eye roast, boneless, lip-on, separable lean and fat, trimmed to 1/8"" fat, choice, cooked, roasted",SR Legacy
"Beef, rib eye roast, boneless, lip-on, separable lean and fat, trimmed to 1/8"" fat, select, cooked, roasted",SR Legacy
"Beef, rib eye roast, boneless, lip-on, separable lean only, trimmed to 1/8"" fat, all grades, cooked, roasted",SR Legacy
"Beef, rib eye roast, boneless, lip-on, separable lean only, trimmed to 1/8"" fat, choice, cooked, roasted",SR Legacy
"Beef, rib eye roast, boneless, lip-on, separable lean only, trimmed to 1/8"" fat, select, cooked, roasted",SR Legacy
"Beef, rib eye steak, bone-in, lip-on, separable lean and fat, trimmed to 1/8"" fat, all grades, cooked, grilled",SR Legacy
"Beef, rib eye steak, bone-in, lip-on, separable lean and fat, trimmed to 1/8"" fat, choice, cooked, grilled",SR Legacy
"Beef, rib eye steak, bone-in, lip-on, separable lean and fat, trimmed to 1/8"" fat, select, cooked, grilled",SR Legacy
"Beef, rib eye steak, bone-in, lip-on, separable lean only, trimmed to 1/8"" fat, all grades, cooked, grilled",SR Legacy
"Beef, rib eye steak, bone-in, lip-on, separable lean only, trimmed to 1/8"" fat, choice, cooked, grilled",SR Legacy
"Beef, rib eye steak, bone-in, lip-on, separable lean only, trimmed to 1/8"" fat, select, cooked, grilled",SR Legacy
"Beef, rib eye steak, boneless, lip off, separable lean and fat, trimmed to 0"" fat, all grades, cooked, grilled",SR Legacy
"Beef, rib eye steak, boneless, lip off, separable lean and fat, trimmed to 0"" fat, all grades, raw",SR Legacy
"Beef, rib eye steak, boneless, lip off, separable lean and fat, trimmed to 0"" fat, choice, cooked, grilled",SR Legacy
"Beef, rib eye steak, boneless, lip off, separable lean and fat, trimmed to 0"" fat, choice, raw",SR Legacy
"Beef, rib eye steak, boneless, lip off, separable lean and fat, trimmed to 0"" fat, select, cooked, grilled",SR Legacy
"Beef, rib eye steak, boneless, lip off, separable lean and fat, trimmed to 0"" fat, select, raw",SR Legacy
"Beef, rib eye steak, boneless, lip off, separable lean only, trimmed to 0"" fat, all grades, cooked, grilled",SR Legacy
"Beef, rib eye steak, boneless, lip off, separable lean only, trimmed to 0"" fat, all grades, raw",SR Legacy
"Beef, rib eye steak, boneless, lip off, separable lean only, trimmed to 0"" fat, choice, cooked, grilled",SR Legacy
"Beef, rib eye steak, boneless, lip off, separable lean only, trimmed to 0"" fat, choice, raw",SR Legacy
"Beef, rib eye steak, boneless, lip off, separable lean only, trimmed to 0"" fat, select, cooked, grilled",SR Legacy
"Beef, rib eye steak, boneless, lip off, separable lean only, trimmed to 0"" fat, select, raw",SR Legacy
"Beef, rib eye steak, boneless, lip-on, separable lean and fat, trimmed to 1/8"" fat, all grades, cooked, grilled",SR Legacy
"Beef, rib eye steak, boneless, lip-on, separable lean and fat, trimmed to 1/8"" fat, choice, cooked, grilled",SR Legacy
"Beef, rib eye steak, boneless, lip-on, separable lean and fat, trimmed to 1/8"" fat, select, cooked, grilled",SR Legacy
"Beef, rib eye steak, boneless, lip-on, separable lean only, trimmed to 1/8"" fat, all grades, cooked, grilled",SR Legacy
"Beef, rib eye steak, boneless, lip-on, separable lean only, trimmed to 1/8"" fat, choice, cooked, grilled",SR Legacy
"Beef, rib eye steak, boneless, lip-on, separable lean only, trimmed to 1/8"" fat, select, cooked, grilled",SR Legacy
"Beef, rib eye steak/roast, bone-in, lip-on, separable lean and fat, trimmed to 1/8"" fat, all grades, raw",SR Legacy
"Beef, rib eye steak/roast, bone-in, lip-on, separable lean and fat, trimmed to 1/8"" fat, choice, raw",SR Legacy
"Beef, rib eye steak/roast, bone-in, lip-on, separable lean and fat, trimmed to 1/8"" fat, select, raw",SR Legacy
"Beef, rib eye steak/roast, bone-in, lip-on, separable lean only, trimmed to 1/8"" fat, all grades, raw",SR Legacy
"Beef, rib eye steak/roast, bone-in, lip-on, separable lean only, trimmed to 1/8"" fat, choice, raw",SR Legacy
"Beef, rib eye steak/roast, bone-in, lip-on, separable lean only, trimmed to 1/8"" fat, select, raw",SR Legacy
"Beef, rib eye steak/roast, boneless, lip-on, separable lean and fat, trimmed to 1/8"" fat, all grades, raw",SR Legacy
"Beef, rib eye steak/roast, boneless, lip-on, separable lean and fat, trimmed to 1/8"" fat, choice, raw",SR Legacy
"Beef, rib eye steak/roast, boneless, lip-on, separable lean and fat, trimmed to 1/8"" fat, select, raw",SR Legacy
"Beef, rib eye steak/roast, boneless, lip-on, separable lean only, trimmed to 1/8"" fat, all grades, raw",SR Legacy
"Beef, rib eye steak/roast, boneless, lip-on, separable lean only, trimmed to 1/8"" fat, choice, raw",SR Legacy
"Beef, rib eye steak/roast, boneless, lip-on, separable lean only, trimmed to 1/8"" fat, select, raw",SR Legacy
"Beef, rib eye, small end (ribs 10-12), separable lean and fat, trimmed to 0"" fat, all grades, cooked, broiled",SR Legacy
"Beef, rib eye, small end (ribs 10-12), separable lean and fat, trimmed to 0"" fat, select, cooked, broiled",SR Legacy
"Beef, rib eye, small end (ribs 10-12), separable lean only, trimmed to 0"" fat, select, raw",SR Legacy
"Beef, rib, back ribs, bone-in, separable lean and fat, trimmed to 0"" fat, all grades, cooked, braised",SR Legacy
"Beef, rib, back ribs, bone-in, separable lean and fat, trimmed to 0"" fat, all grades, raw",SR Legacy
"Beef, rib, back ribs, bone-in, separable lean and fat, trimmed to 0"" fat, choice, cooked, braised",SR Legacy
"Beef, rib, back ribs, bone-in, separable lean and fat, trimmed to 0"" fat, choice, raw",SR Legacy
"Beef, rib, back ribs, bone-in, separable lean and fat, trimmed to 0"" fat, select, cooked, braised",SR Legacy
"Beef, rib, back ribs, bone-in, separable lean and fat, trimmed to 0"" fat, select, raw",SR Legacy
"Beef, rib, back ribs, bone-in, separable lean only, trimmed to 0"" fat, all grades, cooked, braised",SR Legacy
"Beef, rib, back ribs, bone-in, separable lean only, trimmed to 0"" fat, all grades, raw",SR Legacy
"Beef, rib, back ribs, bone-in, separable lean only, trimmed to 0"" fat, choice, cooked, braised",SR Legacy
"Beef, rib, back ribs, bone-in, separable lean only, trimmed to 0"" fat, choice, raw",SR Legacy
"Beef, rib, back ribs, bone-in, separable lean only, trimmed to 0"" fat, select, cooked, braised",SR Legacy
"Beef, rib, back ribs, bone-in, separable lean only, trimmed to 0"" fat, select, raw",SR Legacy
"Beef, rib, eye, small end (ribs 10- 12) separable lean only, trimmed to 0"" fat, select, cooked, broiled",SR Legacy
"Beef, rib, eye, small end (ribs 10-12), separable lean and fat, trimmed to 0"" fat, choice, cooked, broiled",SR Legacy
"Beef, rib, eye, small end (ribs 10-12), separable lean and fat, trimmed to 0"" fat, choice, raw",SR Legacy
"Beef, rib, eye, small end (ribs 10-12), separable lean only, trimmed to 0"" fat, choice, cooked, broiled",SR Legacy
"Beef, rib, eye, small end (ribs 10-12), separable lean only, trimmed to 0"" fat, choice, raw",SR Legacy
"Beef, rib, large end (ribs 6-9), separable lean and fat, trimmed to 0"" fat, choice, cooked, roasted",SR Legacy
"Beef, rib, large end (ribs 6-9), separable lean and fat, trimmed to 0"" fat, select, cooked, roasted",SR Legacy
"Beef, rib, large end (ribs 6-9), separable lean and fat, trimmed to 1/8"" fat, all grades, cooked, broiled",SR Legacy
"Beef, rib, large end (ribs 6-9), separable lean and fat, trimmed to 1/8"" fat, all grades, cooked, roasted",SR Legacy
"Beef, rib, large end (ribs 6-9), separable lean and fat, trimmed to 1/8"" fat, all grades, raw",SR Legacy
"Beef, rib, large end (ribs 6-9), separable lean and fat, trimmed to 1/8"" fat, choice, cooked, broiled",SR Legacy
"Beef, rib, large end (ribs 6-9), separable lean and fat, trimmed to 1/8"" fat, choice, cooked, roasted",SR Legacy
"Beef, rib, large end (ribs 6-9), separable lean and fat, trimmed to 1/8"" fat, choice, raw",SR Legacy
"Beef, rib, large end (ribs 6-9), separable lean and fat, trimmed to 1/8"" fat, prime, cooked, broiled",SR Legacy
"Beef, rib, large end (ribs 6-9), separable lean and fat, trimmed to 1/8"" fat, prime, cooked, roasted",SR Legacy
"Beef, rib, large end (ribs 6-9), separable lean and fat, trimmed to 1/8"" fat, prime, raw",SR Legacy
"Beef, rib, large end (ribs 6-9), separable lean and fat, trimmed to 1/8"" fat, select, cooked, broiled",SR Legacy
"Beef, rib, large end (ribs 6-9), separable lean and fat, trimmed to 1/8"" fat, select, cooked, roasted",SR Legacy
"Beef, rib, large end (ribs 6-9), separable lean and fat, trimmed to 1/8"" fat, select, raw",SR Legacy
"Beef, rib, large end (ribs 6-9), separable lean only, trimmed to 0"" fat, all grades, cooked, roasted",SR Legacy
"Beef, rib, large end (ribs 6-9), separable lean only, trimmed to 0"" fat, choice, cooked, roasted",SR Legacy
"Beef, rib, large end (ribs 6-9), separable lean only, trimmed to 0"" fat, select, cooked, roasted",SR Legacy
"Beef, rib, shortribs, separable lean and fat, choice, cooked, braised",SR Legacy
"Beef, rib, shortribs, separable lean and fat, choice, raw",SR Legacy
"Beef, rib, shortribs, separable lean only, choice, cooked, braised",SR Legacy
"Beef, rib, shortribs, separable lean only, choice, raw",SR Legacy
"Beef, rib, small end (ribs 10-12), separable lean and fat, trimmed to 0"" fat, all grades, cooked, broiled",SR Legacy
"Beef, rib, small end (ribs 10-12), separable lean and fat, trimmed to 0"" fat, choice, cooked, broiled",SR Legacy
"Beef, rib, small end (ribs 10-12), separable lean and fat, trimmed to 0"" fat, select, cooked, broiled",SR Legacy
"Beef, rib, small end (ribs 10-12), separable lean and fat, trimmed to 1/8"" fat, all grades, cooked, broiled",SR Legacy
"Beef, rib, small end (ribs 10-12), separable lean and fat, trimmed to 1/8"" fat, all grades, cooked, roasted",SR Legacy
"Beef, rib, small end (ribs 10-12), separable lean and fat, trimmed to 1/8"" fat, all grades, raw",SR Legacy
"Beef, rib, small end (ribs 10-12), separable lean and fat, trimmed to 1/8"" fat, choice, cooked, broiled",SR Legacy
"Beef, rib, small end (ribs 10-12), separable lean and fat, trimmed to 1/8"" fat, choice, cooked, roasted",SR Legacy
"Beef, rib, small end (ribs 10-12), separable lean and fat, trimmed to 1/8"" fat, choice, raw",SR Legacy
"Beef, rib, small end (ribs 10-12), separable lean and fat, trimmed to 1/8"" fat, prime, cooked, broiled",SR Legacy
"Beef, rib, small end (ribs 10-12), separable lean and fat, trimmed to 1/8"" fat, prime, cooked, roasted",SR Legacy
"Beef, rib, small end (ribs 10-12), separable lean and fat, trimmed to 1/8"" fat, prime, raw",SR Legacy
"Beef, rib, small end (ribs 10-12), separable lean and fat, trimmed to 1/8"" fat, select, cooked, broiled",SR Legacy
"Beef, rib, small end (ribs 10-12), separable lean and fat, trimmed to 1/8"" fat, select, cooked, roasted",SR Legacy
"Beef, rib, small end (ribs 10-12), separable lean and fat, trimmed to 1/8"" fat, select, raw",SR Legacy
"Beef, rib, small end (ribs 10-12), separable lean only, trimmed to 0"" fat, all grades, cooked, broiled",SR Legacy
"Beef, rib, small end (ribs 10-12), separable lean only, trimmed to 0"" fat, choice, cooked, broiled",SR Legacy
"Beef, rib, small end (ribs 10-12), separable lean only, trimmed to 0"" fat, select, cooked, broiled",SR Legacy
"Beef, rib, small end (ribs 10-12), separable lean only, trimmed to 1/8"" fat, all grades, cooked, broiled",SR Legacy
"Beef, rib, small end (ribs 10-12), separable lean only, trimmed to 1/8"" fat, all grades, raw",SR Legacy
"Beef, rib, small end (ribs 10-12), separable lean only, trimmed to 1/8"" fat, choice, raw",SR Legacy
"Beef, rib, small end (ribs 10-12), separable lean only, trimmed to 1/8"" fat, select, cooked, broiled",SR Legacy
"Beef, rib, small end (ribs 10-12), separable lean only, trimmed to 1/8"" fat, select, raw",SR Legacy
"Beef, rib, small end (ribs 10-12), separable lean only, trimmed to 1/8""fat, choice, cooked, broiled",SR Legacy
"Beef, rib, whole (ribs 6-12), separable lean and fat, trimmed to 1/8"" fat, all grades, cooked, broiled",SR Legacy
"Beef, rib, whole (ribs 6-12), separable lean and fat, trimmed to 1/8"" fat, all grades, cooked, roasted",SR Legacy
"Beef, rib, whole (ribs 6-12), separable lean and fat, trimmed to 1/8"" fat, all grades, raw",SR Legacy
"Beef, rib, whole (ribs 6-12), separable lean and fat, trimmed to 1/8"" fat, choice, cooked, broiled",SR Legacy
"Beef, rib, whole (ribs 6-12), separable lean and fat, trimmed to 1/8"" fat, choice, cooked, roasted",SR Legacy
"Beef, rib, whole (ribs 6-12), separable lean and fat, trimmed to 1/8"" fat, choice, raw",SR Legacy
"Beef, rib, whole (ribs 6-12), separable lean and fat, trimmed to 1/8"" fat, prime, cooked, broiled",SR Legacy
"Beef, rib, whole (ribs 6-12), separable lean and fat, trimmed to 1/8"" fat, prime, cooked, roasted",SR Legacy
"Beef, rib, whole (ribs 6-12), separable lean and fat, trimmed to 1/8"" fat, prime, raw",SR Legacy
"Beef, rib, whole (ribs 6-12), separable lean and fat, trimmed to 1/8"" fat, select, cooked, broiled",SR Legacy
"Beef, rib, whole (ribs 6-12), separable lean and fat, trimmed to 1/8"" fat, select, cooked, roasted",SR Legacy
"Beef, rib, whole (ribs 6-12), separable lean and fat, trimmed to 1/8"" fat, select, raw",SR Legacy
"Beef, ribeye  petite roast/filet, boneless, separable lean only, trimmed to 0"" fat, all grades, raw",SR Legacy
"Beef, ribeye  petite roast/filet, boneless, separable lean only, trimmed to 0"" fat, choice, raw",SR Legacy
"Beef, ribeye  petite roast/filet, boneless, separable lean only, trimmed to 0"" fat, select, raw",SR Legacy
"Beef, ribeye cap steak, boneless, separable lean only, trimmed to 0"" fat, all grades, cooked, grilled",SR Legacy
"Beef, ribeye cap steak, boneless, separable lean only, trimmed to 0"" fat, all grades, raw",SR Legacy
"Beef, ribeye cap steak, boneless, separable lean only, trimmed to 0"" fat, choice, cooked, grilled",SR Legacy
"Beef, ribeye cap steak, boneless, separable lean only, trimmed to 0"" fat, choice, raw",SR Legacy
"Beef, ribeye cap steak, boneless, separable lean only, trimmed to 0"" fat, select, cooked, grilled",SR Legacy
"Beef, ribeye cap steak, boneless, separable lean only, trimmed to 0"" fat, select, raw",SR Legacy
"Beef, ribeye filet, boneless, separable lean only, trimmed to 0"" fat, all grades, cooked, grilled",SR Legacy
"Beef, ribeye filet, boneless, separable lean only, trimmed to 0"" fat, choice, cooked, grilled",SR Legacy
"Beef, ribeye filet, boneless, separable lean only, trimmed to 0"" fat, select, cooked, grilled",SR Legacy
"Beef, ribeye petite roast, boneless, separable lean only, trimmed to 0"" fat, all grades, cooked, roasted",SR Legacy
"Beef, ribeye petite roast, boneless, separable lean only, trimmed to 0"" fat, choice, cooked, roasted",SR Legacy
"Beef, ribeye petite roast, boneless, separable lean only, trimmed to 0"" fat, select, cooked, roasted",SR Legacy
"Beef, ribeye, steak, boneless, choice, raw",Foundation
"Beef, rice, and vegetables excluding carrots, broccoli, and dark-green leafy; cheese sauce",Survey (FNDDS)
"Beef, rice, and vegetables excluding carrots, broccoli, and dark-green leafy; gravy",Survey (FNDDS)
"Beef, rice, and vegetables excluding carrots, broccoli, and dark-green leafy; mushroom sauce",Survey (FNDDS)
"Beef, rice, and vegetables excluding carrots, broccoli, and dark-green leafy; no sauce",Survey (FNDDS)
"Beef, rice, and vegetables excluding carrots, broccoli, and dark-green leafy; soy-based sauce",Survey (FNDDS)
"Beef, rice, and vegetables excluding carrots, broccoli, and/or dark-green leafy; tomato-based sauce",Survey (FNDDS)
"Beef, rice, and vegetables including carrots, broccoli, and/or dark-green leafy; cheese sauce",Survey (FNDDS)
"Beef, rice, and vegetables including carrots, broccoli, and/or dark-green leafy; gravy",Survey (FNDDS)
"Beef, rice, and vegetables including carrots, broccoli, and/or dark-green leafy; mushroom sauce",Survey (FNDDS)
"Beef, rice, and vegetables including carrots, broccoli, and/or dark-green leafy; no sauce",Survey (FNDDS)
"Beef, rice, and vegetables including carrots, broccoli, and/or dark-green leafy; soy-based sauce",Survey (FNDDS)
"Beef, rice, and vegetables including carrots, broccoli, and/or dark-green leafy; tomato-based sauce",Survey (FNDDS)
"Beef, roast",Survey (FNDDS)
"Beef, roast, hash",Survey (FNDDS)
"Beef, round, bottom round , roast, separable lean only, trimmed to 1/8"" fat, select, cooked, roasted",SR Legacy
"Beef, round, bottom round roast, separable lean only, trimmed to 0"" fat, select, cooked, roasted",SR Legacy
"Beef, round, bottom round, roast, separable lean and fat, trimmed to 0"" fat, all grades, cooked, roasted",SR Legacy
"Beef, round, bottom round, roast, separable lean and fat, trimmed to 0"" fat, choice, cooked, roasted",SR Legacy
"Beef, round, bottom round, roast, separable lean and fat, trimmed to 0"" fat, select, cooked, roasted",SR Legacy
"Beef, round, bottom round, roast, separable lean and fat, trimmed to 1/8"" fat, all grades, cooked, roasted",SR Legacy
"Beef, round, bottom round, roast, separable lean and fat, trimmed to 1/8"" fat, choice, cooked, roasted",SR Legacy
"Beef, round, bottom round, roast, separable lean and fat, trimmed to 1/8"" fat, select, cooked, roasted",SR Legacy
"Beef, round, bottom round, roast, separable lean only, trimmed to 0"" fat, all grades, cooked, roasted",SR Legacy
"Beef, round, bottom round, roast, separable lean only, trimmed to 0"" fat, choice, cooked, roasted",SR Legacy
"Beef, round, bottom round, roast, separable lean only, trimmed to 1/8"" fat, all grades, cooked",SR Legacy
"Beef, round, bottom round, roast, separable lean only, trimmed to 1/8"" fat, all grades, raw",SR Legacy
"Beef, round, bottom round, roast, separable lean only, trimmed to 1/8"" fat, choice, cooked, roasted",SR Legacy
"Beef, round, bottom round, roast, separable lean only, trimmed to 1/8"" fat, choice, raw",SR Legacy
"Beef, round, bottom round, roast, separable lean only, trimmed to 1/8"" fat, select, raw",SR Legacy
"Beef, round, bottom round, steak, separable lean and fat, trimmed to 0"" fat, all grades, cooked, braised",SR Legacy
"Beef, round, bottom round, steak, separable lean and fat, trimmed to 0"" fat, choice, cooked, braised",SR Legacy
"Beef, round, bottom round, steak, separable lean and fat, trimmed to 0"" fat, select, cooked, braised",SR Legacy
"Beef, round, bottom round, steak, separable lean and fat, trimmed to 1/8"" fat, all grades, cooked, braised",SR Legacy
"Beef, round, bottom round, steak, separable lean and fat, trimmed to 1/8"" fat, all grades, raw",SR Legacy
"Beef, round, bottom round, steak, separable lean and fat, trimmed to 1/8"" fat, choice, cooked, braised",SR Legacy
"Beef, round, bottom round, steak, separable lean and fat, trimmed to 1/8"" fat, choice, raw",SR Legacy
"Beef, round, bottom round, steak, separable lean and fat, trimmed to 1/8"" fat, select, cooked, braised",SR Legacy
"Beef, round, bottom round, steak, separable lean and fat, trimmed to 1/8"" fat, select, raw",SR Legacy
"Beef, round, bottom round, steak, separable lean only, trimmed to 0"" fat, all grades, cooked, braised",SR Legacy
"Beef, round, bottom round, steak, separable lean only, trimmed to 0"" fat, choice, cooked, braised",SR Legacy
"Beef, round, bottom round, steak, separable lean only, trimmed to 0"" fat, select, cooked, braised",SR Legacy
"Beef, round, bottom round, steak, separable lean only, trimmed to 1/8"" fat, all grades, cooked, braised",SR Legacy
"Beef, round, bottom round, steak, separable lean only, trimmed to 1/8"" fat, choice, cooked, braised",SR Legacy
"Beef, round, bottom round, steak, separable lean only, trimmed to 1/8"" fat, select, cooked, braised",SR Legacy
"Beef, round, eye of round roast, boneless, separable lean and fat, trimmed to 0"" fat, all grades, cooked, roasted",SR Legacy
"Beef, round, eye of round roast, boneless, separable lean and fat, trimmed to 0"" fat, all grades, raw",SR Legacy
"Beef, round, eye of round roast, boneless, separable lean and fat, trimmed to 0"" fat, choice, cooked, roasted",SR Legacy
"Beef, round, eye of round roast, boneless, separable lean and fat, trimmed to 0"" fat, choice, raw",SR Legacy
"Beef, round, eye of round roast, boneless, separable lean and fat, trimmed to 0"" fat, select, cooked, roasted",SR Legacy
"Beef, round, eye of round roast, boneless, separable lean and fat, trimmed to 0"" fat, select, raw",SR Legacy
"Beef, round, eye of round roast, boneless, separable lean only, trimmed to 0"" fat, all grades, cooked, roasted",SR Legacy
"Beef, round, eye of round roast, boneless, separable lean only, trimmed to 0"" fat, all grades, raw",SR Legacy
"Beef, round, eye of round roast, boneless, separable lean only, trimmed to 0"" fat, choice, cooked, roasted",SR Legacy
"Beef, round, eye of round roast, boneless, separable lean only, trimmed to 0"" fat, choice, raw",SR Legacy
"Beef, round, eye of round roast, boneless, separable lean only, trimmed to 0"" fat, select, cooked, roasted",SR Legacy
"Beef, round, eye of round roast, boneless, separable lean only, trimmed to 0"" fat, select, raw",Foundation
"Beef, round, eye of round roast, boneless, separable lean only, trimmed to 0"" fat, select, raw",SR Legacy
"Beef, round, eye of round steak, boneless separable lean and fat, trimmed to 0"" fat, choice, raw",SR Legacy
"Beef, round, eye of round steak, boneless, separable lean and fat, trimmed to 0"" fat, all grades, cooked, grilled",SR Legacy
"Beef, round, eye of round steak, boneless, separable lean and fat, trimmed to 0"" fat, all grades, raw",SR Legacy
"Beef, round, eye of round steak, boneless, separable lean and fat, trimmed to 0"" fat, choice, cooked, grilled",SR Legacy
"Beef, round, eye of round steak, boneless, separable lean and fat, trimmed to 0"" fat, select, cooked, grilled",SR Legacy
"Beef, round, eye of round steak, boneless, separable lean and fat, trimmed to 0"" fat, select, raw",SR Legacy
"Beef, round, eye of round steak, boneless, separable lean only, trimmed to 0"" fat, all grades, cooked, grilled",SR Legacy
"Beef, round, eye of round steak, boneless, separable lean only, trimmed to 0"" fat, all grades, raw",SR Legacy
"Beef, round, eye of round steak, boneless, separable lean only, trimmed to 0"" fat, choice, cooked, grilled",SR Legacy
"Beef, round, eye of round steak, boneless, separable lean only, trimmed to 0"" fat, choice, raw",SR Legacy
"Beef, round, eye of round steak, boneless, separable lean only, trimmed to 0"" fat, select, cooked, grilled",SR Legacy
"Beef, round, eye of round steak, boneless, separable lean only, trimmed to 0"" fat, select, raw",SR Legacy
"Beef, round, eye of round, roast, separable lean and fat, trimmed to 1/8"" fat, all grades, cooked, roasted",SR Legacy
"Beef, round, eye of round, roast, separable lean and fat, trimmed to 1/8"" fat, all grades, raw",SR Legacy
"Beef, round, eye of round, roast, separable lean and fat, trimmed to 1/8"" fat, choice, cooked, roasted",SR Legacy
"Beef, round, eye of round, roast, separable lean and fat, trimmed to 1/8"" fat, choice, raw",SR Legacy
"Beef, round, eye of round, roast, separable lean and fat, trimmed to 1/8"" fat, select, cooked, roasted",SR Legacy
"Beef, round, eye of round, roast, separable lean and fat, trimmed to 1/8"" fat, select, raw",SR Legacy
"Beef, round, eye of round, roast, separable lean only, trimmed to 1/8"" fat, all grades, cooked, roasted",SR Legacy
"Beef, round, eye of round, roast, separable lean only, trimmed to 1/8"" fat, all grades, raw",SR Legacy
"Beef, round, eye of round, roast, separable lean only, trimmed to 1/8"" fat, choice, cooked, roasted",SR Legacy
"Beef, round, eye of round, roast, separable lean only, trimmed to 1/8"" fat, choice, raw",SR Legacy
"Beef, round, eye of round, roast, separable lean only, trimmed to 1/8"" fat, select, cooked, roasted",SR Legacy
"Beef, round, eye of round, roast, separable lean only, trimmed to 1/8"" fat, select, raw",SR Legacy
"Beef, round, full cut, separable lean and fat, trimmed to 1/8"" fat, choice, cooked, broiled",SR Legacy
"Beef, round, full cut, separable lean and fat, trimmed to 1/8"" fat, choice, raw",SR Legacy
"Beef, round, full cut, separable lean and fat, trimmed to 1/8"" fat, select, cooked, broiled",SR Legacy
"Beef, round, full cut, separable lean and fat, trimmed to 1/8"" fat, select, raw",SR Legacy
"Beef, round, full cut, separable lean only, trimmed to 1/4"" fat, choice, cooked, broiled",SR Legacy
"Beef, round, full cut, separable lean only, trimmed to 1/4"" fat, select, cooked, broiled",SR Legacy
"Beef, round, knuckle, tip center, steak, separable lean and fat, trimmed to 0"" fat, all grades, cooked, grilled",SR Legacy
"Beef, round, knuckle, tip center, steak, separable lean and fat, trimmed to 0"" fat, all grades, raw",SR Legacy
"Beef, round, knuckle, tip center, steak, separable lean and fat, trimmed to 0"" fat, choice, cooked, grilled",SR Legacy
"Beef, round, knuckle, tip center, steak, separable lean and fat, trimmed to 0"" fat, choice, raw",SR Legacy
"Beef, round, knuckle, tip center, steak, separable lean and fat, trimmed to 0"" fat, select, cooked, grilled",SR Legacy
"Beef, round, knuckle, tip center, steak, separable lean and fat, trimmed to 0"" fat, select, raw",SR Legacy
"Beef, round, knuckle, tip side, steak, separable lean and fat , trimmed to 0"" fat, select, raw",SR Legacy
"Beef, round, knuckle, tip side, steak, separable lean and fat, trimmed to 0"" fat, all grades, cooked, grilled",SR Legacy
"Beef, round, knuckle, tip side, steak, separable lean and fat, trimmed to 0"" fat, all grades, raw",SR Legacy
"Beef, round, knuckle, tip side, steak, separable lean and fat, trimmed to 0"" fat, choice, cooked, grilled",SR Legacy
"Beef, round, knuckle, tip side, steak, separable lean and fat, trimmed to 0"" fat, choice, raw",SR Legacy
"Beef, round, knuckle, tip side, steak, separable lean and fat, trimmed to 0"" fat, select, cooked, grilled",SR Legacy
"Beef, round, outside round, bottom round, steak, separable lean and fat, trimmed to 0"" fat, all grades, cooked, grilled",SR Legacy
"Beef, round, outside round, bottom round, steak, separable lean and fat, trimmed to 0"" fat, all grades, raw",SR Legacy
"Beef, round, outside round, bottom round, steak, separable lean and fat, trimmed to 0"" fat, choice, cooked, grilled",SR Legacy
"Beef, round, outside round, bottom round, steak, separable lean and fat, trimmed to 0"" fat, choice, raw",SR Legacy
"Beef, round, outside round, bottom round, steak, separable lean and fat, trimmed to 0"" fat, select, cooked, grilled",SR Legacy
"Beef, round, outside round, bottom round, steak, separable lean and fat, trimmed to 0"" fat, select, raw",SR Legacy
"Beef, round, tip round, roast, separable lean and fat, trimmed to 0"" fat, all grades, cooked, roasted",SR Legacy
"Beef, round, tip round, roast, separable lean and fat, trimmed to 0"" fat, all grades, raw",SR Legacy
"Beef, round, tip round, roast, separable lean and fat, trimmed to 0"" fat, choice, cooked, roasted",SR Legacy
"Beef, round, tip round, roast, separable lean and fat, trimmed to 0"" fat, choice, raw",SR Legacy
"Beef, round, tip round, roast, separable lean and fat, trimmed to 0"" fat, select, cooked, roasted",SR Legacy
"Beef, round, tip round, roast, separable lean and fat, trimmed to 0"" fat, select, raw",SR Legacy
"Beef, round, tip round, roast, separable lean and fat, trimmed to 1/8"" fat, all grades, cooked, roasted",SR Legacy
"Beef, round, tip round, roast, separable lean and fat, trimmed to 1/8"" fat, choice, cooked, roasted",SR Legacy
"Beef, round, tip round, roast, separable lean and fat, trimmed to 1/8"" fat, select, cooked, roasted",SR Legacy
"Beef, round, tip round, roast, separable lean only, trimmed to 0"" fat, all grades, cooked, roasted",SR Legacy
"Beef, round, tip round, roast, separable lean only, trimmed to 0"" fat, all grades, raw",SR Legacy
"Beef, round, tip round, roast, separable lean only, trimmed to 0"" fat, choice, cooked, roasted",SR Legacy
"Beef, round, tip round, roast, separable lean only, trimmed to 0"" fat, choice, raw",SR Legacy
"Beef, round, tip round, roast, separable lean only, trimmed to 0"" fat, select, cooked, roasted",SR Legacy
"Beef, round, tip round, roast, separable lean only, trimmed to 0"" fat, select, raw",SR Legacy
"Beef, round, tip round, separable lean and fat, trimmed to 1/8"" fat, all grades, raw",SR Legacy
"Beef, round, tip round, separable lean and fat, trimmed to 1/8"" fat, choice, raw",SR Legacy
"Beef, round, tip round, separable lean and fat, trimmed to 1/8"" fat, select, raw",SR Legacy
"Beef, round, top round roast, boneless, separable lean and fat, trimmed to 0"" fat, all grades, cooked, roasted",SR Legacy
"Beef, round, top round roast, boneless, separable lean and fat, trimmed to 0"" fat, all grades, raw",SR Legacy
"Beef, round, top round roast, boneless, separable lean and fat, trimmed to 0"" fat, choice, cooked, roasted",SR Legacy
"Beef, round, top round roast, boneless, separable lean and fat, trimmed to 0"" fat, choice, raw",SR Legacy
"Beef, round, top round roast, boneless, separable lean and fat, trimmed to 0"" fat, select, cooked, roasted",SR Legacy
"Beef, round, top round roast, boneless, separable lean and fat, trimmed to 0"" fat, select, raw",SR Legacy
"Beef, round, top round roast, boneless, separable lean only, trimmed to 0"" fat, all grades, cooked, roasted",SR Legacy
"Beef, round, top round roast, boneless, separable lean only, trimmed to 0"" fat, all grades, raw",SR Legacy
"Beef, round, top round roast, boneless, separable lean only, trimmed to 0"" fat, choice, cooked, roasted",SR Legacy
"Beef, round, top round roast, boneless, separable lean only, trimmed to 0"" fat, choice, raw",SR Legacy
"Beef, round, top round roast, boneless, separable lean only, trimmed to 0"" fat, select, cooked, roasted",SR Legacy
"Beef, round, top round roast, boneless, separable lean only, trimmed to 0"" fat, select, raw",SR Legacy
"Beef, round, top round roast, boneless, separable lean only, trimmed to 0"" fat, select, raw",Foundation
"Beef, round, top round steak, boneless, separable lean and fat, trimmed to 0"" fat, all grades, cooked, grilled",SR Legacy
"Beef, round, top round steak, boneless, separable lean and fat, trimmed to 0"" fat, all grades, raw",SR Legacy
"Beef, round, top round steak, boneless, separable lean and fat, trimmed to 0"" fat, choice, cooked, grilled",SR Legacy
"Beef, round, top round steak, boneless, separable lean and fat, trimmed to 0"" fat, choice, raw",SR Legacy
"Beef, round, top round steak, boneless, separable lean and fat, trimmed to 0"" fat, select, cooked, grilled",SR Legacy
"Beef, round, top round steak, boneless, separable lean and fat, trimmed to 0"" fat, select, raw",SR Legacy
"Beef, round, top round steak, boneless, separable lean only, trimmed to 0"" fat, all grades, cooked, grilled",SR Legacy
"Beef, round, top round steak, boneless, separable lean only, trimmed to 0"" fat, all grades, raw",SR Legacy
"Beef, round, top round steak, boneless, separable lean only, trimmed to 0"" fat, choice, cooked, grilled",SR Legacy
"Beef, round, top round steak, boneless, separable lean only, trimmed to 0"" fat, choice, raw",SR Legacy
"Beef, round, top round steak, boneless, separable lean only, trimmed to 0"" fat, select, cooked, grilled",SR Legacy
"Beef, round, top round steak, boneless, separable lean only, trimmed to 0"" fat, select, raw",SR Legacy
"Beef, round, top round steak, separable lean and fat, trimmed to 1/8"" fat, all grades, cooked, broiled",SR Legacy
"Beef, round, top round, boneless, choice, raw",Foundation
"Beef, round, top round, separable lean and fat, trimmed to 0"" fat, all grades, cooked, braised",SR Legacy
"Beef, round, top round, separable lean and fat, trimmed to 0"" fat, choice, cooked, braised",SR Legacy
"Beef, round, top round, separable lean and fat, trimmed to 0"" fat, select, cooked, braised",SR Legacy
"Beef, round, top round, separable lean and fat, trimmed to 1/8"" fat, all grades, cooked, braised",SR Legacy
"Beef, round, top round, separable lean and fat, trimmed to 1/8"" fat, choice, cooked, braised",SR Legacy
"Beef, round, top round, separable lean and fat, trimmed to 1/8"" fat, choice, cooked, pan-fried",SR Legacy
"Beef, round, top round, separable lean and fat, trimmed to 1/8"" fat, prime, raw",SR Legacy
"Beef, round, top round, separable lean and fat, trimmed to 1/8"" fat, select, cooked, braised",SR Legacy
"Beef, round, top round, separable lean only, trimmed to 0"" fat, choice, cooked, braised",SR Legacy
"Beef, round, top round, separable lean only, trimmed to 0"" fat, select, cooked, braised",SR Legacy
"Beef, round, top round, separable lean only, trimmed to 1/8"" fat, choice, cooked, pan-fried",SR Legacy
"Beef, round, top round, steak, separable lean and fat, trimmed to 1/8"" fat, all grades, raw",SR Legacy
"Beef, round, top round, steak, separable lean and fat, trimmed to 1/8"" fat, choice, cooked, broiled",SR Legacy
"Beef, round, top round, steak, separable lean and fat, trimmed to 1/8"" fat, choice, raw",SR Legacy
"Beef, round, top round, steak, separable lean and fat, trimmed to 1/8"" fat, prime, cooked, broiled",SR Legacy
"Beef, round, top round, steak, separable lean and fat, trimmed to 1/8"" fat, select, cooked, broiled",SR Legacy
"Beef, round, top round, steak, separable lean and fat, trimmed to 1/8"" fat, select, raw",SR Legacy
"Beef, round, top round, steak, separable lean only, trimmed to 1/8"" fat, all grades, cooked, broiled",SR Legacy
"Beef, round, top round, steak, separable lean only, trimmed to 1/8"" fat, all grades, raw",SR Legacy
"Beef, round, top round, steak, separable lean only, trimmed to 1/8"" fat, choice, cooked, broiled",SR Legacy
"Beef, round, top round, steak, separable lean only, trimmed to 1/8"" fat, choice, raw",SR Legacy
"Beef, round, top round, steak, separable lean only, trimmed to 1/8"" fat, select, cooked, broiled",SR Legacy
"Beef, round, top round, steak, separable lean only, trimmed to 1/8"" fat, select, raw",SR Legacy
"Beef, sandwich steak",Survey (FNDDS)
"Beef, sandwich steaks, flaked, chopped, formed and thinly sliced, raw",SR Legacy
"Beef, shank crosscuts, separable lean only, trimmed to 1/4"" fat, choice, cooked, simmered",SR Legacy
"Beef, shank crosscuts, separable lean only, trimmed to 1/4"" fat, choice, raw",SR Legacy
"Beef, short loin (NY strip steak), raw",Foundation
"Beef, short loin, porterhouse steak, separable lean and fat, trimmed to 0"" fat, all grades, cooked, broiled",SR Legacy
"Beef, short loin, porterhouse steak, separable lean and fat, trimmed to 0"" fat, USDA choice, cooked, broiled",SR Legacy
"Beef, short loin, porterhouse steak, separable lean and fat, trimmed to 0"" fat, USDA select, cooked, broiled",SR Legacy
"Beef, short loin, porterhouse steak, separable lean and fat, trimmed to 1/8"" fat, all grades, cooked, grilled",SR Legacy
"Beef, short loin, porterhouse steak, separable lean and fat, trimmed to 1/8"" fat, all grades, raw",SR Legacy
"Beef, short loin, porterhouse steak, separable lean and fat, trimmed to 1/8"" fat, choice, cooked, grilled",SR Legacy
"Beef, short loin, porterhouse steak, separable lean and fat, trimmed to 1/8"" fat, choice, raw",SR Legacy
"Beef, short loin, porterhouse steak, separable lean and fat, trimmed to 1/8"" fat, select, cooked, grilled",SR Legacy
"Beef, short loin, porterhouse steak, separable lean and fat, trimmed to 1/8"" fat, select, raw",SR Legacy
"Beef, short loin, porterhouse steak, separable lean only,  trimmed to 1/8"" fat, all grades, cooked, grilled",SR Legacy
"Beef, short loin, porterhouse steak, separable lean only, trimmed to 0"" fat, all grades, cooked, broiled",SR Legacy
"Beef, short loin, porterhouse steak, separable lean only, trimmed to 0"" fat, choice, cooked, broiled",SR Legacy
"Beef, short loin, porterhouse steak, separable lean only, trimmed to 0"" fat, select, cooked, broiled",SR Legacy
"Beef, short loin, porterhouse steak, separable lean only, trimmed to 1/8"" fat, all grades, raw",SR Legacy
"Beef, short loin, porterhouse steak, separable lean only, trimmed to 1/8"" fat, choice, cooked, grilled",SR Legacy
"Beef, short loin, porterhouse steak, separable lean only, trimmed to 1/8"" fat, choice, raw",SR Legacy
"Beef, short loin, porterhouse steak, separable lean only, trimmed to 1/8"" fat, select, cooked, grilled",SR Legacy
"Beef, short loin, porterhouse steak, separable lean only, trimmed to 1/8"" fat, select, raw",SR Legacy
"Beef, short loin, porterhouse steak, separable lean only, trimmed to 1/8"" fat, select, raw",Foundation
"Beef, short loin, t-bone steak, bone-in, separable lean only, trimmed to 1/8"" fat, all grades, cooked, grilled",SR Legacy
"Beef, short loin, t-bone steak, bone-in, separable lean only, trimmed to 1/8"" fat, all grades, raw",SR Legacy
"Beef, short loin, t-bone steak, bone-in, separable lean only, trimmed to 1/8"" fat, choice, cooked, grilled",SR Legacy
"Beef, short loin, t-bone steak, bone-in, separable lean only, trimmed to 1/8"" fat, choice, cooked, grilled",Foundation
"Beef, short loin, t-bone steak, bone-in, separable lean only, trimmed to 1/8"" fat, choice, raw",SR Legacy
"Beef, short loin, t-bone steak, bone-in, separable lean only, trimmed to 1/8"" fat, select, cooked, grilled",SR Legacy
"Beef, short loin, t-bone steak, bone-in, separable lean only, trimmed to 1/8"" fat, select, raw",SR Legacy
"Beef, short loin, t-bone steak, separable lean and fat, trimmed to 0"" fat, all grades, cooked, broiled",SR Legacy
"Beef, short loin, t-bone steak, separable lean and fat, trimmed to 0"" fat, USDA choice, cooked, broiled",SR Legacy
"Beef, short loin, t-bone steak, separable lean and fat, trimmed to 0"" fat, USDA select, cooked, broiled",SR Legacy
"Beef, short loin, t-bone steak, separable lean and fat, trimmed to 1/8"" fat, all grades, cooked, grilled",SR Legacy
"Beef, short loin, t-bone steak, separable lean and fat, trimmed to 1/8"" fat, all grades, raw",SR Legacy
"Beef, short loin, t-bone steak, separable lean and fat, trimmed to 1/8"" fat, choice, cooked, grilled",SR Legacy
"Beef, short loin, t-bone steak, separable lean and fat, trimmed to 1/8"" fat, choice, raw",SR Legacy
"Beef, short loin, t-bone steak, separable lean and fat, trimmed to 1/8"" fat, select, cooked, grilled",SR Legacy
"Beef, short loin, t-bone steak, separable lean and fat, trimmed to 1/8"" fat, select, raw",SR Legacy
"Beef, short loin, t-bone steak, separable lean only, trimmed to 0"" fat, choice, cooked, broiled",SR Legacy
"Beef, short loin, t-bone steak, separable lean only, trimmed to 0"" fat, select, cooked, broiled",SR Legacy
"Beef, short loin, top loin steak, separable lean only, trimmed to 1/8"" fat, all grades, raw",SR Legacy
"Beef, short loin, top loin, separable lean and fat, trimmed to 1/8"" fat, prime, cooked, broiled",SR Legacy
"Beef, short loin, top loin, steak, separable lean and fat, trimmed to 1/8"" fat, all grades, raw",SR Legacy
"Beef, short loin, top loin, steak, separable lean and fat, trimmed to 1/8"" fat, choice, cooked, grilled",SR Legacy
"Beef, short loin, top loin, steak, separable lean and fat, trimmed to 1/8"" fat, prime, raw",SR Legacy
"Beef, short loin, top loin, steak, separable lean only, trimmed to 1/8"" fat, all grades, cooked, broiled",SR Legacy
"Beef, short loin, top loin, steak, separable lean only, trimmed to 1/8"" fat, choice, cooked, broiled",SR Legacy
"Beef, short loin, top loin, steak, separable lean only, trimmed to 1/8"" fat, choice, raw",SR Legacy
"Beef, short loin, top loin, steak, separable lean only, trimmed to 1/8"" fat, select, cooked, grilled",SR Legacy
"Beef, short loin, top loin, steak, separable lean only, trimmed to 1/8"" fat, select, raw",SR Legacy
"Beef, shortribs",Survey (FNDDS)
"Beef, shoulder pot roast or steak, boneless, separable lean and fat, trimmed to 0"" fat, all grades, raw",SR Legacy
"Beef, shoulder pot roast or steak, boneless, separable lean and fat, trimmed to 0"" fat, choice, raw",SR Legacy
"Beef, shoulder pot roast or steak, boneless, separable lean and fat, trimmed to 0"" fat, select, raw",SR Legacy
"Beef, shoulder pot roast or steak, boneless, separable lean only, trimmed to 0"" fat, all grades, raw",SR Legacy
"Beef, shoulder pot roast or steak, boneless, separable lean only, trimmed to 0"" fat, choice, raw",SR Legacy
"Beef, shoulder pot roast or steak, boneless, separable lean only, trimmed to 0"" fat, select, raw",SR Legacy
"Beef, shoulder pot roast, boneless, separable lean and fat, trimmed to 0"" fat, all grades, cooked, braised",SR Legacy
"Beef, shoulder pot roast, boneless, separable lean and fat, trimmed to 0"" fat, choice, cooked, braised",SR Legacy
"Beef, shoulder pot roast, boneless, separable lean and fat, trimmed to 0"" fat, select, cooked, braised",SR Legacy
"Beef, shoulder pot roast, boneless, separable lean only, trimmed to 0"" fat, all grades, cooked, braised",SR Legacy
"Beef, shoulder pot roast, boneless, separable lean only, trimmed to 0"" fat, choice, cooked, braised",SR Legacy
"Beef, shoulder pot roast, boneless, separable lean only, trimmed to 0"" fat, select, cooked, braised",SR Legacy
"Beef, shoulder steak, boneless, separable lean and fat, trimmed to 0"" fat, all grades, cooked, grilled",SR Legacy
"Beef, shoulder steak, boneless, separable lean and fat, trimmed to 0"" fat, choice, cooked, grilled",SR Legacy
"Beef, shoulder steak, boneless, separable lean and fat, trimmed to 0"" fat, select, cooked, grilled",SR Legacy
"Beef, shoulder steak, boneless, separable lean only, trimmed to 0"" fat, all grades, cooked, grilled",SR Legacy
"Beef, shoulder steak, boneless, separable lean only, trimmed to 0"" fat, choice, cooked, grilled",SR Legacy
"Beef, shoulder steak, boneless, separable lean only, trimmed to 0"" fat, select, cooked, grilled",SR Legacy
"Beef, shoulder top blade steak, boneless, separable lean and fat, trimmed to 0"" fat, all grades, cooked, grilled",SR Legacy
"Beef, shoulder top blade steak, boneless, separable lean and fat, trimmed to 0"" fat, all grades, raw",SR Legacy
"Beef, shoulder top blade steak, boneless, separable lean and fat, trimmed to 0"" fat, choice, cooked, grilled",SR Legacy
"Beef, shoulder top blade steak, boneless, separable lean and fat, trimmed to 0"" fat, choice, raw",SR Legacy
"Beef, shoulder top blade steak, boneless, separable lean and fat, trimmed to 0"" fat, select, cooked, grilled",SR Legacy
"Beef, shoulder top blade steak, boneless, separable lean and fat, trimmed to 0"" fat, select, raw",SR Legacy
"Beef, shoulder top blade steak, boneless, separable lean only, trimmed to 0"" fat, all grades, cooked, grilled",SR Legacy
"Beef, shoulder top blade steak, boneless, separable lean only, trimmed to 0"" fat, all grades, raw",SR Legacy
"Beef, shoulder top blade steak, boneless, separable lean only, trimmed to 0"" fat, choice, cooked, grilled",SR Legacy
"Beef, shoulder top blade steak, boneless, separable lean only, trimmed to 0"" fat, choice, raw",SR Legacy
"Beef, shoulder top blade steak, boneless, separable lean only, trimmed to 0"" fat, select, cooked, grilled",SR Legacy
"Beef, shoulder top blade steak, boneless, separable lean only, trimmed to 0"" fat, select, raw",SR Legacy
"Beef, sliced, with gravy, potatoes, vegetable, frozen meal",Survey (FNDDS)
"Beef, steak, chuck",Survey (FNDDS)
"Beef, steak, country fried",Survey (FNDDS)
"Beef, steak, cube",Survey (FNDDS)
"Beef, steak, flank",Survey (FNDDS)
"Beef, steak, NFS",Survey (FNDDS)
"Beef, steak, ribeye, lean and fat eaten",Survey (FNDDS)
"Beef, steak, ribeye, lean only eaten",Survey (FNDDS)
"Beef, steak, ribeye, NS as to fat eaten",Survey (FNDDS)
"Beef, steak, round",Survey (FNDDS)
"Beef, steak, sirloin, lean and fat eaten",Survey (FNDDS)
"Beef, steak, sirloin, lean only eaten",Survey (FNDDS)
"Beef, steak, sirloin, NS as to fat eaten",Survey (FNDDS)
"Beef, steak, strip, lean and fat eaten",Survey (FNDDS)
"Beef, steak, strip, lean only eaten",Survey (FNDDS)
"Beef, steak, strip, NS as to fat eaten",Survey (FNDDS)
"Beef, steak, T-bone,  lean and fat eaten",Survey (FNDDS)
"Beef, steak, T-bone, lean only eaten",Survey (FNDDS)
"Beef, steak, T-bone, NS as to fat eaten",Survey (FNDDS)
"Beef, steak, tenderloin",Survey (FNDDS)
"Beef, stew meat",Survey (FNDDS)
"Beef, tenderloin, roast, separable lean and fat, trimmed to 1/8"" fat, all grades, cooked, roasted",SR Legacy
"Beef, tenderloin, roast, separable lean and fat, trimmed to 1/8"" fat, choice, cooked, roasted",SR Legacy
"Beef, tenderloin, roast, separable lean and fat, trimmed to 1/8"" fat, prime, cooked, roasted",SR Legacy
"Beef, tenderloin, roast, separable lean and fat, trimmed to 1/8"" fat, select, cooked, roasted",SR Legacy
"Beef, tenderloin, separable lean and fat, trimmed to 1/8"" fat, prime, raw",SR Legacy
"Beef, tenderloin, steak, separable lean and fat, trimmed to 1/8"" fat, all grades, cooked, broiled",SR Legacy
"Beef, tenderloin, steak, separable lean and fat, trimmed to 1/8"" fat, all grades, raw",SR Legacy
"Beef, tenderloin, steak, separable lean and fat, trimmed to 1/8"" fat, choice, cooked, broiled",SR Legacy
"Beef, tenderloin, steak, separable lean and fat, trimmed to 1/8"" fat, choice, raw",SR Legacy
"Beef, tenderloin, steak, separable lean and fat, trimmed to 1/8"" fat, prime, cooked, broiled",SR Legacy
"Beef, tenderloin, steak, separable lean and fat, trimmed to 1/8"" fat, select, cooked, broiled",SR Legacy
"Beef, tenderloin, steak, separable lean and fat, trimmed to 1/8"" fat, select, raw",SR Legacy
"Beef, tenderloin, steak, separable lean only, trimmed to 1/8"" fat, all grades, cooked, broiled",SR Legacy
"Beef, tenderloin, steak, separable lean only, trimmed to 1/8"" fat, all grades, raw",SR Legacy
"Beef, tenderloin, steak, separable lean only, trimmed to 1/8"" fat, choice, cooked, broiled",SR Legacy
"Beef, tenderloin, steak, separable lean only, trimmed to 1/8"" fat, choice, raw",SR Legacy
"Beef, tenderloin, steak, separable lean only, trimmed to 1/8"" fat, select, cooked, broiled",SR Legacy
"Beef, tenderloin, steak, separable lean only, trimmed to 1/8"" fat, select, raw",SR Legacy
"Beef, tofu, and vegetables excluding carrots, broccoli,  and dark-green leafy; no potatoes, soy-based sauce",Survey (FNDDS)
"Beef, tofu, and vegetables including carrots, broccoli, and/or dark-green leafy; no potatoes, soy-based sauce",Survey (FNDDS)
"Beef, top loin filet, boneless, separable lean and fat, trimmed to 1/8"" fat, all grades, cooked, grilled",SR Legacy
"Beef, top loin filet, boneless, separable lean and fat, trimmed to 1/8"" fat, choice, cooked, grilled",SR Legacy
"Beef, top loin filet, boneless, separable lean and fat, trimmed to 1/8"" fat, select, cooked, grilled",SR Legacy
"Beef, top loin filet, boneless, separable lean only, trimmed to 1/8"" fat, all grades, cooked, grilled",SR Legacy
"Beef, top loin filet, boneless, separable lean only, trimmed to 1/8"" fat, choice, cooked, grilled",SR Legacy
"Beef, top loin filet, boneless, separable lean only, trimmed to 1/8"" fat, select, cooked, grilled",SR Legacy
"Beef, top loin petite roast, boneless, separable lean and fat, trimmed to 1/8"" fat, all grades, cooked, roasted",SR Legacy
"Beef, top loin petite roast, boneless, separable lean and fat, trimmed to 1/8"" fat, choice, cooked, roasted",SR Legacy
"Beef, top loin petite roast, boneless, separable lean and fat, trimmed to 1/8"" fat, select, cooked, roasted",SR Legacy
"Beef, top loin petite roast, boneless, separable lean only, trimmed to 1/8"" fat, all grades, cooked, roasted",SR Legacy
"Beef, top loin petite roast, boneless, separable lean only, trimmed to 1/8"" fat, choice, cooked, roasted",SR Legacy
"Beef, top loin petite roast, boneless, separable lean only, trimmed to 1/8"" fat, select, cooked, roasted",SR Legacy
"Beef, top loin petite roast/filet, boneless, separable lean and fat, trimmed to 1/8"" fat, all grades, raw",SR Legacy
"Beef, top loin petite roast/filet, boneless, separable lean and fat, trimmed to 1/8"" fat, choice, raw",SR Legacy
"Beef, top loin petite roast/filet, boneless, separable lean and fat, trimmed to 1/8"" fat, select, raw",SR Legacy
"Beef, top loin petite roast/filet, boneless, separable lean only, trimmed to 1/8"" fat, all grades, raw",SR Legacy
"Beef, top loin petite roast/filet, boneless, separable lean only, trimmed to 1/8"" fat, choice, raw",SR Legacy
"Beef, top loin petite roast/filet, boneless, separable lean only, trimmed to 1/8"" fat, select, raw",SR Legacy
"Beef, top sirloin steak, raw",Foundation
"Beef, top sirloin, steak, separable lean and fat, trimmed to 0"" fat, all grades, cooked, broiled",SR Legacy
"Beef, top sirloin, steak, separable lean and fat, trimmed to 0"" fat, choice, cooked, broiled",SR Legacy
"Beef, top sirloin, steak, separable lean and fat, trimmed to 0"" fat, select, cooked, broiled",SR Legacy
"Beef, top sirloin, steak, separable lean and fat, trimmed to 1/8"" fat, all grades, cooked, broiled",SR Legacy
"Beef, top sirloin, steak, separable lean and fat, trimmed to 1/8"" fat, all grades, raw",SR Legacy
"Beef, top sirloin, steak, separable lean and fat, trimmed to 1/8"" fat, choice, cooked, broiled",SR Legacy
"Beef, top sirloin, steak, separable lean and fat, trimmed to 1/8"" fat, choice, cooked, pan-fried",SR Legacy
"Beef, top sirloin, steak, separable lean and fat, trimmed to 1/8"" fat, choice, raw",SR Legacy
"Beef, top sirloin, steak, separable lean and fat, trimmed to 1/8"" fat, select, cooked, broiled",SR Legacy
"Beef, top sirloin, steak, separable lean and fat, trimmed to 1/8"" fat, select, raw",SR Legacy
"Beef, top sirloin, steak, separable lean only, trimmed to 0"" fat, all grades, cooked, broiled",SR Legacy
"Beef, top sirloin, steak, separable lean only, trimmed to 0"" fat, choice, cooked, broiled",SR Legacy
"Beef, top sirloin, steak, separable lean only, trimmed to 0"" fat, select, cooked, broiled",SR Legacy
"Beef, top sirloin, steak, separable lean only, trimmed to 1/8"" fat, all grades, cooked, broiled",SR Legacy
"Beef, top sirloin, steak, separable lean only, trimmed to 1/8"" fat, all grades, raw",SR Legacy
"Beef, top sirloin, steak, separable lean only, trimmed to 1/8"" fat, choice, cooked, broiled",SR Legacy
"Beef, top sirloin, steak, separable lean only, trimmed to 1/8"" fat, choice, raw",SR Legacy
"Beef, top sirloin, steak, separable lean only, trimmed to 1/8"" fat, select, cooked, broiled",SR Legacy
"Beef, top sirloin, steak, separable lean only, trimmed to 1/8"" fat, select, raw",SR Legacy
"Beef, variety meats and by-products, brain, cooked, pan-fried",SR Legacy
"Beef, variety meats and by-products, brain, cooked, simmered",SR Legacy
"Beef, variety meats and by-products, brain, raw",SR Legacy
"Beef, variety meats and by-products, heart, cooked, simmered",SR Legacy
"Beef, variety meats and by-products, heart, raw",SR Legacy
"Beef, variety meats and by-products, kidneys, cooked, simmered",SR Legacy
"Beef, variety meats and by-products, kidneys, raw",SR Legacy
"Beef, variety meats and by-products, liver, cooked, braised",SR Legacy
"Beef, variety meats and by-products, liver, cooked, pan-fried",SR Legacy
"Beef, variety meats and by-products, liver, raw",SR Legacy
"Beef, variety meats and by-products, lungs, cooked, braised",SR Legacy
"Beef, variety meats and by-products, lungs, raw",SR Legacy
"Beef, variety meats and by-products, mechanically separated beef, raw",SR Legacy
"Beef, variety meats and by-products, pancreas, cooked, braised",SR Legacy
"Beef, variety meats and by-products, pancreas, raw",SR Legacy
"Beef, variety meats and by-products, spleen, cooked, braised",SR Legacy
"Beef, variety meats and by-products, spleen, raw",SR Legacy
"Beef, variety meats and by-products, suet, raw",SR Legacy
"Beef, variety meats and by-products, thymus, cooked, braised",SR Legacy
"Beef, variety meats and by-products, thymus, raw",SR Legacy
"Beef, variety meats and by-products, tongue, cooked, simmered",SR Legacy
"Beef, variety meats and by-products, tongue, raw",SR Legacy
"Beef, variety meats and by-products, tripe, cooked, simmered",SR Legacy
"Beef, variety meats and by-products, tripe, raw",SR Legacy
"Beef, tenderloin steak, raw",Foundation
Beer,Survey (FNDDS)
"Beer, higher alcohol",Survey (FNDDS)
"Beer, light",Survey (FNDDS)
"Beer, nonalcoholic",Survey (FNDDS)
"Beerwurst, beer salami, pork",SR Legacy
"Beerwurst, beer salami, pork and beef",SR Legacy
"Beerwurst, pork and beef",SR Legacy
"Beet greens, cooked",Survey (FNDDS)
"Beet greens, cooked, boiled, drained, with salt",SR Legacy
"Beet greens, cooked, boiled, drained, without salt",SR Legacy
"Beet greens, raw",Survey (FNDDS)
"Beet greens, raw",SR Legacy
Beet juice,Survey (FNDDS)
"Beets, canned, cooked, fat added",Survey (FNDDS)
"Beets, canned, cooked, no added fat",Survey (FNDDS)
"Beets, canned, drained solids",SR Legacy
"Beets, canned, no salt added, solids and liquids",SR Legacy
"Beets, canned, reduced sodium, cooked",Survey (FNDDS)
"Beets, canned, regular pack, solids and liquids",SR Legacy
"Beets, cooked, boiled, drained",SR Legacy
"Beets, cooked, boiled. drained, with salt",SR Legacy
"Beets, fresh, cooked, fat added",Survey (FNDDS)
"Beets, fresh, cooked, no added fat",Survey (FNDDS)
"Beets, harvard, canned, solids and liquids",SR Legacy
"Beets, NS as to form, cooked",Survey (FNDDS)
"Beets, pickled",Survey (FNDDS)
"Beets, pickled, canned, solids and liquids",SR Legacy
"Beets, raw",Foundation
"Beets, raw",Survey (FNDDS)
"Beets, raw",SR Legacy
Beignet,Survey (FNDDS)
"Berries, frozen",Survey (FNDDS)
"Berries, NFS",Survey (FNDDS)
"Beverage, instant breakfast powder, chocolate, not reconstituted",SR Legacy
"Beverage, instant breakfast powder, chocolate, sugar-free, not reconstituted",SR Legacy
"Beverages,  Energy drink, Citrus",SR Legacy
"Beverages, ABBOTT, EAS soy protein powder",SR Legacy
"Beverages, ABBOTT, EAS whey protein powder",SR Legacy
"Beverages, ABBOTT, ENSURE PLUS, ready-to-drink",SR Legacy
"Beverages, ABBOTT, ENSURE, Nutritional Shake, Ready-to-Drink",SR Legacy
"Beverages, Acai berry drink, fortified",SR Legacy
"Beverages, almond milk, chocolate, ready-to-drink",SR Legacy
"Beverages, almond milk, sweetened, vanilla flavor, ready-to-drink",SR Legacy
"Beverages, almond milk, unsweetened, shelf stable",SR Legacy
"Beverages, aloe vera juice drink, fortified with Vitamin C",SR Legacy
"Beverages, AMBER, hard cider",SR Legacy
"Beverages, Apple juice drink, light, fortified with vitamin C",SR Legacy
"Beverages, ARIZONA, tea, ready-to-drink, lemon",SR Legacy
"Beverages, carbonated, club soda",SR Legacy
"Beverages, carbonated, cola, fast-food cola",SR Legacy
"Beverages, carbonated, cola, regular",SR Legacy
"Beverages, carbonated, cola, without caffeine",SR Legacy
"Beverages, carbonated, ginger ale",SR Legacy
"Beverages, carbonated, grape soda",SR Legacy
"Beverages, carbonated, lemon-lime soda, no caffeine",SR Legacy
"Beverages, carbonated, limeade, high caffeine",SR Legacy
"Beverages, carbonated, low calorie, cola or pepper-type, with aspartame, contains caffeine",SR Legacy
"Beverages, carbonated, low calorie, cola or pepper-type, with aspartame, without caffeine",SR Legacy
"Beverages, carbonated, low calorie, cola or pepper-types, with sodium saccharin, contains caffeine",SR Legacy
"Beverages, carbonated, low calorie, other than cola or pepper,  without caffeine",SR Legacy
"Beverages, carbonated, low calorie, other than cola or pepper, with aspartame, contains caffeine",SR Legacy
"Beverages, carbonated, orange",SR Legacy
"Beverages, carbonated, pepper-type, contains caffeine",SR Legacy
"Beverages, carbonated, reduced sugar, cola, contains caffeine and sweeteners",SR Legacy
"Beverages, carbonated, root beer",SR Legacy
"Beverages, carbonated, SPRITE, lemon-lime, without caffeine",SR Legacy
"Beverages, carbonated, tonic water",SR Legacy
"Beverages, Carob-flavor beverage mix, powder",SR Legacy
"Beverages, Carob-flavor beverage mix, powder, prepared with whole milk",SR Legacy
"Beverages, chocolate almond milk, unsweetened, shelf-stable, fortified with vitamin D2 and E",SR Legacy
"Beverages, chocolate drink, milk and soy based, ready to drink, fortified",SR Legacy
"Beverages, chocolate malt powder, prepared with 1% milk, fortified",SR Legacy
"Beverages, chocolate malt, powder, prepared with fat free milk",SR Legacy
"Beverages, chocolate powder, no sugar added",SR Legacy
"Beverages, chocolate syrup",SR Legacy
"Beverages, chocolate syrup, prepared with whole milk",SR Legacy
"Beverages, chocolate-flavor beverage mix for milk, powder, with added nutrients",SR Legacy
"Beverages, chocolate-flavor beverage mix for milk, powder, with added nutrients, prepared with whole milk",SR Legacy
"Beverages, chocolate-flavor beverage mix, powder, prepared with whole milk",SR Legacy
"Beverages, Chocolate-flavored drink, whey and milk based",SR Legacy
"Beverages, citrus fruit juice drink, frozen concentrate",SR Legacy
"Beverages, citrus fruit juice drink, frozen concentrate, prepared with water",SR Legacy
"Beverages, Clam and tomato juice, canned",SR Legacy
"Beverages, COCA-COLA, POWERADE, lemon-lime flavored, ready-to-drink",SR Legacy
"Beverages, Cocktail mix, non-alcoholic, concentrated, frozen",SR Legacy
"Beverages, Cocoa mix, low calorie, powder, with added calcium, phosphorus, aspartame, without added sodium or vitamin A",SR Legacy
"Beverages, Cocoa mix, NESTLE, Hot Cocoa Mix Rich Chocolate With Marshmallows",SR Legacy
"Beverages, Cocoa mix, no sugar added, powder",SR Legacy
"Beverages, Cocoa mix, powder",SR Legacy
"Beverages, Cocoa mix, powder, prepared with water",SR Legacy
"Beverages, cocoa mix, with aspartame, powder, prepared with water",SR Legacy
"Beverages, coconut milk, sweetened, fortified with calcium, vitamins A, B12, D2",SR Legacy
"Beverages, Coconut water, ready-to-drink, unsweetened",SR Legacy
"Beverages, coffee and cocoa, instant, decaffeinated, with whitener and low calorie sweetener",SR Legacy
"Beverages, coffee substitute, cereal grain beverage, powder",SR Legacy
"Beverages, coffee substitute, cereal grain beverage, powder, prepared with whole milk",SR Legacy
"Beverages, coffee substitute, cereal grain beverage, prepared with water",SR Legacy
"Beverages, coffee, brewed, breakfast blend",SR Legacy
"Beverages, coffee, brewed, espresso, restaurant-prepared",SR Legacy
"Beverages, coffee, brewed, espresso, restaurant-prepared, decaffeinated",SR Legacy
"Beverages, coffee, brewed, prepared with tap water",SR Legacy
"Beverages, coffee, brewed, prepared with tap water, decaffeinated",SR Legacy
"Beverages, coffee, instant, chicory",SR Legacy
"Beverages, coffee, instant, decaffeinated, powder",SR Legacy
"Beverages, coffee, instant, decaffeinated, prepared with water",SR Legacy
"Beverages, coffee, instant, mocha, sweetened",SR Legacy
"Beverages, coffee, instant, regular, half the caffeine",SR Legacy
"Beverages, coffee, instant, regular, powder",SR Legacy
"Beverages, coffee, instant, regular, prepared with water",SR Legacy
"Beverages, coffee, instant, vanilla, sweetened, decaffeinated, with non dairy creamer",SR Legacy
"Beverages, coffee, instant, with chicory",SR Legacy
"Beverages, coffee, instant, with whitener, reduced calorie",SR Legacy
"Beverages, coffee, ready to drink, iced, mocha, milk based",SR Legacy
"Beverages, coffee, ready to drink, milk based, sweetened",SR Legacy
"Beverages, coffee, ready to drink, vanilla, light, milk based, sweetened",SR Legacy
"Beverages, Cranberry juice cocktail",SR Legacy
"Beverages, cranberry-apple juice drink, bottled",SR Legacy
"Beverages, cranberry-apple juice drink, low calorie, with vitamin C added",SR Legacy
"Beverages, cranberry-apricot juice drink, bottled",SR Legacy
"Beverages, cranberry-grape juice drink, bottled",SR Legacy
"Beverages, CYTOSPORT, Muscle Milk, ready-to-drink",SR Legacy
"Beverages, dairy drink mix, chocolate, reduced calorie, with aspartame, powder, prepared with water and ice",SR Legacy
"Beverages, Dairy drink mix, chocolate, reduced calorie, with low-calorie sweeteners, powder",SR Legacy
"Beverages, DANNON, water, bottled, non-carbonated, with Fluoride",SR Legacy
"Beverages, drink mix, QUAKER OATS, GATORADE, orange flavor, powder",SR Legacy
"Beverages, Eggnog-flavor mix, powder, prepared with whole milk",SR Legacy
"Beverages, Energy Drink with carbonated water and high fructose corn syrup",SR Legacy
"Beverages, Energy drink, AMP",SR Legacy
"Beverages, Energy drink, AMP, sugar free",SR Legacy
"Beverages, Energy drink, FULL THROTTLE",SR Legacy
"Beverages, Energy Drink, Monster, fortified with vitamins C, B2, B3, B6, B12",SR Legacy
"Beverages, Energy drink, RED BULL",SR Legacy
"Beverages, Energy drink, RED BULL, sugar free, with added caffeine, niacin, pantothenic acid, vitamins B6 and B12",SR Legacy
"Beverages, Energy drink, ROCKSTAR",SR Legacy
"Beverages, Energy drink, ROCKSTAR, sugar free",SR Legacy
"Beverages, Energy Drink, sugar free",SR Legacy
"Beverages, Energy drink, VAULT Zero, sugar-free, citrus flavor",SR Legacy
"Beverages, Energy drink, VAULT, citrus flavor",SR Legacy
"Beverages, Fruit flavored drink containing less than 3% fruit juice, with high vitamin C",SR Legacy
"Beverages, Fruit flavored drink, less than 3% juice, not fortified with vitamin C",SR Legacy
"Beverages, Fruit flavored drink, reduced sugar, greater than 3% fruit juice, high vitamin C, added calcium",SR Legacy
"Beverages, fruit juice drink, greater than 3% fruit juice, high vitamin C and added thiamin",SR Legacy
"Beverages, fruit juice drink, greater than 3% juice, high vitamin C",SR Legacy
"Beverages, fruit juice drink, reduced sugar, with vitamin E added",SR Legacy
"Beverages, Fruit punch drink, frozen concentrate",SR Legacy
"Beverages, Fruit punch drink, frozen concentrate, prepared with water",SR Legacy
"Beverages, Fruit punch drink, with added nutrients, canned",SR Legacy
"Beverages, fruit punch drink, without added nutrients, canned",SR Legacy
"Beverages, fruit punch juice drink, frozen concentrate",SR Legacy
"Beverages, fruit punch juice drink, frozen concentrate, prepared with water",SR Legacy
"Beverages, fruit punch-flavor drink, powder, without added sodium, prepared with water",SR Legacy
"Beverages, fruit-flavored drink, dry powdered mix, low calorie, with aspartame",SR Legacy
"Beverages, fruit-flavored drink, powder, with high vitamin C with other added vitamins, low calorie",SR Legacy
"Beverages, FUZE, orange mango, fortified with vitamins A, C, E, B6",SR Legacy
"Beverages, GEROLSTEINER BRUNNEN GmbH & Co. KG (Gerolsteiner), naturally sparkling, mineral bottled water",SR Legacy
"Beverages, GEROLSTEINER BRUNNEN GmbH & Co. KG,Gerolsteiner naturally sparkling mineral water,",SR Legacy
"Beverages, grape drink, canned",SR Legacy
"Beverages, grape juice drink, canned",SR Legacy
"Beverages, Horchata, as served in restaurant",SR Legacy
"Beverages, Kiwi Strawberry Juice Drink",SR Legacy
"Beverages, KRAFT, coffee, instant, French Vanilla Cafe",SR Legacy
"Beverages, Lemonade fruit juice drink light, fortified with vitamin E and C",SR Legacy
"Beverages, lemonade, frozen concentrate, pink, prepared with water",SR Legacy
"Beverages, Lemonade, powder",SR Legacy
"Beverages, lemonade-flavor drink, powder",SR Legacy
"Beverages, lemonade-flavor drink, powder, prepared with water",SR Legacy
"Beverages, LIPTON BRISK, tea, black, ready-to-drink, lemon",SR Legacy
"Beverages, Malt liquor beverage",SR Legacy
"Beverages, malted drink mix, chocolate, powder",SR Legacy
"Beverages, Malted drink mix, chocolate, powder, prepared with whole milk",SR Legacy
"Beverages, Malted drink mix, chocolate, with added nutrients, powder, prepared with whole milk",SR Legacy
"Beverages, Malted drink mix, natural, powder, dairy based.",SR Legacy
"Beverages, Malted drink mix, natural, powder, prepared with whole milk",SR Legacy
"Beverages, Malted drink mix, natural, with added nutrients, powder, prepared with whole milk",SR Legacy
"Beverages, Meal supplement drink, canned, peanut flavor",SR Legacy
"Beverages, milk beverage, reduced fat, flavored and sweetened, Ready-to-drink,  added calcium, vitamin A and vitamin D",SR Legacy
"Beverages, MINUTE MAID, Lemonada, Limeade",SR Legacy
"Beverages, Mixed vegetable and fruit juice drink, with added nutrients",SR Legacy
"Beverages, MONSTER energy drink, low carb",SR Legacy
"Beverages, MOTTS, Apple juice light, fortified with vitamin C",SR Legacy
"Beverages, NESTEA, tea, black, ready-to-drink, lemon",SR Legacy
"Beverages, NESTLE, Boost plus, nutritional drink, ready-to-drink",SR Legacy
"Beverages, nutritional shake mix, high protein, powder",SR Legacy
"Beverages, OCEAN SPRAY, Cran Cherry",SR Legacy
"Beverages, OCEAN SPRAY, Cran Grape",SR Legacy
"Beverages, OCEAN SPRAY, Cran Lemonade",SR Legacy
"Beverages, OCEAN SPRAY, Cran Pomegranate",SR Legacy
"Beverages, OCEAN SPRAY, Cran Raspberry Juice Drink",SR Legacy
"Beverages, OCEAN SPRAY, Cran-Energy, Cranberry Energy Juice Drink",SR Legacy
"Beverages, OCEAN SPRAY, Cranberry-Apple Juice Drink, bottled",SR Legacy
"Beverages, OCEAN SPRAY, Diet Cran Cherry",SR Legacy
"Beverages, OCEAN SPRAY, Diet Cranberry Juice",SR Legacy
"Beverages, OCEAN SPRAY, Light Cranberry",SR Legacy
"Beverages, OCEAN SPRAY, Light Cranberry and Raspberry Flavored Juice",SR Legacy
"Beverages, OCEAN SPRAY, Light Cranberry, Concord Grape",SR Legacy
"Beverages, OCEAN SPRAY, Ruby Red cranberry",SR Legacy
"Beverages, OCEAN SPRAY, White Cranberry Peach",SR Legacy
"Beverages, OCEAN SPRAY, White Cranberry Strawberry Flavored Juice Drink",SR Legacy
"Beverages, orange and apricot juice drink, canned",SR Legacy
"Beverages, orange breakfast drink, ready-to-drink, with added nutrients",SR Legacy
"Beverages, Orange drink, breakfast type, with juice and pulp, frozen concentrate",SR Legacy
"Beverages, Orange drink, breakfast type, with juice and pulp, frozen concentrate, prepared with water",SR Legacy
"Beverages, orange drink, canned, with added vitamin C",SR Legacy
"Beverages, Orange juice drink",SR Legacy
"Beverages, Orange juice, light, No pulp",SR Legacy
"Beverages, Orange-flavor drink, breakfast type, low calorie, powder",SR Legacy
"Beverages, orange-flavor drink, breakfast type, powder",SR Legacy
"Beverages, orange-flavor drink, breakfast type, powder, prepared with water",SR Legacy
"Beverages, Orange-flavor drink, breakfast type, with pulp, frozen concentrate, prepared with water",SR Legacy
"Beverages, Orange-flavor drink, breakfast type, with pulp, frozen concentrate.",SR Legacy
"Beverages, OVALTINE, chocolate malt powder",SR Legacy
"Beverages, OVALTINE, Classic Malt powder",SR Legacy
"Beverages, PEPSICO QUAKER, Gatorade G2, low calorie",SR Legacy
"Beverages, PEPSICO QUAKER, Gatorade, G performance O 2, ready-to-drink.",SR Legacy
"Beverages, pineapple and grapefruit juice drink, canned",SR Legacy
"Beverages, pineapple and orange juice drink, canned",SR Legacy
"Beverages, Powerade Zero Ion4, calorie-free, assorted flavors",SR Legacy
"Beverages, POWERADE, Zero, Mixed Berry",SR Legacy
"Beverages, Propel Zero, fruit-flavored, non-carbonated",SR Legacy
"Beverages, Protein powder soy based",SR Legacy
"Beverages, Protein powder whey based",SR Legacy
"Beverages, rice milk, unsweetened",SR Legacy
"Beverages, rich chocolate, powder",SR Legacy
"Beverages, shake, fast food, strawberry",SR Legacy
"Beverages, SLIMFAST, Meal replacement,  High Protein Shake, Ready-To-Drink, 3-2-1 plan",SR Legacy
"Beverages, SNAPPLE, tea, black and green, ready to drink, lemon, diet",SR Legacy
"Beverages, SNAPPLE, tea, black and green, ready to drink, peach, diet",SR Legacy
"Beverages, Strawberry-flavor beverage mix, powder, prepared with whole milk",SR Legacy
"Beverages, tea, black, brewed, prepared with distilled water",SR Legacy
"Beverages, tea, black, brewed, prepared with tap water",SR Legacy
"Beverages, tea, black, brewed, prepared with tap water, decaffeinated",SR Legacy
"Beverages, tea, black, ready to drink",SR Legacy
"Beverages, tea, black, ready to drink, decaffeinated",SR Legacy
"Beverages, tea, black, ready to drink, decaffeinated, diet",SR Legacy
"Beverages, tea, black, ready-to-drink, lemon, diet",SR Legacy
"Beverages, tea, black, ready-to-drink, lemon, sweetened",SR Legacy
"Beverages, tea, black, ready-to-drink, peach, diet",SR Legacy
"Beverages, tea, green, brewed, decaffeinated",SR Legacy
"Beverages, tea, green, brewed, regular",SR Legacy
"Beverages, tea, green, instant, decaffeinated, lemon, unsweetened, fortified with vitamin C",SR Legacy
"Beverages, tea, green, ready to drink, ginseng and honey, sweetened",SR Legacy
"Beverages, tea, green, ready to drink, unsweetened",SR Legacy
"Beverages, tea, green, ready-to-drink, citrus, diet, fortified with vitamin C",SR Legacy
"Beverages, tea, green, ready-to-drink, diet",SR Legacy
"Beverages, tea, green, ready-to-drink, sweetened",SR Legacy
"Beverages, tea, herb, brewed, chamomile",SR Legacy
"Beverages, tea, herb, other than chamomile, brewed",SR Legacy
"Beverages, tea, hibiscus, brewed",SR Legacy
"Beverages, tea, instant, decaffeinated, lemon, diet",SR Legacy
"Beverages, tea, instant, decaffeinated, lemon, sweetened",SR Legacy
"Beverages, tea, instant, decaffeinated, unsweetened",SR Legacy
"Beverages, tea, instant, lemon, diet",SR Legacy
"Beverages, tea, instant, lemon, sweetened, powder",SR Legacy
"Beverages, tea, instant, lemon, sweetened, prepared with water",SR Legacy
"Beverages, tea, instant, lemon, unsweetened",SR Legacy
"Beverages, tea, instant, lemon, with added ascorbic acid",SR Legacy
"Beverages, tea, instant, sweetened with sodium saccharin, lemon-flavored, powder",SR Legacy
"Beverages, tea, instant, unsweetened, powder",SR Legacy
"Beverages, tea, instant, unsweetened, prepared with water",SR Legacy
"Beverages, tea, Oolong, brewed",SR Legacy
"Beverages, tea, ready-to-drink, lemon, diet",SR Legacy
"Beverages, The COCA-COLA company, DASANI, water, bottled, non-carbonated",SR Legacy
"Beverages, The COCA-COLA company, Glaceau Vitamin Water, Revive Fruit Punch, fortified",SR Legacy
"Beverages, The COCA-COLA company, Hi-C Flashin' Fruit Punch",SR Legacy
"Beverages, The COCA-COLA company, Minute Maid, Lemonade",SR Legacy
"Beverages, THE COCA-COLA COMPANY, NOS energy drink, Original, grape, loaded cherry, charged citrus, fortified with vitamins B6 and B12",SR Legacy
"Beverages, THE COCA-COLA COMPANY, NOS Zero, energy drink, sugar-free with guarana, fortified with vitamins B6 and B12",SR Legacy
"Beverages, Tropical Punch, ready-to-drink",SR Legacy
"Beverages, UNILEVER, SLIMFAST Shake Mix, high protein, whey powder, 3-2-1 Plan,",SR Legacy
"Beverages, UNILEVER, SLIMFAST Shake Mix, powder, 3-2-1 Plan",SR Legacy
"Beverages, UNILEVER, SLIMFAST, meal replacement, regular, ready-to-drink,  3-2-1 Plan",SR Legacy
"Beverages, V8 SPLASH Juice Drinks, Berry Blend",SR Legacy
"Beverages, V8 SPLASH Juice Drinks, Diet Berry Blend",SR Legacy
"Beverages, V8 SPLASH Juice Drinks, Diet Fruit Medley",SR Legacy
"Beverages, V8 SPLASH Juice Drinks, Diet Strawberry Kiwi",SR Legacy
"Beverages, V8 SPLASH Juice Drinks, Diet Tropical Blend",SR Legacy
"Beverages, V8 SPLASH Juice Drinks, Fruit Medley",SR Legacy
"Beverages, V8 SPLASH Juice Drinks, Guava Passion Fruit",SR Legacy
"Beverages, V8 SPLASH Juice Drinks, Mango Peach",SR Legacy
"Beverages, V8 SPLASH Juice Drinks, Orange Pineapple",SR Legacy
"Beverages, V8 SPLASH Juice Drinks, Orchard Blend",SR Legacy
"Beverages, V8 SPLASH Juice Drinks, Strawberry Banana",SR Legacy
"Beverages, V8 SPLASH Juice Drinks, Strawberry Kiwi",SR Legacy
"Beverages, V8 SPLASH Juice Drinks, Tropical Blend",SR Legacy
"Beverages, V8 SPLASH Smoothies, Peach Mango",SR Legacy
"Beverages, V8 SPLASH Smoothies, Strawberry Banana",SR Legacy
"Beverages, V8 SPLASH Smoothies, Tropical Colada",SR Legacy
"Beverages, V8 V- FUSION Juices, Acai Berry",SR Legacy
"Beverages, V8 V-FUSION Juices, Peach Mango",SR Legacy
"Beverages, V8 V-FUSION Juices, Strawberry Banana",SR Legacy
"Beverages, V8 V-FUSION Juices, Tropical",SR Legacy
"Beverages, vegetable and fruit juice blend, 100% juice, with added vitamins A, C, E",SR Legacy
"Beverages, Vegetable and fruit juice drink, reduced calorie, with low-calorie sweetener, added vitamin C",SR Legacy
"Beverages, Water with added vitamins and minerals, bottles, sweetened, assorted fruit flavors",SR Legacy
"Beverages, water, bottled, non-carbonated, CALISTOGA",SR Legacy
"Beverages, water, bottled, non-carbonated, CRYSTAL GEYSER",SR Legacy
"Beverages, water, bottled, non-carbonated, DANNON",SR Legacy
"Beverages, water, bottled, non-carbonated, EVIAN",SR Legacy
"Beverages, water, bottled, non-carbonated, PEPSI, AQUAFINA",SR Legacy
"Beverages, water, bottled, PERRIER",SR Legacy
"Beverages, water, bottled, POLAND SPRING",SR Legacy
"Beverages, water, bottled, yumberry, pomegranate with anti-oxidants, zero calories",SR Legacy
"Beverages, water, tap, drinking",SR Legacy
"Beverages, water, tap, municipal",SR Legacy
"Beverages, water, tap, well",SR Legacy
"Beverages, WENDY'S, tea, ready-to-drink, unsweetened",SR Legacy
"Beverages, Whey protein powder isolate",SR Legacy
"Beverages, Whiskey sour mix, bottled",SR Legacy
"Beverages, Whiskey sour mix, powder",SR Legacy
"Beverages, Wine, non-alcoholic",SR Legacy
"Beverages, yellow green colored citrus soft drink with caffeine",SR Legacy
"Beverages, ZEVIA, cola",SR Legacy
"Beverages, ZEVIA, cola, caffeine free",SR Legacy
"Bibimbap, Korean",Survey (FNDDS)
Big Mac (McDonalds),Survey (FNDDS)
Biryani with chicken,Survey (FNDDS)
Biryani with meat,Survey (FNDDS)
Biryani with vegetables,Survey (FNDDS)
"Biscayne codfish, Puerto Rican style",Survey (FNDDS)
Biscuit with fruit,Survey (FNDDS)
Biscuit with gravy,Survey (FNDDS)
"Biscuit, cheese",Survey (FNDDS)
"Biscuit, from fast food / restaurant",Survey (FNDDS)
"Biscuit, from refrigerated dough",Survey (FNDDS)
"Biscuit, home recipe",Survey (FNDDS)
"Biscuit, NFS",Survey (FNDDS)
"Biscuit, wheat",Survey (FNDDS)
"Biscuits, mixed grain, refrigerated dough",SR Legacy
"Biscuits, plain or buttermilk, dry mix",SR Legacy
"Biscuits, plain or buttermilk, dry mix, prepared",SR Legacy
"Biscuits, plain or buttermilk, frozen, baked",SR Legacy
"Biscuits, plain or buttermilk, prepared from recipe",SR Legacy
"Biscuits, plain or buttermilk, refrigerated dough, higher fat",SR Legacy
"Biscuits, plain or buttermilk, refrigerated dough, higher fat, baked",SR Legacy
"Biscuits, plain or buttermilk, refrigerated dough, lower fat",SR Legacy
"Biscuits, plain or buttermilk, refrigerated dough, lower fat, baked",SR Legacy
Bison,Survey (FNDDS)
"Bison, ground, grass-fed, cooked",SR Legacy
"Bison, ground, grass-fed, raw",SR Legacy
"Bison, ground, raw",Foundation
"Bitter melon, cooked",Survey (FNDDS)
"Bitter melon, horseradish, jute, or radish leaves, cooked",Survey (FNDDS)
Black bean salad,Survey (FNDDS)
Black bean sauce,Survey (FNDDS)
Black beans and brown rice,Survey (FNDDS)
"Black beans and rice, from fast food / restaurant",Survey (FNDDS)
Black beans and white rice,Survey (FNDDS)
Black beans with meat,Survey (FNDDS)
"Black beans, from canned, fat added",Survey (FNDDS)
"Black beans, from canned, no added fat",Survey (FNDDS)
"Black beans, from canned, reduced sodium",Survey (FNDDS)
"Black beans, from dried, fat added",Survey (FNDDS)
"Black beans, from dried, no added fat",Survey (FNDDS)
"Black beans, from fast food / restaurant",Survey (FNDDS)
"Black beans, NFS",Survey (FNDDS)
Black Russian,Survey (FNDDS)
"Blackberries, canned, heavy syrup, solids and liquids",SR Legacy
"Blackberries, frozen",Survey (FNDDS)
"Blackberries, frozen, unsweetened",SR Legacy
"Blackberries, raw",Survey (FNDDS)
"Blackberries, raw",SR Legacy
"Blackberries, raw",Foundation
"Blackberries, wild, raw (Alaska Native)",SR Legacy
"Blackberry juice, 100%",Survey (FNDDS)
"Blackberry juice, canned",SR Legacy
"Blackeye pea, canned, sodium added, drained and rinsed",Foundation
"Blackeye pea, dry",Foundation
"Blackeyed peas, from canned",Survey (FNDDS)
"Blackeyed peas, from dried",Survey (FNDDS)
"Blackeyed peas, from frozen",Survey (FNDDS)
"Blackeyed peas, NFS",Survey (FNDDS)
Blood sausage,SR Legacy
Blood sausage,Survey (FNDDS)
Bloody Mary,Survey (FNDDS)
"Bluberries, canned",Survey (FNDDS)
Blue or roquefort cheese dressing,Survey (FNDDS)
"Blue or roquefort cheese dressing, fat free",Survey (FNDDS)
"Blue or roquefort cheese dressing, light",Survey (FNDDS)
"Blueberries, canned, heavy syrup, solids and liquids",SR Legacy
"Blueberries, canned, light syrup, drained",SR Legacy
"Blueberries, dried",Survey (FNDDS)
"Blueberries, dried, sweetened",SR Legacy
"Blueberries, frozen",Survey (FNDDS)
"Blueberries, frozen, sweetened",SR Legacy
"Blueberries, frozen, unsweetened (Includes foods for USDA's Food Distribution Program)",SR Legacy
"Blueberries, raw",Foundation
"Blueberries, raw",Survey (FNDDS)
"Blueberries, raw",SR Legacy
"Blueberries, wild, canned, heavy syrup, drained",SR Legacy
"Blueberries, wild, frozen (Alaska Native)",SR Legacy
"Blueberries, wild, frozen (Includes foods for USDA's Food Distribution Program)",SR Legacy
"Blueberries, wild, raw (Alaska Native)",SR Legacy
Blueberry juice,Survey (FNDDS)
Blueberry pie filling,Survey (FNDDS)
Blueberry syrup,Survey (FNDDS)
"Bockwurst, pork, veal, raw",SR Legacy
Bologna,Survey (FNDDS)
Bologna sandwich on wheat,Survey (FNDDS)
"Bologna sandwich on wheat, with cheese",Survey (FNDDS)
Bologna sandwich on white,Survey (FNDDS)
"Bologna sandwich on white, with cheese",Survey (FNDDS)
"Bologna, beef",SR Legacy
"Bologna, beef and pork",SR Legacy
"Bologna, beef and pork, low fat",SR Legacy
"Bologna, beef, low fat",SR Legacy
"Bologna, chicken, pork",SR Legacy
"Bologna, chicken, pork, beef",SR Legacy
"Bologna, chicken, turkey, pork",SR Legacy
"Bologna, meat and poultry",SR Legacy
"Bologna, pork",SR Legacy
"Bologna, pork and turkey, lite",SR Legacy
"Bologna, pork, turkey and beef",SR Legacy
"Bologna, reduced fat",Survey (FNDDS)
"Bologna, reduced sodium",Survey (FNDDS)
"Bologna, turkey",SR Legacy
"Borage, cooked, boiled, drained, with salt",SR Legacy
"Borage, cooked, boiled, drained, without salt",SR Legacy
"Borage, raw",SR Legacy
"Boysenberries, canned, heavy syrup",SR Legacy
"Boysenberries, frozen, unsweetened",SR Legacy
Brains,Survey (FNDDS)
Brandy,Survey (FNDDS)
Brandy Alexander,Survey (FNDDS)
Brandy and cola,Survey (FNDDS)
Bratwurst,Survey (FNDDS)
"Bratwurst, beef and pork, smoked",SR Legacy
"Bratwurst, chicken, cooked",SR Legacy
"Bratwurst, pork, beef and turkey, lite, smoked",SR Legacy
"Bratwurst, pork, beef, link",SR Legacy
"Bratwurst, pork, cooked",SR Legacy
"Bratwurst, veal, cooked",SR Legacy
"Bratwurst, with cheese",Survey (FNDDS)
"Braunschweiger (a liver sausage), pork",SR Legacy
Brazil nuts,Survey (FNDDS)
Bread stuffing,Survey (FNDDS)
Bread stuffing made with egg,Survey (FNDDS)
"Bread, banana, prepared from recipe, made with margarine",SR Legacy
"Bread, barley",Survey (FNDDS)
"Bread, barley, toasted",Survey (FNDDS)
"Bread, black",Survey (FNDDS)
"Bread, black, toasted",Survey (FNDDS)
"Bread, blue corn, somiviki (Hopi)",SR Legacy
"Bread, Boston Brown",Survey (FNDDS)
"Bread, boston brown, canned",SR Legacy
"Bread, chapati or roti, plain, commercially prepared",SR Legacy
"Bread, chapati or roti, whole wheat, commercially prepared, frozen",SR Legacy
"Bread, chappatti or roti",Survey (FNDDS)
"Bread, cheese",SR Legacy
"Bread, cheese",Survey (FNDDS)
"Bread, cheese, toasted",Survey (FNDDS)
"Bread, cinnamon",SR Legacy
"Bread, cinnamon",Survey (FNDDS)
"Bread, cinnamon, toasted",Survey (FNDDS)
"Bread, cornbread, dry mix, enriched (includes corn muffin mix)",SR Legacy
"Bread, cornbread, dry mix, prepared with 2% milk, 80% margarine, and eggs",SR Legacy
"Bread, cornbread, dry mix, unenriched (includes corn muffin mix)",SR Legacy
"Bread, cornbread, prepared from recipe, made with low fat (2%) milk",SR Legacy
"Bread, cornmeal and molasses",Survey (FNDDS)
"Bread, cornmeal and molasses, toasted",Survey (FNDDS)
"Bread, cracked-wheat",SR Legacy
"Bread, crumbs, dry, grated, plain",SR Legacy
"Bread, crumbs, dry, grated, seasoned",SR Legacy
"Bread, Cuban",Survey (FNDDS)
"Bread, Cuban, toasted",Survey (FNDDS)
"Bread, dough, fried",Survey (FNDDS)
"Bread, egg",SR Legacy
"Bread, egg, Challah",Survey (FNDDS)
"Bread, egg, Challah, toasted",Survey (FNDDS)
"Bread, egg, toasted",SR Legacy
"Bread, French or Vienna",Survey (FNDDS)
"Bread, french or vienna (includes sourdough)",SR Legacy
"Bread, French or Vienna, toasted",Survey (FNDDS)
"Bread, french or vienna, toasted (includes sourdough)",SR Legacy
"Bread, french or vienna, whole wheat",SR Legacy
"Bread, French or Vienna, whole wheat",Survey (FNDDS)
"Bread, French or Vienna, whole wheat, toasted",Survey (FNDDS)
"Bread, fruit",Survey (FNDDS)
"Bread, gluten free",Survey (FNDDS)
"Bread, gluten free, toasted",Survey (FNDDS)
"Bread, gluten-free, white, made with potato extract, rice starch, and rice flour",SR Legacy
"Bread, gluten-free, white, made with rice flour, corn starch, and/or tapioca",SR Legacy
"Bread, gluten-free, white, made with tapioca starch and brown rice flour",SR Legacy
"Bread, gluten-free, whole grain, made with tapioca starch and brown rice flour",SR Legacy
"Bread, high protein, toasted",Survey (FNDDS)
"Bread, Irish soda",Survey (FNDDS)
"Bread, irish soda, prepared from recipe",SR Legacy
"Bread, Italian",SR Legacy
"Bread, Italian, Grecian, Armenian",Survey (FNDDS)
"Bread, Italian, Grecian, Armenian, toasted",Survey (FNDDS)
"Bread, kneel down (Navajo)",SR Legacy
"Bread, lard, Puerto Rican style",Survey (FNDDS)
"Bread, lard, toasted, Puerto Rican style",Survey (FNDDS)
"Bread, made from home recipe or purchased at a bakery, NS as to major flour",Survey (FNDDS)
"Bread, made from home recipe or purchased at a bakery, toasted, NS as to major flour",Survey (FNDDS)
"Bread, marble rye and pumpernickel",Survey (FNDDS)
"Bread, marble rye and pumpernickel, toasted",Survey (FNDDS)
"Bread, multi-grain (includes whole-grain)",SR Legacy
"Bread, multi-grain, toasted (includes whole-grain)",SR Legacy
"Bread, multigrain",Survey (FNDDS)
"Bread, multigrain, reduced calorie and/or high fiber",Survey (FNDDS)
"Bread, multigrain, reduced calorie and/or high fiber, toasted",Survey (FNDDS)
"Bread, multigrain, toasted",Survey (FNDDS)
"Bread, multigrain, with raisins",Survey (FNDDS)
"Bread, multigrain, with raisins, toasted",Survey (FNDDS)
"Bread, naan",Survey (FNDDS)
"Bread, naan, plain, commercially prepared, refrigerated",SR Legacy
"Bread, naan, whole wheat, commercially prepared, refrigerated",SR Legacy
"Bread, native, water, Puerto Rican style",Survey (FNDDS)
"Bread, native, water, toasted, Puerto Rican style",Survey (FNDDS)
"Bread, NS as to major flour",Survey (FNDDS)
"Bread, NS as to major flour, toasted",Survey (FNDDS)
"Bread, nut",Survey (FNDDS)
"Bread, oat bran",Survey (FNDDS)
"Bread, oat bran",SR Legacy
"Bread, oat bran, toasted",Survey (FNDDS)
"Bread, oat bran, toasted",SR Legacy
"Bread, oatmeal",SR Legacy
"Bread, oatmeal",Survey (FNDDS)
"Bread, oatmeal, toasted",SR Legacy
"Bread, oatmeal, toasted",Survey (FNDDS)
"Bread, onion",Survey (FNDDS)
"Bread, onion, toasted",Survey (FNDDS)
"Bread, pan dulce, sweet yeast bread",SR Legacy
"Bread, paratha",Survey (FNDDS)
"Bread, paratha, whole wheat, commercially prepared, frozen",SR Legacy
"Bread, pita",Survey (FNDDS)
"Bread, pita with fruit",Survey (FNDDS)
"Bread, pita, wheat or cracked wheat",Survey (FNDDS)
"Bread, pita, white, enriched",SR Legacy
"Bread, pita, white, unenriched",SR Legacy
"Bread, pita, whole wheat",Survey (FNDDS)
"Bread, pita, whole-wheat",SR Legacy
"Bread, potato",SR Legacy
"Bread, potato",Survey (FNDDS)
"Bread, potato, toasted",Survey (FNDDS)
"Bread, pound cake type, pan de torta salvadoran",SR Legacy
"Bread, protein (includes gluten)",SR Legacy
"Bread, protein, (includes gluten), toasted",SR Legacy
"Bread, pumpernickel",SR Legacy
"Bread, pumpernickel",Survey (FNDDS)
"Bread, pumpernickel, toasted",Survey (FNDDS)
"Bread, pumpkin",Survey (FNDDS)
"Bread, puri",Survey (FNDDS)
"Bread, raisin",Survey (FNDDS)
"Bread, raisin, enriched",SR Legacy
"Bread, raisin, enriched, toasted",SR Legacy
"Bread, raisin, toasted",Survey (FNDDS)
"Bread, raisin, unenriched",SR Legacy
"Bread, reduced calorie and/or high fiber, white or NFS",Survey (FNDDS)
"Bread, reduced calorie and/or high fiber, white or NFS, toasted",Survey (FNDDS)
"Bread, reduced calorie and/or high fiber, white or NFS, with fruit and/or nuts",Survey (FNDDS)
"Bread, reduced calorie and/or high fiber, white or NFS, with fruit and/or nuts, toasted",Survey (FNDDS)
"Bread, reduced-calorie, oat bran",SR Legacy
"Bread, reduced-calorie, oat bran, toasted",SR Legacy
"Bread, reduced-calorie, oatmeal",SR Legacy
"Bread, reduced-calorie, rye",SR Legacy
"Bread, reduced-calorie, wheat",SR Legacy
"Bread, reduced-calorie, white",SR Legacy
"Bread, rice",Survey (FNDDS)
"Bread, rice bran",SR Legacy
"Bread, rice bran, toasted",SR Legacy
"Bread, rice, toasted",Survey (FNDDS)
"Bread, roll, Mexican, bollilo",SR Legacy
"Bread, rye",SR Legacy
"Bread, rye",Survey (FNDDS)
"Bread, rye, toasted",SR Legacy
"Bread, rye, toasted",Survey (FNDDS)
"Bread, salvadoran sweet cheese (quesadilla salvadorena)",SR Legacy
"Bread, sour dough",Survey (FNDDS)
"Bread, sour dough, toasted",Survey (FNDDS)
"Bread, soy",Survey (FNDDS)
"Bread, soy, toasted",Survey (FNDDS)
"Bread, Spanish coffee",Survey (FNDDS)
"Bread, sprouted wheat",Survey (FNDDS)
"Bread, sprouted wheat, toasted",Survey (FNDDS)
"Bread, sticks, plain",SR Legacy
"Bread, stuffing, cornbread, dry mix",SR Legacy
"Bread, stuffing, cornbread, dry mix, prepared",SR Legacy
"Bread, stuffing, dry mix",SR Legacy
"Bread, stuffing, dry mix, prepared",SR Legacy
"Bread, sunflower meal",Survey (FNDDS)
"Bread, sunflower meal, toasted",Survey (FNDDS)
"Bread, sweet potato",Survey (FNDDS)
"Bread, sweet potato, toasted",Survey (FNDDS)
"Bread, vegetable",Survey (FNDDS)
"Bread, vegetable, toasted",Survey (FNDDS)
"Bread, wheat",SR Legacy
"Bread, wheat or cracked wheat",Survey (FNDDS)
"Bread, wheat or cracked wheat, made from home recipe or purchased at bakery",Survey (FNDDS)
"Bread, wheat or cracked wheat, made from home recipe or purchased at bakery, toasted",Survey (FNDDS)
"Bread, wheat or cracked wheat, reduced calorie and/or high fiber",Survey (FNDDS)
"Bread, wheat or cracked wheat, reduced calorie and/or high fiber, toasted",Survey (FNDDS)
"Bread, wheat or cracked wheat, toasted",Survey (FNDDS)
"Bread, wheat or cracked wheat, with raisins",Survey (FNDDS)
"Bread, wheat or cracked wheat, with raisins, toasted",Survey (FNDDS)
"Bread, wheat, sprouted",SR Legacy
"Bread, wheat, sprouted, toasted",SR Legacy
"Bread, wheat, toasted",SR Legacy
"Bread, white",Survey (FNDDS)
"Bread, white wheat",SR Legacy
"Bread, white with whole wheat swirl",Survey (FNDDS)
"Bread, white with whole wheat swirl, toasted",Survey (FNDDS)
"Bread, white, commercially prepared",Foundation
"Bread, white, commercially prepared (includes soft bread crumbs)",SR Legacy
"Bread, white, commercially prepared, low sodium, no salt",SR Legacy
"Bread, white, commercially prepared, toasted",SR Legacy
"Bread, white, commercially prepared, toasted, low sodium no salt",SR Legacy
"Bread, white, made from home recipe or purchased at a bakery",Survey (FNDDS)
"Bread, white, made from home recipe or purchased at a bakery, toasted",Survey (FNDDS)
"Bread, white, prepared from recipe, made with low fat (2%) milk",SR Legacy
"Bread, white, prepared from recipe, made with nonfat dry milk",SR Legacy
"Bread, white, special formula, added fiber",Survey (FNDDS)
"Bread, white, special formula, added fiber, toasted",Survey (FNDDS)
"Bread, white, toasted",Survey (FNDDS)
"Bread, whole grain white",Survey (FNDDS)
"Bread, whole grain white, toasted",Survey (FNDDS)
"Bread, whole wheat",Survey (FNDDS)
"Bread, whole wheat, made from home recipe or purchased at bakery",Survey (FNDDS)
"Bread, whole wheat, made from home recipe or purchased at bakery, toasted",Survey (FNDDS)
"Bread, whole wheat, toasted",Survey (FNDDS)
"Bread, whole wheat, with raisins",Survey (FNDDS)
"Bread, whole wheat, with raisins, toasted",Survey (FNDDS)
"Bread, whole-wheat, commercially prepared",SR Legacy
"Bread, whole-wheat, commercially prepared",Foundation
"Bread, whole-wheat, commercially prepared, toasted",SR Legacy
"Bread, whole-wheat, prepared from recipe",SR Legacy
"Bread, whole-wheat, prepared from recipe, toasted",SR Legacy
"Bread, zucchini",Survey (FNDDS)
"Breadfruit, cooked",Survey (FNDDS)
"Breadfruit, raw",SR Legacy
Breading or batter as ingredient in food,Survey (FNDDS)
"Breadsticks, hard, gluten free",Survey (FNDDS)
"Breadsticks, hard, NFS",Survey (FNDDS)
"Breadsticks, hard, reduced sodium",Survey (FNDDS)
"Breadsticks, hard, whole wheat",Survey (FNDDS)
"Breadsticks, NFS",Survey (FNDDS)
"Breadsticks, soft, fast food / restaurant",Survey (FNDDS)
"Breadsticks, soft, frozen",Survey (FNDDS)
"Breadsticks, soft, NFS",Survey (FNDDS)
"Breadsticks, soft, stuffed or topped with melted cheese",Survey (FNDDS)
"Breadsticks, soft, with parmesan cheese, fast food / restaurant",Survey (FNDDS)
"Breakfast bar, cereal crust with fruit filling, lowfat",Survey (FNDDS)
"Breakfast bar, corn flake crust with fruit",SR Legacy
"Breakfast bar, date, with yogurt coating",Survey (FNDDS)
"Breakfast bar, NFS",Survey (FNDDS)
"Breakfast bars, oats, sugar, raisins, coconut (include granola bar)",SR Legacy
"Breakfast link, pattie, or slice, meatless",Survey (FNDDS)
Breakfast meat as ingredient in omelet,Survey (FNDDS)
"Breakfast pastry, NFS",Survey (FNDDS)
Breakfast pizza with egg,Survey (FNDDS)
Breakfast tart,Survey (FNDDS)
"Breakfast tart, lowfat",Survey (FNDDS)
Brioche,Survey (FNDDS)
"Broadbeans (fava beans), mature seeds, canned",SR Legacy
"Broadbeans (fava beans), mature seeds, cooked, boiled, with salt",SR Legacy
"Broadbeans (fava beans), mature seeds, cooked, boiled, without salt",SR Legacy
"Broadbeans (fava beans), mature seeds, raw",SR Legacy
"Broadbeans, immature seeds, cooked, boiled, drained, with salt",SR Legacy
"Broadbeans, immature seeds, cooked, boiled, drained, without salt",SR Legacy
"Broadbeans, immature seeds, raw",SR Legacy
"Broccoflower, cooked",Survey (FNDDS)
"Broccoflower, raw",Survey (FNDDS)
"Broccoli and cauliflower, cooked, fat added",Survey (FNDDS)
"Broccoli and cauliflower, cooked, no added fat",Survey (FNDDS)
Broccoli casserole with noodles,Survey (FNDDS)
Broccoli casserole with rice,Survey (FNDDS)
"Broccoli raab, cooked",SR Legacy
"Broccoli raab, cooked",Survey (FNDDS)
"Broccoli raab, raw",Survey (FNDDS)
"Broccoli raab, raw",SR Legacy
"Broccoli salad with cauliflower, cheese, bacon bits, and dressing",Survey (FNDDS)
Broccoli slaw salad,Survey (FNDDS)
"Broccoli, cauliflower and carrots, cooked, fat added",Survey (FNDDS)
"Broccoli, cauliflower and carrots, cooked, no added fat",Survey (FNDDS)
"Broccoli, Chinese, cooked",Survey (FNDDS)
"Broccoli, chinese, cooked",SR Legacy
"Broccoli, chinese, raw",Survey (FNDDS)
"Broccoli, chinese, raw",SR Legacy
"Broccoli, cooked, as ingredient",Survey (FNDDS)
"Broccoli, cooked, boiled, drained, with salt",SR Legacy
"Broccoli, cooked, boiled, drained, without salt",SR Legacy
"Broccoli, cooked, from restaurant",Survey (FNDDS)
"Broccoli, flower clusters, raw",SR Legacy
"Broccoli, fresh, cooked with butter or margarine",Survey (FNDDS)
"Broccoli, fresh, cooked with oil",Survey (FNDDS)
"Broccoli, fresh, cooked, fat added, NS as to fat type",Survey (FNDDS)
"Broccoli, fresh, cooked, no added fat",Survey (FNDDS)
"Broccoli, frozen, chopped, cooked, boiled, drained, with salt",SR Legacy
"Broccoli, frozen, chopped, cooked, boiled, drained, without salt",SR Legacy
"Broccoli, frozen, chopped, unprepared",SR Legacy
"Broccoli, frozen, cooked with butter or margarine",Survey (FNDDS)
"Broccoli, frozen, cooked with oil",Survey (FNDDS)
"Broccoli, frozen, cooked, fat added, NS as to fat type",Survey (FNDDS)
"Broccoli, frozen, cooked, no added fat",Survey (FNDDS)
"Broccoli, frozen, spears, cooked, boiled, drained, with salt",SR Legacy
"Broccoli, frozen, spears, cooked, boiled, drained, without salt",SR Legacy
"Broccoli, frozen, spears, unprepared (Includes foods for USDA's Food Distribution Program)",SR Legacy
"Broccoli, leaves, raw",SR Legacy
"Broccoli, NS as to form, cooked",Survey (FNDDS)
"Broccoli, raw",Survey (FNDDS)
"Broccoli, raw",Foundation
"Broccoli, raw",SR Legacy
"Broccoli, stalks, raw",SR Legacy
Bruschetta,Survey (FNDDS)
"Brussels sprouts, cooked, boiled, drained, with salt",SR Legacy
"Brussels sprouts, cooked, boiled, drained, without salt",SR Legacy
"Brussels sprouts, fresh, cooked, fat added",Survey (FNDDS)
"Brussels sprouts, fresh, cooked, no added fat",Survey (FNDDS)
"Brussels sprouts, frozen, cooked, boiled, drained, with salt",SR Legacy
"Brussels sprouts, frozen, cooked, boiled, drained, without salt",SR Legacy
"Brussels sprouts, frozen, cooked, fat added",Survey (FNDDS)
"Brussels sprouts, frozen, cooked, no added fat",Survey (FNDDS)
"Brussels sprouts, frozen, unprepared",SR Legacy
"Brussels sprouts, NS as to form, cooked",Survey (FNDDS)
"Brussels sprouts, raw",Survey (FNDDS)
"Brussels sprouts, raw",Foundation
"Brussels sprouts, raw",SR Legacy
Buckwheat,SR Legacy
"Buckwheat flour, whole-groat",SR Legacy
Buckwheat groats,Survey (FNDDS)
"Buckwheat groats, roasted, cooked",SR Legacy
"Buckwheat groats, roasted, dry",SR Legacy
"Buckwheat, whole grain",Foundation
Buffalo sauce,Survey (FNDDS)
"Buffalo, free range, top round steak, cooked (Shoshone Bannock)",SR Legacy
"Buffalo, free range, top round steak, raw (Shoshone Bannock)",SR Legacy
"Bulgur, cooked",SR Legacy
"Bulgur, dry",SR Legacy
"Bulgur, dry, raw",Foundation
"Bulgur, fat added",Survey (FNDDS)
"Bulgur, no added fat",Survey (FNDDS)
"Bulgur, NS as to fat",Survey (FNDDS)
"Burdock root, cooked, boiled, drained, with salt",SR Legacy
"Burdock root, cooked, boiled, drained, without salt",SR Legacy
"Burdock root, raw",SR Legacy
"Burdock, cooked",Survey (FNDDS)
"BURGER KING, Cheeseburger",SR Legacy
"BURGER KING, Chicken Strips",SR Legacy
"BURGER KING, CROISSAN'WICH with Egg and Cheese",SR Legacy
"BURGER KING, CROISSAN'WICH with Sausage and Cheese",SR Legacy
"BURGER KING, CROISSAN'WICH with Sausage, Egg and Cheese",SR Legacy
"BURGER KING, Double Cheeseburger",SR Legacy
"BURGER KING, DOUBLE WHOPPER, no cheese",SR Legacy
"BURGER KING, DOUBLE WHOPPER, with cheese",SR Legacy
"BURGER KING, french fries",SR Legacy
"BURGER KING, french toast sticks",SR Legacy
"BURGER KING, Hamburger",SR Legacy
"BURGER KING, Hash Brown Rounds",SR Legacy
"BURGER KING, Onion Rings",SR Legacy
"BURGER KING, Original Chicken Sandwich",SR Legacy
"BURGER KING, Premium Fish Sandwich",SR Legacy
"BURGER KING, Vanilla Shake",SR Legacy
"BURGER KING, WHOPPER, no cheese",SR Legacy
"BURGER KING, WHOPPER, with cheese",SR Legacy
"Burrito bowl, beef or pork",Survey (FNDDS)
"Burrito bowl, beef or pork, with beans",Survey (FNDDS)
"Burrito bowl, beef or pork, with beans and rice",Survey (FNDDS)
"Burrito bowl, beef or pork, with rice",Survey (FNDDS)
"Burrito bowl, chicken",Survey (FNDDS)
"Burrito bowl, chicken, with beans",Survey (FNDDS)
"Burrito bowl, chicken, with beans and rice",Survey (FNDDS)
"Burrito bowl, chicken, with rice",Survey (FNDDS)
"Burrito bowl, NFS",Survey (FNDDS)
"Burrito bowl, with beans",Survey (FNDDS)
"Burrito, bean and cheese, frozen",SR Legacy
"Burrito, beef and bean, frozen",SR Legacy
"Burrito, beef and bean, microwaved",SR Legacy
"Burrito, beef, cheese",Survey (FNDDS)
"Burrito, beef, with beans and rice, cheese",Survey (FNDDS)
"Burrito, beef, with beans, cheese",Survey (FNDDS)
"Burrito, beef, with rice, cheese",Survey (FNDDS)
"Burrito, cheese only",Survey (FNDDS)
"Burrito, chicken, cheese",Survey (FNDDS)
"Burrito, chicken, with beans and rice, cheese",Survey (FNDDS)
"Burrito, chicken, with beans, cheese",Survey (FNDDS)
"Burrito, chicken, with rice, cheese",Survey (FNDDS)
"Burrito, meat, no cheese",Survey (FNDDS)
"Burrito, meat, with beans and rice, no cheese",Survey (FNDDS)
"Burrito, meat, with beans, no cheese",Survey (FNDDS)
"Burrito, meat, with rice, no cheese",Survey (FNDDS)
"Burrito, NFS",Survey (FNDDS)
"Burrito, pork, cheese",Survey (FNDDS)
"Burrito, pork, with beans and rice, cheese",Survey (FNDDS)
"Burrito, pork, with beans, cheese",Survey (FNDDS)
"Burrito, pork, with rice, cheese",Survey (FNDDS)
"Burrito, with beans and rice, cheese",Survey (FNDDS)
"Burrito, with beans, cheese",Survey (FNDDS)
"Burrito, with beans, no cheese",Survey (FNDDS)
"Butter oil, anhydrous",SR Legacy
"Butter replacement, liquid",Survey (FNDDS)
"Butter replacement, powder",Survey (FNDDS)
"Butter replacement, without fat, powder",SR Legacy
"Butter, Clarified butter (ghee)",SR Legacy
"Butter, light",Survey (FNDDS)
"Butter, light, stick, with salt",SR Legacy
"Butter, light, stick, without salt",SR Legacy
"Butter, NFS",Survey (FNDDS)
"Butter, salted",SR Legacy
"Butter, stick",Survey (FNDDS)
"Butter, stick, salted",Foundation
"Butter, stick, unsalted",Foundation
"Butter, tub",Survey (FNDDS)
"Butter, whipped, with salt",SR Legacy
"Butter, without salt",SR Legacy
"Butterbur, (fuki), raw",SR Legacy
"Butterbur, canned",SR Legacy
"Butterbur, cooked, boiled, drained, with salt",SR Legacy
"Butterbur, cooked, boiled, drained, without salt",SR Legacy
Buttermilk,Survey (FNDDS)
"Buttermilk, low fat",Foundation
"Cabbage salad, NFS",Survey (FNDDS)
Cabbage with ham hocks,Survey (FNDDS)
"Cabbage, bok choy, raw",Foundation
"Cabbage, chinese (pak-choi), cooked, boiled, drained, with salt",SR Legacy
"Cabbage, chinese (pak-choi), cooked, boiled, drained, without salt",SR Legacy
"Cabbage, chinese (pak-choi), raw",SR Legacy
"Cabbage, chinese (pe-tsai), cooked, boiled, drained, with salt",SR Legacy
"Cabbage, chinese (pe-tsai), cooked, boiled, drained, without salt",SR Legacy
"Cabbage, chinese (pe-tsai), raw",SR Legacy
"Cabbage, Chinese, cooked, fat added",Survey (FNDDS)
"Cabbage, Chinese, cooked, no added fat",Survey (FNDDS)
"Cabbage, Chinese, raw",Survey (FNDDS)
"Cabbage, common (danish, domestic, and pointed types), freshly harvest, raw",SR Legacy
"Cabbage, common (danish, domestic, and pointed types), stored, raw",SR Legacy
"Cabbage, common, cooked, boiled, drained, with salt",SR Legacy
"Cabbage, cooked, as ingredient",Survey (FNDDS)
"Cabbage, cooked, boiled, drained, without salt",SR Legacy
"Cabbage, green, cooked with butter or margarine",Survey (FNDDS)
"Cabbage, green, cooked with oil",Survey (FNDDS)
"Cabbage, green, cooked, fat added, NS as to fat type",Survey (FNDDS)
"Cabbage, green, cooked, no added fat",Survey (FNDDS)
"Cabbage, green, pickled",Survey (FNDDS)
"Cabbage, green, raw",Survey (FNDDS)
"Cabbage, green, raw",Foundation
"Cabbage, japanese style, fresh, pickled",SR Legacy
"Cabbage, kimchi",SR Legacy
"Cabbage, mustard, salted",SR Legacy
"Cabbage, napa, cooked",SR Legacy
"Cabbage, napa, leaf, destemmed, raw",Foundation
"Cabbage, raw",SR Legacy
"Cabbage, red, cooked",Survey (FNDDS)
"Cabbage, red, cooked, boiled, drained, with salt",SR Legacy
"Cabbage, red, cooked, boiled, drained, without salt",SR Legacy
"Cabbage, red, pickled",Survey (FNDDS)
"Cabbage, red, raw",SR Legacy
"Cabbage, red, raw",Foundation
"Cabbage, red, raw",Survey (FNDDS)
"Cabbage, savoy, cooked",Survey (FNDDS)
"Cabbage, savoy, cooked, boiled, drained, with salt",SR Legacy
"Cabbage, savoy, cooked, boiled, drained, without salt",SR Legacy
"Cabbage, savoy, raw",SR Legacy
"Cactus, cooked, fat added",Survey (FNDDS)
"Cactus, cooked, no added fat",Survey (FNDDS)
"Cactus, raw",Survey (FNDDS)
Caesar dressing,Survey (FNDDS)
"Caesar dressing, fat free",Survey (FNDDS)
"Caesar dressing, light",Survey (FNDDS)
"Caesar salad, with romaine, no dressing",Survey (FNDDS)
Cake made with glutinous rice,Survey (FNDDS)
Cake made with glutinous rice and dried beans,Survey (FNDDS)
"Cake or cupcake, apple",Survey (FNDDS)
"Cake or cupcake, banana",Survey (FNDDS)
"Cake or cupcake, Black Forest",Survey (FNDDS)
"Cake or cupcake, carrot",Survey (FNDDS)
"Cake or cupcake, chocolate with chocolate icing, bakery",Survey (FNDDS)
"Cake or cupcake, chocolate with chocolate icing, from mix",Survey (FNDDS)
"Cake or cupcake, chocolate with white icing, bakery",Survey (FNDDS)
"Cake or cupcake, chocolate with white icing, from mix",Survey (FNDDS)
"Cake or cupcake, chocolate, no icing",Survey (FNDDS)
"Cake or cupcake, coconut",Survey (FNDDS)
"Cake or cupcake, German chocolate",Survey (FNDDS)
"Cake or cupcake, gingerbread",Survey (FNDDS)
"Cake or cupcake, gluten free",Survey (FNDDS)
"Cake or cupcake, lemon",Survey (FNDDS)
"Cake or cupcake, marble",Survey (FNDDS)
"Cake or cupcake, NFS",Survey (FNDDS)
"Cake or cupcake, peanut butter",Survey (FNDDS)
"Cake or cupcake, pumpkin",Survey (FNDDS)
"Cake or cupcake, red velvet",Survey (FNDDS)
"Cake or cupcake, spice",Survey (FNDDS)
"Cake or cupcake, strawberry",Survey (FNDDS)
"Cake or cupcake, white with chocolate icing, bakery",Survey (FNDDS)
"Cake or cupcake, white with chocolate icing, from mix",Survey (FNDDS)
"Cake or cupcake, white with white icing, bakery",Survey (FNDDS)
"Cake or cupcake, white with white icing, from mix",Survey (FNDDS)
"Cake or cupcake, white, no icing",Survey (FNDDS)
"Cake or cupcake, zucchini",Survey (FNDDS)
"Cake, angel food",Survey (FNDDS)
"Cake, angelfood, commercially prepared",SR Legacy
"Cake, angelfood, dry mix, prepared",SR Legacy
"Cake, Boston cream pie",Survey (FNDDS)
"Cake, boston cream pie, commercially prepared",SR Legacy
"Cake, cheesecake, commercially prepared",SR Legacy
"Cake, cheesecake, prepared from mix, no-bake type",SR Legacy
"Cake, cherry fudge with chocolate frosting",SR Legacy
"Cake, chocolate, commercially prepared with chocolate frosting, in-store bakery",SR Legacy
"Cake, chocolate, flourless",Survey (FNDDS)
"Cake, chocolate, prepared from recipe without frosting",SR Legacy
"Cake, coffeecake, cheese",SR Legacy
"Cake, coffeecake, cinnamon with crumb topping, commercially prepared, enriched",SR Legacy
"Cake, coffeecake, cinnamon with crumb topping, commercially prepared, unenriched",SR Legacy
"Cake, coffeecake, cinnamon with crumb topping, dry mix, prepared",SR Legacy
"Cake, coffeecake, creme-filled with chocolate frosting",SR Legacy
"Cake, coffeecake, fruit",SR Legacy
"Cake, cream",Survey (FNDDS)
"Cake, fruit cake",Survey (FNDDS)
"Cake, fruitcake, commercially prepared",SR Legacy
"Cake, gingerbread, dry mix",SR Legacy
"Cake, gingerbread, prepared from recipe",SR Legacy
"Cake, jelly roll",Survey (FNDDS)
"Cake, pineapple upside-down, prepared from recipe",SR Legacy
"Cake, pineapple, upside down",Survey (FNDDS)
"Cake, pound",Survey (FNDDS)
"Cake, pound, Bimbo Bakeries USA, Panque Casero, home baked style",SR Legacy
"Cake, pound, commercially prepared, butter (includes fresh and frozen)",SR Legacy
"Cake, pound, commercially prepared, fat-free",SR Legacy
"Cake, pound, commercially prepared, other than all butter, enriched",SR Legacy
"Cake, pound, commercially prepared, other than all butter, unenriched",SR Legacy
"Cake, pudding-type, carrot, dry mix",SR Legacy
"Cake, pudding-type, chocolate, dry mix",SR Legacy
"Cake, pudding-type, white, enriched, dry mix",SR Legacy
"Cake, pudding-type, white, unenriched, dry mix",SR Legacy
"Cake, pudding-type, yellow, dry mix",SR Legacy
"Cake, shortcake, biscuit-type, prepared from recipe",SR Legacy
"Cake, snack cakes, creme-filled, chocolate with frosting",SR Legacy
"Cake, snack cakes, creme-filled, chocolate with frosting, low-fat, with added fiber",SR Legacy
"Cake, snack cakes, creme-filled, sponge",SR Legacy
"Cake, snack cakes, not chocolate, with icing or filling, low-fat, with added fiber",SR Legacy
"Cake, sponge",Survey (FNDDS)
"Cake, sponge, commercially prepared",SR Legacy
"Cake, sponge, prepared from recipe",SR Legacy
"Cake, strawberry shortcake",Survey (FNDDS)
"Cake, torte",Survey (FNDDS)
"Cake, tres leche",Survey (FNDDS)
"Cake, white, dry mix, special dietary (includes lemon-flavored)",SR Legacy
"Cake, white, prepared from recipe with coconut frosting",SR Legacy
"Cake, white, prepared from recipe without frosting",SR Legacy
"Cake, yellow, commercially prepared, with chocolate frosting, in-store bakery",SR Legacy
"Cake, yellow, commercially prepared, with vanilla frosting",SR Legacy
"Cake, yellow, enriched, dry mix",SR Legacy
"Cake, yellow, light, dry mix",SR Legacy
"Cake, yellow, prepared from recipe without frosting",SR Legacy
"Cake, yellow, unenriched, dry mix",SR Legacy
"Calamari, cooked",Survey (FNDDS)
"Calamari, fried",Survey (FNDDS)
"Calzone, with cheese, meatless",Survey (FNDDS)
"Calzone, with meat and cheese",Survey (FNDDS)
"CAMPBELL'S CHUNKY, Classic Chicken Noodle Soup",SR Legacy
"CAMPBELL'S CHUNKY, Hearty Beef Barley Soup",SR Legacy
"CAMPBELL'S CHUNKY, New England Clam Chowder",SR Legacy
"CAMPBELL'S CHUNKY, Old Fashioned Vegetable Beef Soup",SR Legacy
"CAMPBELL'S, Chicken Noodle Soup, condensed",SR Legacy
"CAMPBELL'S, Cream of Mushroom Soup, condensed",SR Legacy
"CAMPBELL'S, Tomato Soup, condensed",SR Legacy
"Canada Goose, breast meat only, skinless, raw",SR Legacy
"Canadian bacon, cooked",Survey (FNDDS)
"Canadian bacon, cooked, pan-fried",SR Legacy
"Canadian bacon, unprepared",SR Legacy
Candied fruit,SR Legacy
"Candies, 5TH AVENUE Candy Bar",SR Legacy
"Candies, ALMOND JOY Candy Bar",SR Legacy
"Candies, butterscotch",SR Legacy
"Candies, CARAMELLO Candy Bar",SR Legacy
"Candies, caramels",SR Legacy
"Candies, caramels, chocolate-flavor roll",SR Legacy
"Candies, carob, unsweetened",SR Legacy
"Candies, chocolate covered, caramel with nuts",SR Legacy
"Candies, chocolate covered, low sugar or low calorie",SR Legacy
"Candies, chocolate, dark, NFS (45-59% cacao solids 90%; 60-69% cacao solids 5%; 70-85% cacao solids 5%)",SR Legacy
"Candies, coconut bar, not chocolate covered",SR Legacy
"Candies, confectioner's coating, butterscotch",SR Legacy
"Candies, confectioner's coating, peanut butter",SR Legacy
"Candies, confectioner's coating, yogurt",SR Legacy
"Candies, crispy bar with peanut butter filling",SR Legacy
"Candies, dark chocolate coated coffee beans",SR Legacy
"Candies, divinity, prepared-from-recipe",SR Legacy
"Candies, fondant, prepared-from-recipe",SR Legacy
"Candies, fruit snacks, with high vitamin C",SR Legacy
"Candies, fudge, chocolate marshmallow, prepared-from-recipe",SR Legacy
"Candies, fudge, chocolate marshmallow, with nuts, prepared-by-recipe",SR Legacy
"Candies, fudge, chocolate, prepared-from-recipe",SR Legacy
"Candies, fudge, chocolate, with nuts, prepared-from-recipe",SR Legacy
"Candies, fudge, peanut butter, prepared-from-recipe",SR Legacy
"Candies, fudge, vanilla with nuts",SR Legacy
"Candies, fudge, vanilla, prepared-from-recipe",SR Legacy
"Candies, gum drops, no sugar or low calorie (sorbitol)",SR Legacy
"Candies, gumdrops, starch jelly pieces",SR Legacy
"Candies, halavah, plain",SR Legacy
"Candies, hard",SR Legacy
"Candies, hard, dietetic or low calorie (sorbitol)",SR Legacy
"Candies, HEATH BITES",SR Legacy
"Candies, HERSHEY'S GOLDEN ALMOND SOLITAIRES",SR Legacy
"Candies, HERSHEY'S MILK CHOCOLATE WITH ALMOND BITES",SR Legacy
"Candies, HERSHEY'S POT OF GOLD Almond Bar",SR Legacy
"Candies, HERSHEY'S SKOR Toffee Bar",SR Legacy
"Candies, HERSHEY'S, ALMOND JOY BITES",SR Legacy
"Candies, HERSHEY, KIT KAT BIG KAT Bar",SR Legacy
"Candies, HERSHEY, REESESTICKS crispy wafers, peanut butter, milk chocolate",SR Legacy
"Candies, HERSHEYS, PAYDAY Bar",SR Legacy
"Candies, honey-combed, with peanut butter",SR Legacy
"Candies, jellybeans",SR Legacy
"Candies, KIT KAT Wafer Bar",SR Legacy
"Candies, KRACKEL Chocolate Bar",SR Legacy
"Candies, M&M MARS 3 MUSKETEERS Truffle Crisp",SR Legacy
"Candies, M&M MARS Pretzel Chocolate Candies",SR Legacy
"Candies, MARS SNACKFOOD US, 3 MUSKETEERS Bar",SR Legacy
"Candies, MARS SNACKFOOD US, COCOAVIA Blueberry and Almond Chocolate Bar",SR Legacy
"Candies, MARS SNACKFOOD US, COCOAVIA Chocolate Bar",SR Legacy
"Candies, MARS SNACKFOOD US, COCOAVIA Chocolate Covered Almonds",SR Legacy
"Candies, MARS SNACKFOOD US, COCOAVIA Crispy Chocolate Bar",SR Legacy
"Candies, MARS SNACKFOOD US, DOVE Dark Chocolate",SR Legacy
"Candies, MARS SNACKFOOD US, DOVE Milk Chocolate",SR Legacy
"Candies, MARS SNACKFOOD US, M&M's Almond Chocolate Candies",SR Legacy
"Candies, MARS SNACKFOOD US, M&M's Crispy Chocolate Candies",SR Legacy
"Candies, MARS SNACKFOOD US, M&M's Milk Chocolate Candies",SR Legacy
"Candies, MARS SNACKFOOD US, M&M's MINIs Milk Chocolate Candies",SR Legacy
"Candies, MARS SNACKFOOD US, M&M's Peanut Butter Chocolate Candies",SR Legacy
"Candies, MARS SNACKFOOD US, M&M's Peanut Chocolate Candies",SR Legacy
"Candies, MARS SNACKFOOD US, MARS Almond Bar",SR Legacy
"Candies, MARS SNACKFOOD US, MILKY WAY Bar",SR Legacy
"Candies, MARS SNACKFOOD US, MILKY WAY Caramels, milk chocolate covered",SR Legacy
"Candies, MARS SNACKFOOD US, MILKY WAY Caramels. dark chocolate covered",SR Legacy
"Candies, MARS SNACKFOOD US, MILKY WAY Midnight Bar",SR Legacy
"Candies, MARS SNACKFOOD US, POP'ABLES 3 MUSKETEERS Brand Bite Size Candies",SR Legacy
"Candies, MARS SNACKFOOD US, POP'ABLES MILKY WAY Brand Bite Size Candies",SR Legacy
"Candies, MARS SNACKFOOD US, POP'ABLES SNICKERS Brand Bite Size Candies",SR Legacy
"Candies, MARS SNACKFOOD US, SKITTLES Original Bite Size Candies",SR Legacy
"Candies, MARS SNACKFOOD US, SKITTLES Sours Original",SR Legacy
"Candies, MARS SNACKFOOD US, SKITTLES Tropical Bite Size Candies",SR Legacy
"Candies, MARS SNACKFOOD US, SKITTLES Wild Berry Bite Size Candies",SR Legacy
"Candies, MARS SNACKFOOD US, SNICKERS Almond bar",SR Legacy
"Candies, MARS SNACKFOOD US, SNICKERS Bar",SR Legacy
"Candies, MARS SNACKFOOD US, SNICKERS CRUNCHER",SR Legacy
"Candies, MARS SNACKFOOD US, SNICKERS MUNCH bar",SR Legacy
"Candies, MARS SNACKFOOD US, STARBURST Fruit Chews, Fruit and Creme",SR Legacy
"Candies, MARS SNACKFOOD US, STARBURST Fruit Chews, Original fruits",SR Legacy
"Candies, MARS SNACKFOOD US, STARBURST Fruit Chews, Tropical fruits",SR Legacy
"Candies, MARS SNACKFOOD US, STARBURST Sour Fruit Chews",SR Legacy
"Candies, MARS SNACKFOOD US, TWIX Caramel Cookie Bars",SR Legacy
"Candies, MARS SNACKFOOD US, TWIX chocolate fudge cookie bars",SR Legacy
"Candies, MARS SNACKFOOD US, TWIX Peanut Butter Cookie Bars",SR Legacy
"Candies, marshmallows",SR Legacy
"Candies, milk chocolate",SR Legacy
"Candies, milk chocolate coated coffee beans",SR Legacy
"Candies, milk chocolate coated peanuts",SR Legacy
"Candies, milk chocolate coated raisins",SR Legacy
"Candies, milk chocolate, with almonds",SR Legacy
"Candies, milk chocolate, with rice cereal",SR Legacy
"Candies, MOUNDS Candy Bar",SR Legacy
"Candies, MR. GOODBAR Chocolate Bar",SR Legacy
"Candies, NESTLE, 100 GRAND Bar",SR Legacy
"Candies, NESTLE, AFTER EIGHT Mints",SR Legacy
"Candies, NESTLE, BABY RUTH Bar",SR Legacy
"Candies, NESTLE, BIT-O'-HONEY Candy Chews",SR Legacy
"Candies, NESTLE, BUTTERFINGER Bar",SR Legacy
"Candies, NESTLE, BUTTERFINGER Crisp",SR Legacy
"Candies, NESTLE, CHUNKY Bar",SR Legacy
"Candies, NESTLE, CRUNCH Bar and Dessert Topping",SR Legacy
"Candies, NESTLE, GOOBERS Chocolate Covered Peanuts",SR Legacy
"Candies, NESTLE, OH HENRY! Bar",SR Legacy
"Candies, NESTLE, RAISINETS Chocolate Covered Raisins",SR Legacy
"Candies, nougat, with almonds",SR Legacy
"Candies, peanut bar",SR Legacy
"Candies, peanut brittle, prepared-from-recipe",SR Legacy
"Candies, praline, prepared-from-recipe",SR Legacy
"Candies, REESE'S BITES",SR Legacy
"Candies, REESE's Fast Break, milk chocolate, peanut butter, soft nougats, candy bar",SR Legacy
"Candies, REESE'S NUTRAGEOUS Candy Bar",SR Legacy
"Candies, REESE'S Peanut Butter Cups",SR Legacy
"Candies, REESE'S PIECES Candy",SR Legacy
"Candies, REESE'S, FAST BREAK, milk chocolate peanut butter and soft nougats",SR Legacy
"Candies, ROLO Caramels in Milk Chocolate",SR Legacy
"Candies, semisweet chocolate",SR Legacy
"Candies, semisweet chocolate, made with butter",SR Legacy
"Candies, sesame crunch",SR Legacy
"Candies, soft fruit and nut squares",SR Legacy
"Candies, SPECIAL DARK Chocolate Bar",SR Legacy
"Candies, sugar-coated almonds",SR Legacy
"Candies, sweet chocolate",SR Legacy
"Candies, sweet chocolate coated fondant",SR Legacy
"Candies, SYMPHONY Milk Chocolate Bar",SR Legacy
"Candies, taffy, prepared-from-recipe",SR Legacy
"Candies, Tamarind",SR Legacy
"Candies, TOBLERONE, milk chocolate with honey and almond nougat",SR Legacy
"Candies, toffee, prepared-from-recipe",SR Legacy
"Candies, TOOTSIE ROLL, chocolate-flavor roll",SR Legacy
"Candies, truffles, prepared-from-recipe",SR Legacy
"Candies, TWIZZLERS CHERRY BITES",SR Legacy
"Candies, TWIZZLERS NIBS CHERRY BITS",SR Legacy
"Candies, TWIZZLERS Strawberry Twists Candy",SR Legacy
"Candies, WHATCHAMACALLIT Candy Bar",SR Legacy
"Candies, white chocolate",SR Legacy
"Candies, YORK BITES",SR Legacy
"Candies, YORK Peppermint Pattie",SR Legacy
"Candy, caramel",Survey (FNDDS)
"Candy, cotton",Survey (FNDDS)
"Candy, fruit flavored pieces",Survey (FNDDS)
"Candy, fruit leather",Survey (FNDDS)
"Candy, fruit snacks",Survey (FNDDS)
"Candy, gummy",Survey (FNDDS)
"Candy, hard",Survey (FNDDS)
"Candy, licorice",Survey (FNDDS)
"Candy, lollipop",Survey (FNDDS)
"Candy, marshmallow",Survey (FNDDS)
"Candy, mint",Survey (FNDDS)
"Candy, NFS",Survey (FNDDS)
"Candy, non chocolate, other, NFS",Survey (FNDDS)
"Candy, non chocolate, sugar free",Survey (FNDDS)
"Candy, nougat with nuts",Survey (FNDDS)
"Candy, peanut brittle",Survey (FNDDS)
"Candy, sprinkles",Survey (FNDDS)
"Candy, taffy",Survey (FNDDS)
"Cannelloni, cheese- and spinach-filled, no sauce",Survey (FNDDS)
Canola oil,Survey (FNDDS)
Cantaloupe nectar,Survey (FNDDS)
"Cantaloupe, raw",Survey (FNDDS)
Cape Cod,Survey (FNDDS)
"Capers, canned",SR Legacy
"Carambola, (starfruit), raw",SR Legacy
"Caramel dip, light",Survey (FNDDS)
"Caramel dip, regular",Survey (FNDDS)
"Carbonated beverage, chocolate-flavored soda",SR Legacy
"Carbonated beverage, cream soda",SR Legacy
"Carbonated beverage, low calorie, other than cola or pepper, with sodium saccharin, without caffeine",SR Legacy
"Cardoon, cooked, boiled, drained, with salt",SR Legacy
"Cardoon, cooked, boiled, drained, without salt",SR Legacy
"Cardoon, raw",SR Legacy
Caribou,Survey (FNDDS)
"Caribou, bone marrow, raw (Alaska Native)",SR Legacy
"Caribou, eye, raw (Alaska Native)",SR Legacy
"Caribou, hind quarter meat, raw (Alaska Native)",SR Legacy
"Caribou, hind quarter, meat, cooked (Alaska Native)",SR Legacy
"Caribou, liver, raw (Alaska Native)",SR Legacy
"Caribou, rump meat, half dried (Alaska Native)",SR Legacy
"Caribou, shoulder meat, dried (Alaska Native)",SR Legacy
"Caribou, tongue, raw (Alaska Native)",SR Legacy
"Carissa, (natal-plum), raw",SR Legacy
Carob flour,SR Legacy
"CARRABBA'S ITALIAN GRILL, cheese ravioli with marinara sauce",SR Legacy
"CARRABBA'S ITALIAN GRILL, chicken parmesan without cavatappi pasta",SR Legacy
"CARRABBA'S ITALIAN GRILL, lasagne",SR Legacy
"CARRABBA'S ITALIAN GRILL, spaghetti with meat sauce",SR Legacy
"CARRABBA'S ITALIAN GRILL, spaghetti with pomodoro sauce",SR Legacy
"Carrot juice, 100%",Survey (FNDDS)
"Carrot juice, canned",SR Legacy
"Carrot, dehydrated",SR Legacy
"Carrots, baby, raw",SR Legacy
"Carrots, baby, raw",Foundation
"Carrots, canned, cooked with butter or margarine",Survey (FNDDS)
"Carrots, canned, cooked with oil",Survey (FNDDS)
"Carrots, canned, cooked, fat added, NS as to fat type",Survey (FNDDS)
"Carrots, canned, cooked, no added fat",Survey (FNDDS)
"Carrots, canned, no salt added, drained solids",SR Legacy
"Carrots, canned, no salt added, solids and liquids",SR Legacy
"Carrots, canned, reduced sodium, cooked with butter or margarine",Survey (FNDDS)
"Carrots, canned, reduced sodium, cooked with oil",Survey (FNDDS)
"Carrots, canned, reduced sodium, cooked, fat added, NS as to fat type",Survey (FNDDS)
"Carrots, canned, reduced sodium, cooked, no added fat",Survey (FNDDS)
"Carrots, canned, regular pack, drained solids",SR Legacy
"Carrots, canned, regular pack, solids and liquids",SR Legacy
"Carrots, cooked, as ingredient",Survey (FNDDS)
"Carrots, cooked, boiled, drained, with salt",SR Legacy
"Carrots, cooked, boiled, drained, without salt",SR Legacy
"Carrots, cooked, from restaurant",Survey (FNDDS)
"Carrots, fresh, cooked with butter or margarine",Survey (FNDDS)
"Carrots, fresh, cooked with oil",Survey (FNDDS)
"Carrots, fresh, cooked, fat added, NS as to fat type",Survey (FNDDS)
"Carrots, fresh, cooked, no added fat",Survey (FNDDS)
"Carrots, frozen, cooked with butter or margarine",Survey (FNDDS)
"Carrots, frozen, cooked with oil",Survey (FNDDS)
"Carrots, frozen, cooked, boiled, drained, with salt",SR Legacy
"Carrots, frozen, cooked, boiled, drained, without salt",SR Legacy
"Carrots, frozen, cooked, fat added, NS as to fat type",Survey (FNDDS)
"Carrots, frozen, cooked, no added fat",Survey (FNDDS)
"Carrots, frozen, unprepared",Foundation
"Carrots, frozen, unprepared (Includes foods for USDA's Food Distribution Program)",SR Legacy
"Carrots, glazed, cooked",Survey (FNDDS)
"Carrots, mature, raw",Foundation
"Carrots, NS as to form, cooked",Survey (FNDDS)
"Carrots, raw",Survey (FNDDS)
"Carrots, raw",SR Legacy
"Carrots, raw, salad",Survey (FNDDS)
"Carrots, raw, salad with apples",Survey (FNDDS)
"Casabe, cassava bread",Survey (FNDDS)
Cashew butter,Survey (FNDDS)
"Cashews, honey roasted",Survey (FNDDS)
"Cashews, lightly salted",Survey (FNDDS)
"Cashews, NFS",Survey (FNDDS)
"Cashews, salted",Survey (FNDDS)
"Cashews, unroasted",Survey (FNDDS)
"Cashews, unsalted",Survey (FNDDS)
"Cassava, cooked",Survey (FNDDS)
"Cassava, raw",SR Legacy
Catsup,SR Legacy
"Catsup, low sodium",SR Legacy
"Cattail, Narrow Leaf Shoots (Northern Plains Indians)",SR Legacy
"Cauliflower, cooked, as ingredient",Survey (FNDDS)
"Cauliflower, cooked, boiled, drained, with salt",SR Legacy
"Cauliflower, cooked, boiled, drained, without salt",SR Legacy
"Cauliflower, fresh, cooked with butter or margarine",Survey (FNDDS)
"Cauliflower, fresh, cooked with oil",Survey (FNDDS)
"Cauliflower, fresh, cooked, fat added, NS as to fat type",Survey (FNDDS)
"Cauliflower, fresh, cooked, no added fat",Survey (FNDDS)
"Cauliflower, frozen, cooked with butter or margarine",Survey (FNDDS)
"Cauliflower, frozen, cooked with oil",Survey (FNDDS)
"Cauliflower, frozen, cooked, boiled, drained, with salt",SR Legacy
"Cauliflower, frozen, cooked, boiled, drained, without salt",SR Legacy
"Cauliflower, frozen, cooked, fat added, NS as to fat type",Survey (FNDDS)
"Cauliflower, frozen, cooked, no added fat",Survey (FNDDS)
"Cauliflower, frozen, unprepared",SR Legacy
"Cauliflower, green, cooked, no salt added",SR Legacy
"Cauliflower, green, cooked, with salt",SR Legacy
"Cauliflower, green, raw",SR Legacy
"Cauliflower, NS as to form, cooked",Survey (FNDDS)
"Cauliflower, pickled",Survey (FNDDS)
"Cauliflower, raw",Foundation
"Cauliflower, raw",SR Legacy
"Cauliflower, raw",Survey (FNDDS)
Caviar,Survey (FNDDS)
"Celeriac, cooked, boiled, drained, with salt",SR Legacy
"Celeriac, cooked, boiled, drained, without salt",SR Legacy
"Celeriac, raw",SR Legacy
Celery juice,Survey (FNDDS)
"Celery, cooked",Survey (FNDDS)
"Celery, cooked, as ingredient",Survey (FNDDS)
"Celery, cooked, boiled, drained, with salt",SR Legacy
"Celery, cooked, boiled, drained, without salt",SR Legacy
"Celery, pickled",Survey (FNDDS)
"Celery, raw",Survey (FNDDS)
"Celery, raw",Foundation
"Celery, raw",SR Legacy
"Celtuce, raw",SR Legacy
Cereal or granola bar (General Mills Fiber One Chewy Bar),Survey (FNDDS)
Cereal or granola bar (General Mills Nature Valley Chewy Trail Mix),Survey (FNDDS)
Cereal or granola bar (General Mills Nature Valley Crunchy Granola Bar),Survey (FNDDS)
Cereal or granola bar (General Mills Nature Valley Sweet and Salty Granola Bar),Survey (FNDDS)
Cereal or granola bar (Kashi Chewy),Survey (FNDDS)
Cereal or granola bar (Kashi Crunchy),Survey (FNDDS)
Cereal or granola bar (Kellogg's Nutri-Grain Cereal Bar),Survey (FNDDS)
Cereal or granola bar (Kellogg's Nutri-Grain Fruit and Nut Bar),Survey (FNDDS)
Cereal or granola bar (Kellogg's Nutri-Grain Yogurt Bar),Survey (FNDDS)
Cereal or granola bar (Kellogg's Special K bar),Survey (FNDDS)
Cereal or granola bar (KIND Fruit and Nut Bar),Survey (FNDDS)
Cereal or granola bar (Quaker Chewy 25% Less Sugar Granola Bar),Survey (FNDDS)
Cereal or granola bar (Quaker Chewy 90 Calorie Granola Bar),Survey (FNDDS)
Cereal or granola bar (Quaker Chewy Dipps Granola Bar),Survey (FNDDS)
Cereal or granola bar (Quaker Chewy Granola Bar),Survey (FNDDS)
Cereal or granola bar (Quaker Granola Bites),Survey (FNDDS)
"Cereal or granola bar with nuts, chocolate coated",Survey (FNDDS)
"Cereal or granola bar, chocolate coated, NFS",Survey (FNDDS)
"Cereal or granola bar, coated with non-chocolate coating",Survey (FNDDS)
"Cereal or granola bar, fruit and nut",Survey (FNDDS)
"Cereal or granola bar, high fiber, coated with non-chocolate yogurt coating",Survey (FNDDS)
"Cereal or granola bar, lowfat, NFS",Survey (FNDDS)
"Cereal or Granola bar, NFS",Survey (FNDDS)
"Cereal or granola bar, nonfat",Survey (FNDDS)
"Cereal or granola bar, oats, nuts, coated with non-chocolate coating",Survey (FNDDS)
"Cereal or granola bar, peanuts , oats, sugar, wheat germ",Survey (FNDDS)
"Cereal or granola bar, reduced sugar, NFS",Survey (FNDDS)
"Cereal or granola bar, with coconut, chocolate coated",Survey (FNDDS)
"Cereal or granola bar, with rice cereal",Survey (FNDDS)
"Cereal or granola bar, with yogurt coating (General Mills Nature Valley Chewy Granola Bar)",Survey (FNDDS)
"Cereal, bran flakes, flavored",Survey (FNDDS)
"Cereal, bran flakes, plain",Survey (FNDDS)
"Cereal, chocolate crispy",Survey (FNDDS)
"Cereal, chocolate puffs",Survey (FNDDS)
"Cereal, cinnamon toast",Survey (FNDDS)
"Cereal, cooked, NFS",Survey (FNDDS)
"Cereal, corn flakes, flavored",Survey (FNDDS)
"Cereal, corn flakes, plain",Survey (FNDDS)
"Cereal, corn puffs",Survey (FNDDS)
"Cereal, corn squares",Survey (FNDDS)
"Cereal, corn squares, flavored",Survey (FNDDS)
"Cereal, crunch",Survey (FNDDS)
"Cereal, flavored puffs",Survey (FNDDS)
"Cereal, frosted oats with marshmallows",Survey (FNDDS)
"Cereal, fruit crispy",Survey (FNDDS)
"Cereal, fruit rings",Survey (FNDDS)
"Cereal, granola",Survey (FNDDS)
"Cereal, K's, flavored",Survey (FNDDS)
"Cereal, K's, plain",Survey (FNDDS)
"Cereal, multigrain",Survey (FNDDS)
"Cereal, O's, flavored",Survey (FNDDS)
"Cereal, O's, honey nut",Survey (FNDDS)
"Cereal, O's, multigrain",Survey (FNDDS)
"Cereal, O's, NFS",Survey (FNDDS)
"Cereal, O's, plain",Survey (FNDDS)
"Cereal, oat bran, ready-to-eat",Survey (FNDDS)
"Cereal, oat bunches",Survey (FNDDS)
"Cereal, oat squares",Survey (FNDDS)
"Cereal, other, chocolate",Survey (FNDDS)
"Cereal, other, fruit flavored",Survey (FNDDS)
"Cereal, other, honey",Survey (FNDDS)
"Cereal, other, NFS",Survey (FNDDS)
"Cereal, other, peanut butter",Survey (FNDDS)
"Cereal, other, plain",Survey (FNDDS)
"Cereal, plain puffs",Survey (FNDDS)
"Cereal, ready-to-eat, NFS",Survey (FNDDS)
"Cereal, reduced sugar",Survey (FNDDS)
"Cereal, rice crispy, flavored",Survey (FNDDS)
"Cereal, rice crispy, plain",Survey (FNDDS)
"Cereal, rice squares",Survey (FNDDS)
"Cereal, shredded wheat, flavored",Survey (FNDDS)
"Cereal, shredded wheat, plain",Survey (FNDDS)
"Cereal, wheat flakes",Survey (FNDDS)
"Cereal, wheat squares",Survey (FNDDS)
"Cereals ready-to-eat, ALPEN",SR Legacy
"Cereals ready-to-eat, BARBARA'S PUFFINS, original",SR Legacy
"Cereals ready-to-eat, chocolate-flavored frosted puffed corn",SR Legacy
"Cereals ready-to-eat, FAMILIA",SR Legacy
"Cereals ready-to-eat, frosted oat cereal with marshmallows",SR Legacy
"Cereals ready-to-eat, GENERAL MILLS, CHEERIOS",SR Legacy
"Cereals ready-to-eat, granola, homemade",SR Legacy
"Cereals ready-to-eat, HEALTH VALLEY, FIBER 7 Flakes",SR Legacy
"Cereals ready-to-eat, MALT-O-MEAL, Apple ZINGS",SR Legacy
"Cereals ready-to-eat, MALT-O-MEAL, BERRY COLOSSAL CRUNCH",SR Legacy
"Cereals ready-to-eat, MALT-O-MEAL, Blueberry MUFFIN TOPS Cereal",SR Legacy
"Cereals ready-to-eat, MALT-O-MEAL, CHOCOLATE MARSHMALLOW MATEYS",SR Legacy
"Cereals ready-to-eat, MALT-O-MEAL, CINNAMON TOASTERS",SR Legacy
"Cereals ready-to-eat, MALT-O-MEAL, COCO-ROOS",SR Legacy
"Cereals ready-to-eat, MALT-O-MEAL, Cocoa DYNO-BITES",SR Legacy
"Cereals ready-to-eat, MALT-O-MEAL, COLOSSAL CRUNCH",SR Legacy
"Cereals ready-to-eat, MALT-O-MEAL, CORN BURSTS",SR Legacy
"Cereals ready-to-eat, MALT-O-MEAL, Crispy Rice",SR Legacy
"Cereals ready-to-eat, MALT-O-MEAL, Frosted Flakes",SR Legacy
"Cereals ready-to-eat, MALT-O-MEAL, Frosted Mini SPOONERS",SR Legacy
"Cereals ready-to-eat, MALT-O-MEAL, Fruity DYNO-BITES",SR Legacy
"Cereals ready-to-eat, MALT-O-MEAL, GOLDEN PUFFS",SR Legacy
"Cereals ready-to-eat, MALT-O-MEAL, Honey BUZZERS",SR Legacy
"Cereals ready-to-eat, MALT-O-MEAL, HONEY GRAHAM SQUARES",SR Legacy
"Cereals ready-to-eat, MALT-O-MEAL, Honey Nut SCOOTERS",SR Legacy
"Cereals ready-to-eat, MALT-O-MEAL, MARSHMALLOW MATEYS",SR Legacy
"Cereals ready-to-eat, MALT-O-MEAL, OAT BLENDERS with honey",SR Legacy
"Cereals ready-to-eat, MALT-O-MEAL, OAT BLENDERS with honey & almonds",SR Legacy
"Cereals ready-to-eat, MALT-O-MEAL, Raisin Bran Cereal",SR Legacy
"Cereals ready-to-eat, MALT-O-MEAL, TOOTIE FRUITIES",SR Legacy
"Cereals ready-to-eat, MOM'S BEST, Honey Nut TOASTY O'S",SR Legacy
"Cereals ready-to-eat, MOM'S BEST, Sweetened WHEAT-FULS",SR Legacy
"Cereals ready-to-eat, NATURE'S PATH, Organic FLAX PLUS flakes",SR Legacy
"Cereals ready-to-eat, NATURE'S PATH, Organic FLAX PLUS, Pumpkin Granola",SR Legacy
"Cereals ready-to-eat, OAT BRAN FLAKES, HEALTH VALLEY",SR Legacy
"Cereals ready-to-eat, POST Bran Flakes",SR Legacy
"Cereals ready-to-eat, POST GREAT GRAINS Banana Nut Crunch",SR Legacy
"Cereals ready-to-eat, POST GREAT GRAINS Cranberry Almond Crunch",SR Legacy
"Cereals ready-to-eat, POST HONEY BUNCHES OF OATS with cinnamon bunches",SR Legacy
"Cereals ready-to-eat, POST Raisin Bran Cereal",SR Legacy
"Cereals ready-to-eat, POST SELECTS Blueberry Morning",SR Legacy
"Cereals ready-to-eat, POST SELECTS Maple Pecan Crunch",SR Legacy
"Cereals ready-to-eat, POST, ALPHA-BITS",SR Legacy
"Cereals ready-to-eat, POST, COCOA PEBBLES",SR Legacy
"Cereals ready-to-eat, POST, FRUITY PEBBLES",SR Legacy
"Cereals ready-to-eat, POST, GOLDEN CRISP",SR Legacy
"Cereals ready-to-eat, POST, GRAPE-NUTS Cereal",SR Legacy
"Cereals ready-to-eat, POST, GRAPE-NUTS Flakes",SR Legacy
"Cereals ready-to-eat, POST, GREAT GRAINS Crunchy Pecan Cereal",SR Legacy
"Cereals ready-to-eat, POST, GREAT GRAINS, Raisin, Date & Pecan",SR Legacy
"Cereals ready-to-eat, POST, HONEY BUNCHES OF OATS with vanilla bunches",SR Legacy
"Cereals ready-to-eat, POST, HONEY BUNCHES OF OATS, honey roasted",SR Legacy
"Cereals ready-to-eat, POST, HONEY BUNCHES OF OATS, pecan bunches",SR Legacy
"Cereals ready-to-eat, POST, HONEY BUNCHES OF OATS, with almonds",SR Legacy
"Cereals ready-to-eat, POST, HONEY BUNCHES OF OATS, with real strawberries",SR Legacy
"Cereals ready-to-eat, POST, Honey Nut Shredded Wheat",SR Legacy
"Cereals ready-to-eat, POST, Honeycomb Cereal",SR Legacy
"Cereals ready-to-eat, POST, Shredded Wheat n' Bran, spoon-size",SR Legacy
"Cereals ready-to-eat, POST, Shredded Wheat, lightly frosted, spoon-size",SR Legacy
"Cereals ready-to-eat, POST, Shredded Wheat, original big biscuit",SR Legacy
"Cereals ready-to-eat, POST, Shredded Wheat, original spoon-size",SR Legacy
"Cereals ready-to-eat, Post, Waffle Crisp",SR Legacy
"Cereals ready-to-eat, QUAKER Oatmeal Squares, Golden Maple",SR Legacy
"Cereals ready-to-eat, QUAKER WHOLE HEARTS oat cereal",SR Legacy
"Cereals ready-to-eat, QUAKER, 100% Natural Granola, Oats, Wheat and Honey",SR Legacy
"Cereals ready-to-eat, QUAKER, CAP'N CRUNCH",SR Legacy
"Cereals ready-to-eat, QUAKER, CAP'N CRUNCH with CRUNCHBERRIES",SR Legacy
"Cereals ready-to-eat, QUAKER, CAP'N CRUNCH'S Halloween Crunch",SR Legacy
"Cereals ready-to-eat, QUAKER, Cap'n Crunch's OOPS! All Berries Cereal",SR Legacy
"Cereals ready-to-eat, QUAKER, CAP'N CRUNCH'S PEANUT BUTTER CRUNCH",SR Legacy
"Cereals ready-to-eat, QUAKER, Christmas Crunch",SR Legacy
"Cereals ready-to-eat, QUAKER, HONEY GRAHAM OH!S",SR Legacy
"Cereals ready-to-eat, QUAKER, KING VITAMAN",SR Legacy
"Cereals ready-to-eat, QUAKER, Low Fat 100% Natural Granola with Raisins",SR Legacy
"Cereals ready-to-eat, QUAKER, Maple Brown Sugar LIFE Cereal",SR Legacy
"Cereals ready-to-eat, QUAKER, MOTHER'S Cinnamon Oat Crunch",SR Legacy
"Cereals ready-to-eat, QUAKER, MOTHER'S COCOA BUMPERS",SR Legacy
"Cereals ready-to-eat, QUAKER, MOTHER'S GRAHAM BUMPERS",SR Legacy
"Cereals ready-to-eat, QUAKER, MOTHER'S PEANUT BUTTER BUMPERS Cereal",SR Legacy
"Cereals ready-to-eat, QUAKER, MOTHER'S Toasted Oat Bran cereal",SR Legacy
"Cereals ready-to-eat, QUAKER, Natural Granola Apple Cranberry Almond",SR Legacy
"Cereals ready-to-eat, QUAKER, Oatmeal Squares",SR Legacy
"Cereals ready-to-eat, QUAKER, Oatmeal Squares, cinnamon",SR Legacy
"Cereals ready-to-eat, QUAKER, QUAKER 100% Natural Granola with Oats, Wheat, Honey, and Raisins",SR Legacy
"Cereals ready-to-eat, QUAKER, QUAKER CRUNCHY BRAN",SR Legacy
"Cereals ready-to-eat, QUAKER, QUAKER Honey Graham LIFE Cereal",SR Legacy
"Cereals ready-to-eat, QUAKER, QUAKER OAT CINNAMON LIFE",SR Legacy
"Cereals ready-to-eat, QUAKER, QUAKER OAT LIFE, plain",SR Legacy
"Cereals ready-to-eat, QUAKER, QUAKER Puffed Rice",SR Legacy
"Cereals ready-to-eat, QUAKER, QUAKER Puffed Wheat",SR Legacy
"Cereals ready-to-eat, QUAKER, Shredded Wheat, bagged cereal",SR Legacy
"Cereals ready-to-eat, QUAKER, SWEET CRUNCH/QUISP",SR Legacy
"Cereals ready-to-eat, QUAKER, Toasted Multigrain Crisps",SR Legacy
"Cereals ready-to-eat, RALSTON Corn Biscuits",SR Legacy
"Cereals ready-to-eat, RALSTON Corn Flakes",SR Legacy
"Cereals ready-to-eat, RALSTON CRISP RICE",SR Legacy
"Cereals ready-to-eat, RALSTON Crispy Hexagons",SR Legacy
"Cereals ready-to-eat, RALSTON Enriched Wheat Bran flakes",SR Legacy
"Cereals ready-to-eat, RALSTON TASTEEOS",SR Legacy
"Cereals ready-to-eat, rice, puffed, fortified",SR Legacy
"Cereals ready-to-eat, SUN COUNTRY, KRETSCHMER Honey Crunch Wheat Germ",SR Legacy
"Cereals ready-to-eat, SUN COUNTRY, KRETSCHMER Toasted Wheat Bran",SR Legacy
"Cereals ready-to-eat, SUN COUNTRY, KRETSCHMER Wheat Germ, Regular",SR Legacy
"Cereals ready-to-eat, UNCLE SAM CEREAL",SR Legacy
"Cereals ready-to-eat, WEETABIX whole grain cereal",SR Legacy
"Cereals ready-to-eat, wheat and bran, presweetened with nuts and fruits",SR Legacy
"Cereals ready-to-eat, wheat germ, toasted, plain",SR Legacy
"Cereals ready-to-eat, wheat, puffed, fortified",SR Legacy
"Cereals, corn grits, white, regular and quick, enriched, cooked with water, with salt",SR Legacy
"Cereals, corn grits, white, regular and quick, enriched, cooked with water, without salt",SR Legacy
"Cereals, corn grits, white, regular and quick, enriched, dry",SR Legacy
"Cereals, corn grits, yellow, regular and quick, enriched, cooked with water, without salt",SR Legacy
"Cereals, corn grits, yellow, regular and quick, unenriched, dry",SR Legacy
"Cereals, corn grits, yellow, regular, quick, enriched, cooked with water, with salt",SR Legacy
"Cereals, CREAM OF RICE, cooked with water, with salt",SR Legacy
"Cereals, CREAM OF RICE, dry",SR Legacy
"Cereals, CREAM OF WHEAT, 1 minute cook time, cooked with water, microwaved, without salt",SR Legacy
"Cereals, CREAM OF WHEAT, 1 minute cook time, cooked with water, stove-top, without salt",SR Legacy
"Cereals, CREAM OF WHEAT, 1 minute cook time, dry",SR Legacy
"Cereals, CREAM OF WHEAT, 2 1/2 minute cook time, cooked with water, microwaved, without salt",SR Legacy
"Cereals, CREAM OF WHEAT, 2 1/2 minute cook time, cooked with water, stove-top, without salt",SR Legacy
"Cereals, CREAM OF WHEAT, 2 1/2 minute cook time, dry",SR Legacy
"Cereals, CREAM OF WHEAT, instant, dry",SR Legacy
"Cereals, CREAM OF WHEAT, instant, prepared with water, without salt",SR Legacy
"Cereals, CREAM OF WHEAT, regular (10 minute), cooked with water, with salt",SR Legacy
"Cereals, CREAM OF WHEAT, regular (10 minute), cooked with water, without salt",SR Legacy
"Cereals, CREAM OF WHEAT, regular, 10 minute cooking, dry",SR Legacy
"Cereals, farina, enriched, assorted brands including CREAM OF WHEAT, quick (1-3 minutes), cooked with water, without salt",SR Legacy
"Cereals, farina, enriched, assorted brands including CREAM OF WHEAT, quick (1-3 minutes), dry",SR Legacy
"Cereals, farina, enriched, cooked with water, with salt",SR Legacy
"Cereals, farina, unenriched, dry",SR Legacy
"Cereals, MALT-O-MEAL, chocolate, dry",SR Legacy
"Cereals, MALT-O-MEAL, chocolate, prepared with water, without salt",SR Legacy
"Cereals, MALT-O-MEAL, Farina Hot Wheat Cereal, dry",SR Legacy
"Cereals, MALT-O-MEAL, Maple & Brown Sugar Hot Wheat Cereal, dry",SR Legacy
"Cereals, MALT-O-MEAL, original, plain, dry",SR Legacy
"Cereals, MALT-O-MEAL, original, plain, prepared with water, without salt",SR Legacy
"Cereals, Oat Bran, QUAKER, QUAKER/MOTHER'S Oat Bran, prepared with water, salt",SR Legacy
"Cereals, oats, instant, fortified, maple and brown sugar, dry",SR Legacy
"Cereals, oats, instant, fortified, plain, dry",SR Legacy
"Cereals, oats, instant, fortified, plain, prepared with water (boiling water added or microwaved)",SR Legacy
"Cereals, oats, instant, fortified, with cinnamon and spice, dry",SR Legacy
"Cereals, oats, instant, fortified, with cinnamon and spice, prepared with water",SR Legacy
"Cereals, oats, instant, fortified, with raisins and spice, prepared with water",SR Legacy
"Cereals, oats, regular and quick and instant, unenriched, cooked with water (includes boiling and microwaving), with salt",SR Legacy
"Cereals, oats, regular and quick, not fortified, dry",SR Legacy
"Cereals, oats, regular and quick, unenriched, cooked with water (includes boiling and microwaving), without salt",SR Legacy
"Cereals, QUAKER, corn grits, instant, cheddar cheese flavor, dry",SR Legacy
"Cereals, QUAKER, corn grits, instant, plain, dry",SR Legacy
"Cereals, QUAKER, corn grits, instant, plain, prepared (microwaved or boiling water added), without salt",SR Legacy
"Cereals, QUAKER, hominy grits, white, quick, dry",SR Legacy
"Cereals, QUAKER, hominy grits, white, regular, dry",SR Legacy
"Cereals, QUAKER, Instant Grits Product with American Cheese Flavor, dry",SR Legacy
"Cereals, QUAKER, Instant Grits, Butter flavor, dry",SR Legacy
"Cereals, QUAKER, Instant Grits, Country Bacon flavor, dry",SR Legacy
"Cereals, QUAKER, Instant Grits, Ham 'n' Cheese flavor, dry",SR Legacy
"Cereals, QUAKER, Instant Grits, Redeye Gravy & Country Ham flavor, dry",SR Legacy
"Cereals, QUAKER, Instant Oatmeal Organic, Regular",SR Legacy
"Cereals, QUAKER, Instant Oatmeal, Apple and Cinnamon, reduced sugar",SR Legacy
"Cereals, QUAKER, Instant Oatmeal, apples and cinnamon, dry",SR Legacy
"Cereals, QUAKER, Instant Oatmeal, Banana Bread, dry",SR Legacy
"Cereals, QUAKER, Instant Oatmeal, Cinnamon Spice, reduced sugar",SR Legacy
"Cereals, QUAKER, Instant Oatmeal, Cinnamon Swirl, high fiber",SR Legacy
"Cereals, QUAKER, Instant Oatmeal, Cinnamon-Spice, dry",SR Legacy
"Cereals, QUAKER, Instant Oatmeal, DINOSAUR EGGS, Brown Sugar, dry",SR Legacy
"Cereals, QUAKER, Instant Oatmeal, fruit and cream variety, dry",SR Legacy
"Cereals, QUAKER, Instant Oatmeal, fruit and cream, variety of flavors, reduced sugar",SR Legacy
"Cereals, QUAKER, Instant Oatmeal, maple and brown sugar, dry",SR Legacy
"Cereals, QUAKER, Instant Oatmeal, Raisin and Spice, dry",SR Legacy
"Cereals, QUAKER, Instant Oatmeal, raisins, dates and walnuts, dry",SR Legacy
"Cereals, QUAKER, Instant Oatmeal, weight control, cinnamon",SR Legacy
"Cereals, QUAKER, Oat Bran, QUAKER/MOTHER'S Oat Bran, dry",SR Legacy
"Cereals, QUAKER, Oat Bran, QUAKER/MOTHER'S Oat Bran, prepared with water, no salt",SR Legacy
"Cereals, QUAKER, oatmeal, REAL MEDLEYS, apple walnut, dry",SR Legacy
"Cereals, QUAKER, oatmeal, REAL MEDLEYS, blueberry hazelnut, dry",SR Legacy
"Cereals, QUAKER, oatmeal, REAL MEDLEYS, cherry pistachio, dry",SR Legacy
"Cereals, QUAKER, oatmeal, REAL MEDLEYS, peach almond, dry",SR Legacy
"Cereals, QUAKER, oatmeal, REAL MEDLEYS, summer berry, dry",SR Legacy
"Cereals, QUAKER, QUAKER MultiGrain Oatmeal, dry",SR Legacy
"Cereals, QUAKER, QUAKER MultiGrain Oatmeal, prepared with water, no salt",SR Legacy
"Cereals, QUAKER, QUAKER MultiGrain Oatmeal, prepared with water, salt",SR Legacy
"Cereals, QUAKER, Quick Oats with Iron, Dry",SR Legacy
"Cereals, QUAKER, Quick Oats, Dry",SR Legacy
"Cereals, QUAKER, Weight Control Instant Oatmeal, banana bread",SR Legacy
"Cereals, QUAKER, Weight Control Instant Oatmeal, maple and brown sugar",SR Legacy
"Cereals, QUAKER, Whole Wheat Natural Cereal, dry",SR Legacy
"Cereals, ready-to-eat, MALT-O-MEAL, Blueberry Mini SPOONERS",SR Legacy
"Cereals, WHEATENA, cooked with water",SR Legacy
"Cereals, WHEATENA, cooked with water, with salt",SR Legacy
"Cereals, WHEATENA, dry",SR Legacy
"Cereals, whole wheat hot natural cereal, cooked with water, with salt",SR Legacy
"Cereals, whole wheat hot natural cereal, cooked with water, without salt",SR Legacy
"Cereals, whole wheat hot natural cereal, dry",SR Legacy
Ceviche,Survey (FNDDS)
Champagne punch,Survey (FNDDS)
Channa Saag,Survey (FNDDS)
"Chard, cooked",Survey (FNDDS)
"Chard, raw",Survey (FNDDS)
"Chard, swiss, cooked, boiled, drained, with salt",SR Legacy
"Chard, swiss, cooked, boiled, drained, without salt",SR Legacy
"Chard, swiss, raw",SR Legacy
"Chayote, fruit, cooked, boiled, drained, with salt",SR Legacy
"Chayote, fruit, cooked, boiled, drained, without salt",SR Legacy
"Chayote, fruit, raw",SR Legacy
Cheese and Queso as ingredient,Survey (FNDDS)
Cheese as ingredient in sandwiches,Survey (FNDDS)
Cheese ball,Survey (FNDDS)
Cheese dip,Survey (FNDDS)
Cheese dip with chili pepper,Survey (FNDDS)
Cheese flavored corn snacks,Survey (FNDDS)
Cheese flavored corn snacks (Cheetos),Survey (FNDDS)
"Cheese flavored corn snacks, reduced fat",Survey (FNDDS)
Cheese fondue,Survey (FNDDS)
"Cheese food, cold pack, American",SR Legacy
"Cheese food, pasteurized process, American, vitamin D fortified",SR Legacy
"Cheese food, pasteurized process, American, without added vitamin D",SR Legacy
"Cheese food, pasteurized process, swiss",SR Legacy
Cheese pastry puffs,Survey (FNDDS)
"Cheese product, pasteurized process, American, reduced fat, fortified with vitamin D",SR Legacy
"Cheese product, pasteurized process, American, vitamin D fortified",SR Legacy
"Cheese puffs and twists, corn based, baked, low fat",SR Legacy
"Cheese quiche, meatless",Survey (FNDDS)
"Cheese sandwich, American cheese, on wheat bread",Survey (FNDDS)
"Cheese sandwich, American cheese, on white bread",Survey (FNDDS)
"Cheese sandwich, cheddar cheese, on wheat bread",Survey (FNDDS)
"Cheese sandwich, cheddar cheese, on white bread",Survey (FNDDS)
"Cheese sandwich, NFS",Survey (FNDDS)
"Cheese sandwich, reduced fat cheese, on wheat bread",Survey (FNDDS)
"Cheese sandwich, reduced fat cheese, on white bread",Survey (FNDDS)
Cheese sauce,Survey (FNDDS)
"Cheese sauce, for use with vegetables",Survey (FNDDS)
"Cheese sauce, prepared from recipe",SR Legacy
Cheese souffle,Survey (FNDDS)
"Cheese spread, American or Cheddar cheese base",Survey (FNDDS)
"Cheese spread, American or Cheddar cheese base, reduced fat",SR Legacy
"Cheese spread, American or Cheddar cheese base, reduced fat",Survey (FNDDS)
"Cheese spread, cream cheese",Survey (FNDDS)
"Cheese spread, cream cheese base",SR Legacy
"Cheese spread, pasteurized process, American",SR Legacy
"Cheese spread, pressurized can",Survey (FNDDS)
"Cheese spread, Swiss cheese base",Survey (FNDDS)
Cheese steak sandwich or sub on wheat,Survey (FNDDS)
Cheese steak sandwich or sub on white,Survey (FNDDS)
"Cheese substitute, mozzarella",SR Legacy
"Cheese,  with wine",Survey (FNDDS)
"Cheese, American",Survey (FNDDS)
"Cheese, American and Swiss blends",Survey (FNDDS)
"Cheese, american cheddar, imitation",SR Legacy
"Cheese, American, nonfat or fat free",Survey (FNDDS)
"Cheese, American, nonfat or fat free",SR Legacy
"Cheese, American, reduced fat",Survey (FNDDS)
"Cheese, American, reduced sodium",Survey (FNDDS)
"Cheese, American, restaurant",Foundation
"Cheese, blue",SR Legacy
"Cheese, Blue or Roquefort",Survey (FNDDS)
"Cheese, brick",SR Legacy
"Cheese, Brick",Survey (FNDDS)
"Cheese, Brie",Survey (FNDDS)
"Cheese, brie",SR Legacy
"Cheese, Camembert",Survey (FNDDS)
"Cheese, camembert",SR Legacy
"Cheese, caraway",SR Legacy
"Cheese, Cheddar",Survey (FNDDS)
"Cheese, cheddar",Foundation
"Cheese, cheddar (Includes foods for USDA's Food Distribution Program)",SR Legacy
"Cheese, Cheddar, nonfat or fat free",Survey (FNDDS)
"Cheese, cheddar, nonfat or fat free",SR Legacy
"Cheese, Cheddar, reduced fat",Survey (FNDDS)
"Cheese, cheddar, reduced fat (Includes foods for USDA's Food Distribution Program)",SR Legacy
"Cheese, Cheddar, reduced sodium",Survey (FNDDS)
"Cheese, cheddar, sharp, sliced",SR Legacy
"Cheese, cheshire",SR Legacy
"Cheese, Colby",Survey (FNDDS)
"Cheese, colby",SR Legacy
"Cheese, Colby Jack",Survey (FNDDS)
"Cheese, cotija, solid",Foundation
"Cheese, cottage cheese, with gelatin dessert",Survey (FNDDS)
"Cheese, cottage cheese, with gelatin dessert and fruit",Survey (FNDDS)
"Cheese, cottage cheese, with gelatin dessert and vegetables",Survey (FNDDS)
"Cheese, cottage, creamed, large or small curd",SR Legacy
"Cheese, cottage, creamed, large or small curd",Survey (FNDDS)
"Cheese, cottage, creamed, with fruit",SR Legacy
"Cheese, cottage, dry curd",Survey (FNDDS)
"Cheese, cottage, low fat",Survey (FNDDS)
"Cheese, cottage, lowfat, 1% milkfat",SR Legacy
"Cheese, cottage, lowfat, 1% milkfat, lactose reduced",SR Legacy
"Cheese, cottage, lowfat, 1% milkfat, no sodium added",SR Legacy
"Cheese, cottage, lowfat, 1% milkfat, with vegetables",SR Legacy
"Cheese, cottage, lowfat, 2% milkfat",Foundation
"Cheese, cottage, lowfat, 2% milkfat",SR Legacy
"Cheese, cottage, lowfat, lactose reduced",Survey (FNDDS)
"Cheese, cottage, lowfat, low sodium",Survey (FNDDS)
"Cheese, cottage, lowfat, with fruit",Survey (FNDDS)
"Cheese, cottage, NFS",Survey (FNDDS)
"Cheese, cottage, nonfat, uncreamed, dry, large or small curd",SR Legacy
"Cheese, cottage, salted, dry curd",Survey (FNDDS)
"Cheese, cottage, with fruit",Survey (FNDDS)
"Cheese, cottage, with vegetables",SR Legacy
"Cheese, cottage, with vegetables",Survey (FNDDS)
"Cheese, cream",SR Legacy
"Cheese, cream, fat free",SR Legacy
"Cheese, cream, low fat",SR Legacy
"Cheese, dry white, queso seco",SR Legacy
"Cheese, dry white, queso seco",Foundation
"Cheese, edam",SR Legacy
"Cheese, feta",SR Legacy
"Cheese, Feta",Survey (FNDDS)
"Cheese, feta, whole milk, crumbled",Foundation
"Cheese, Fontina",Survey (FNDDS)
"Cheese, fontina",SR Legacy
"Cheese, fresh, queso fresco",SR Legacy
"Cheese, gjetost",SR Legacy
"Cheese, goat",Survey (FNDDS)
"Cheese, goat, hard type",SR Legacy
"Cheese, goat, semisoft type",SR Legacy
"Cheese, goat, soft type",SR Legacy
"Cheese, gouda",SR Legacy
"Cheese, Gouda or Edam",Survey (FNDDS)
"Cheese, Gruyere",Survey (FNDDS)
"Cheese, gruyere",SR Legacy
"Cheese, Limburger",Survey (FNDDS)
"Cheese, limburger",SR Legacy
"Cheese, low fat, cheddar or colby",SR Legacy
"Cheese, low-sodium, cheddar or colby",SR Legacy
"Cheese, Mexican blend",Survey (FNDDS)
"Cheese, Mexican blend",SR Legacy
"Cheese, Mexican blend, reduced fat",Survey (FNDDS)
"Cheese, Mexican, blend, reduced fat",SR Legacy
"Cheese, mexican, queso anejo",SR Legacy
"Cheese, mexican, queso asadero",SR Legacy
"Cheese, mexican, queso chihuahua",SR Legacy
"Cheese, mexican, queso cotija",SR Legacy
"Cheese, Monterey",Survey (FNDDS)
"Cheese, monterey",SR Legacy
"Cheese, monterey jack, solid",Foundation
"Cheese, monterey, low fat",SR Legacy
"Cheese, Monterey, reduced fat",Survey (FNDDS)
"Cheese, mozzarella, low moisture, part-skim",Foundation
"Cheese, mozzarella, low moisture, part-skim",SR Legacy
"Cheese, mozzarella, low moisture, part-skim, shredded",SR Legacy
"Cheese, mozzarella, low sodium",SR Legacy
"Cheese, Mozzarella, NFS",Survey (FNDDS)
"Cheese, mozzarella, nonfat",SR Legacy
"Cheese, Mozzarella, nonfat or fat free",Survey (FNDDS)
"Cheese, Mozzarella, part skim",Survey (FNDDS)
"Cheese, mozzarella, part skim milk",SR Legacy
"Cheese, Mozzarella, reduced sodium",Survey (FNDDS)
"Cheese, mozzarella, whole milk",SR Legacy
"Cheese, mozzarella, whole milk, low moisture",SR Legacy
"Cheese, muenster",SR Legacy
"Cheese, Muenster",Survey (FNDDS)
"Cheese, muenster, low fat",SR Legacy
"Cheese, Muenster, reduced fat",Survey (FNDDS)
"Cheese, neufchatel",SR Legacy
"Cheese, NFS",Survey (FNDDS)
"Cheese, oaxaca, solid",Foundation
"Cheese, paneer",Survey (FNDDS)
"Cheese, Parmesan, dry grated",Survey (FNDDS)
"Cheese, Parmesan, dry grated, fat free",Survey (FNDDS)
"Cheese, Parmesan, dry grated, reduced fat",Survey (FNDDS)
"Cheese, parmesan, dry grated, reduced fat",SR Legacy
"Cheese, parmesan, grated",SR Legacy
"Cheese, parmesan, grated",Foundation
"Cheese, parmesan, grated, refrigerated",Foundation
"Cheese, parmesan, hard",SR Legacy
"Cheese, Parmesan, hard",Survey (FNDDS)
"Cheese, parmesan, low sodium",SR Legacy
"Cheese, parmesan, shredded",SR Legacy
"Cheese, pasteurized process cheese food or product, American, singles",Foundation
"Cheese, pasteurized process, American, fortified with vitamin D",SR Legacy
"Cheese, pasteurized process, American, low fat",SR Legacy
"Cheese, pasteurized process, American, vitamin D fortified",Foundation
"Cheese, pasteurized process, American, without added vitamin D",SR Legacy
"Cheese, pasteurized process, cheddar or American, low sodium",SR Legacy
"Cheese, pasteurized process, pimento",SR Legacy
"Cheese, pasteurized process, swiss",SR Legacy
"Cheese, port de salut",SR Legacy
"Cheese, Port du Salut",Survey (FNDDS)
"Cheese, processed cheese food",Survey (FNDDS)
"Cheese, processed, with vegetables",Survey (FNDDS)
"Cheese, provolone",SR Legacy
"Cheese, Provolone",Survey (FNDDS)
"Cheese, provolone, reduced fat",SR Legacy
"Cheese, provolone, reduced fat",Survey (FNDDS)
"Cheese, provolone, sliced",Foundation
"Cheese, queso fresco, solid",Foundation
"Cheese, Ricotta",Survey (FNDDS)
"Cheese, ricotta, part skim milk",SR Legacy
"Cheese, ricotta, whole milk",Foundation
"Cheese, ricotta, whole milk",SR Legacy
"Cheese, romano",SR Legacy
"Cheese, roquefort",SR Legacy
"Cheese, swiss",Foundation
"Cheese, swiss",SR Legacy
"Cheese, Swiss",Survey (FNDDS)
"Cheese, swiss, low fat",SR Legacy
"Cheese, swiss, low sodium",SR Legacy
"Cheese, Swiss, nonfat or fat free",Survey (FNDDS)
"Cheese, Swiss, nonfat or fat free",SR Legacy
"Cheese, Swiss, reduced fat",Survey (FNDDS)
"Cheese, Swiss, reduced sodium",Survey (FNDDS)
"Cheese, tilsit",SR Legacy
"Cheese, white, queso blanco",SR Legacy
Cheeseburger (Burger King),Survey (FNDDS)
Cheeseburger (McDonalds),Survey (FNDDS)
Cheeseburger slider,Survey (FNDDS)
"Cheeseburger slider, from fast food",Survey (FNDDS)
"Cheeseburger, from fast food, 1 large patty",Survey (FNDDS)
"Cheeseburger, from fast food, 1 medium patty",Survey (FNDDS)
"Cheeseburger, from fast food, 1 small patty",Survey (FNDDS)
"Cheeseburger, from school cafeteria",Survey (FNDDS)
"Cheeseburger, NFS",Survey (FNDDS)
"Cheeseburger, on wheat bun, 1 large patty",Survey (FNDDS)
"Cheeseburger, on wheat bun, 1 medium patty",Survey (FNDDS)
"Cheeseburger, on wheat bun, 1 small patty",Survey (FNDDS)
"Cheeseburger, on white bun, 1 large patty",Survey (FNDDS)
"Cheeseburger, on white bun, 1 medium patty",Survey (FNDDS)
"Cheeseburger, on white bun, 1 small patty",Survey (FNDDS)
"Cheesecake, chocolate",Survey (FNDDS)
"Cheesecake, fruit",Survey (FNDDS)
"Cheesecake, plain",Survey (FNDDS)
"Cheesefurter, cheese smokie, pork, beef",SR Legacy
"Cherimoya, raw",SR Legacy
"Cherries, canned",Survey (FNDDS)
"Cherries, dried",Survey (FNDDS)
"Cherries, frozen",Survey (FNDDS)
"Cherries, maraschino",Survey (FNDDS)
"Cherries, raw",Survey (FNDDS)
"Cherries, sour, canned, water pack, drained",SR Legacy
"Cherries, sour, red, canned, extra heavy syrup pack, solids and liquids",SR Legacy
"Cherries, sour, red, canned, heavy syrup pack, solids and liquids",SR Legacy
"Cherries, sour, red, canned, light syrup pack, solids and liquids",SR Legacy
"Cherries, sour, red, canned, water pack, solids and liquids",SR Legacy
"Cherries, sour, red, frozen, unsweetened (Includes foods for USDA's Food Distribution Program)",SR Legacy
"Cherries, sour, red, raw",SR Legacy
"Cherries, sweet, canned, extra heavy syrup pack, solids and liquids",SR Legacy
"Cherries, sweet, canned, juice pack, solids and liquids",SR Legacy
"Cherries, sweet, canned, light syrup pack, solids and liquids",SR Legacy
"Cherries, sweet, canned, pitted, heavy syrup pack, solids and liquids",SR Legacy
"Cherries, sweet, canned, pitted, heavy syrup, drained",SR Legacy
"Cherries, sweet, canned, water pack, solids and liquids",SR Legacy
"Cherries, sweet, dark red, raw",Foundation
"Cherries, sweet, raw",SR Legacy
"Cherries, tart, dried, sweetened (Includes foods for USDA's Food Distribution Program)",SR Legacy
"Cherry juice, tart",SR Legacy
Cherry pie filling,Survey (FNDDS)
Chestnuts,Survey (FNDDS)
Chewing gum,SR Legacy
Chewing gum,Survey (FNDDS)
"Chewing gum, sugar free",Survey (FNDDS)
"Chewing gum, sugarless",SR Legacy
Chia seeds,Survey (FNDDS)
"Chia seeds, dry, raw",Foundation
"CHICK-FIL-A, Chick-n-Strips",SR Legacy
"CHICK-FIL-A, chicken sandwich",SR Legacy
"CHICK-FIL-A, hash browns",SR Legacy
"Chicken ""wings"" with hot sauce, from fast food / restaurant",Survey (FNDDS)
"Chicken ""wings"" with hot sauce, from other sources",Survey (FNDDS)
"Chicken ""wings"" with hot sauce, from precooked",Survey (FNDDS)
"Chicken ""wings"" with other sauces or seasoning, from fast food / restaurant",Survey (FNDDS)
"Chicken ""wings"" with other sauces or seasoning, from other sources",Survey (FNDDS)
"Chicken ""wings"" with other sauces or seasoning, from precooked",Survey (FNDDS)
"Chicken ""wings"", boneless, with hot sauce, from fast food / restaurant",Survey (FNDDS)
"Chicken ""wings"", boneless, with hot sauce, from other sources",Survey (FNDDS)
"Chicken ""wings"", plain, from fast food / restaurant",Survey (FNDDS)
"Chicken ""wings"", plain, from other sources",Survey (FNDDS)
"Chicken ""wings"", plain, from precooked",Survey (FNDDS)
"Chicken and vegetable entree with noodles and cream sauce, frozen meal",Survey (FNDDS)
"Chicken and vegetable entree with noodles, diet frozen meal",Survey (FNDDS)
"Chicken and vegetable entree with rice, diet frozen meal",Survey (FNDDS)
"Chicken and vegetables au gratin with rice, diet frozen entree",Survey (FNDDS)
Chicken as ingredient in recipes,Survey (FNDDS)
"Chicken breast tenders, breaded, cooked, microwaved",SR Legacy
"Chicken breast tenders, breaded, uncooked",SR Legacy
"Chicken breast, baked or broiled, skin eaten, from fast food / restaurant",Survey (FNDDS)
"Chicken breast, baked or broiled, skin eaten, from pre-cooked",Survey (FNDDS)
"Chicken breast, baked or broiled, skin not eaten, from fast food / restaurant",Survey (FNDDS)
"Chicken breast, baked or broiled, skin not eaten, from pre-cooked",Survey (FNDDS)
"Chicken breast, baked, broiled, or roasted with marinade, skin eaten, from raw",Survey (FNDDS)
"Chicken breast, baked, broiled, or roasted with marinade, skin not eaten, from raw",Survey (FNDDS)
"Chicken breast, baked, broiled, or roasted, skin eaten, from raw",Survey (FNDDS)
"Chicken breast, baked, broiled, or roasted, skin not eaten, from raw",Survey (FNDDS)
"Chicken breast, baked, coated, skin / coating eaten",Survey (FNDDS)
"Chicken breast, baked, coated, skin / coating not eaten",Survey (FNDDS)
"Chicken breast, deli, rotisserie seasoned, sliced, prepackaged",SR Legacy
"Chicken breast, fat-free, mesquite flavor, sliced",SR Legacy
"Chicken breast, fried, coated, prepared skinless, coating eaten, from raw",Survey (FNDDS)
"Chicken breast, fried, coated, skin / coating eaten, from fast food / restaurant",Survey (FNDDS)
"Chicken breast, fried, coated, skin / coating eaten, from pre-cooked",Survey (FNDDS)
"Chicken breast, fried, coated, skin / coating eaten, from raw",Survey (FNDDS)
"Chicken breast, fried, coated, skin / coating not eaten, from fast food / restaurant",Survey (FNDDS)
"Chicken breast, fried, coated, skin / coating not eaten, from pre-cooked",Survey (FNDDS)
"Chicken breast, fried, coated, skin / coating not eaten, from raw",Survey (FNDDS)
"Chicken breast, grilled with sauce, skin eaten",Survey (FNDDS)
"Chicken breast, grilled with sauce, skin not eaten",Survey (FNDDS)
"Chicken breast, grilled without sauce, skin eaten",Survey (FNDDS)
"Chicken breast, grilled without sauce, skin not eaten",Survey (FNDDS)
"Chicken breast, NS as to cooking method, skin eaten",Survey (FNDDS)
"Chicken breast, NS as to cooking method, skin not eaten",Survey (FNDDS)
"Chicken breast, oven-roasted, fat-free, sliced",SR Legacy
"Chicken breast, roll, oven-roasted",SR Legacy
"Chicken breast, rotisserie, skin eaten",Survey (FNDDS)
"Chicken breast, rotisserie, skin not eaten",Survey (FNDDS)
"Chicken breast, sauteed, skin eaten",Survey (FNDDS)
"Chicken breast, sauteed, skin not eaten",Survey (FNDDS)
"Chicken breast, stewed, skin eaten",Survey (FNDDS)
"Chicken breast, stewed, skin not eaten",Survey (FNDDS)
Chicken cornbread,Survey (FNDDS)
Chicken curry,Survey (FNDDS)
Chicken curry with rice,Survey (FNDDS)
"Chicken deli sandwich or sub, restaurant",Survey (FNDDS)
"Chicken deli sandwich or sub, with cheese, restaurant",Survey (FNDDS)
"Chicken dinner, NFS, frozen meal",Survey (FNDDS)
"Chicken drumstick, baked or broiled, skin eaten, from fast food / restaurant",Survey (FNDDS)
"Chicken drumstick, baked or broiled, skin eaten, from pre-cooked",Survey (FNDDS)
"Chicken drumstick, baked or broiled, skin not eaten, from fast food / restaurant",Survey (FNDDS)
"Chicken drumstick, baked or broiled, skin not eaten, from pre-cooked",Survey (FNDDS)
"Chicken drumstick, baked, broiled, or roasted, skin eaten, from raw",Survey (FNDDS)
"Chicken drumstick, baked, broiled, or roasted, skin not eaten, from raw",Survey (FNDDS)
"Chicken drumstick, baked, coated, skin / coating eaten",Survey (FNDDS)
"Chicken drumstick, baked, coated, skin / coating not eaten",Survey (FNDDS)
"Chicken drumstick, fried, coated, prepared skinless, coating eaten, from raw",Survey (FNDDS)
"Chicken drumstick, fried, coated, skin / coating eaten, from fast food / restaurant",Survey (FNDDS)
"Chicken drumstick, fried, coated, skin / coating eaten, from pre-cooked",Survey (FNDDS)
"Chicken drumstick, fried, coated, skin / coating eaten, from raw",Survey (FNDDS)
"Chicken drumstick, fried, coated, skin / coating not eaten, from fast food / restaurant",Survey (FNDDS)
"Chicken drumstick, fried, coated, skin / coating not eaten, from pre-cooked",Survey (FNDDS)
"Chicken drumstick, fried, coated, skin / coating not eaten, from raw",Survey (FNDDS)
"Chicken drumstick, grilled with sauce, skin eaten",Survey (FNDDS)
"Chicken drumstick, grilled with sauce, skin not eaten",Survey (FNDDS)
"Chicken drumstick, grilled without sauce, skin eaten",Survey (FNDDS)
"Chicken drumstick, grilled without sauce, skin not eaten",Survey (FNDDS)
"Chicken drumstick, NS as to cooking method, skin eaten",Survey (FNDDS)
"Chicken drumstick, NS as to cooking method, skin not eaten",Survey (FNDDS)
"Chicken drumstick, rotisserie, skin eaten",Survey (FNDDS)
"Chicken drumstick, rotisserie, skin not eaten",Survey (FNDDS)
"Chicken drumstick, sauteed, skin eaten",Survey (FNDDS)
"Chicken drumstick, sauteed, skin not eaten",Survey (FNDDS)
"Chicken drumstick, stewed, skin eaten",Survey (FNDDS)
"Chicken drumstick, stewed, skin not eaten",Survey (FNDDS)
Chicken egg foo yung,Survey (FNDDS)
Chicken feet,Survey (FNDDS)
"Chicken fillet biscuit, from fast food",Survey (FNDDS)
"Chicken fillet sandwich, fried, from fast food",Survey (FNDDS)
"Chicken fillet sandwich, fried, from fast food, with cheese",Survey (FNDDS)
"Chicken fillet sandwich, fried, on wheat bun",Survey (FNDDS)
"Chicken fillet sandwich, fried, on wheat bun, with cheese",Survey (FNDDS)
"Chicken fillet sandwich, fried, on white bun",Survey (FNDDS)
"Chicken fillet sandwich, fried, on white bun; with cheese",Survey (FNDDS)
"Chicken fillet sandwich, from school cafeteria",Survey (FNDDS)
"Chicken fillet sandwich, grilled, from fast food",Survey (FNDDS)
"Chicken fillet sandwich, grilled, from fast food, with cheese",Survey (FNDDS)
"Chicken fillet sandwich, grilled, on wheat bun",Survey (FNDDS)
"Chicken fillet sandwich, grilled, on wheat bun, with cheese",Survey (FNDDS)
"Chicken fillet sandwich, grilled, on white bun",Survey (FNDDS)
"Chicken fillet sandwich, grilled, on white bun, with cheese",Survey (FNDDS)
"Chicken fillet sandwich, NFS",Survey (FNDDS)
"Chicken fillet sandwich, NS as to fried or grilled, from fast food",Survey (FNDDS)
"Chicken fillet wrap sandwich, fried, from fast food",Survey (FNDDS)
"Chicken fillet wrap sandwich, grilled, from fast food",Survey (FNDDS)
"Chicken fillet, breaded",Survey (FNDDS)
"Chicken fillet, grilled",Survey (FNDDS)
"Chicken fricassee, Puerto Rican style",Survey (FNDDS)
"Chicken in soy-based sauce, rice and vegetables, frozen meal",Survey (FNDDS)
Chicken kiev,Survey (FNDDS)
"Chicken leg, drumstick and thigh, baked or broiled, skin eaten",Survey (FNDDS)
"Chicken leg, drumstick and thigh, baked or broiled, skin not eaten",Survey (FNDDS)
"Chicken leg, drumstick and thigh, baked, coated, skin / coating eaten",Survey (FNDDS)
"Chicken leg, drumstick and thigh, baked, coated, skin / coating not eaten",Survey (FNDDS)
"Chicken leg, drumstick and thigh, fried, coated, skin / coating eaten",Survey (FNDDS)
"Chicken leg, drumstick and thigh, fried, coated, skin / coating not eaten",Survey (FNDDS)
"Chicken leg, drumstick and thigh, grilled with sauce, skin eaten",Survey (FNDDS)
"Chicken leg, drumstick and thigh, grilled with sauce, skin not eaten",Survey (FNDDS)
"Chicken leg, drumstick and thigh, grilled without sauce, skin eaten",Survey (FNDDS)
"Chicken leg, drumstick and thigh, grilled without sauce, skin not eaten",Survey (FNDDS)
"Chicken leg, drumstick and thigh, NS as to cooking method, skin eaten",Survey (FNDDS)
"Chicken leg, drumstick and thigh, NS as to cooking method, skin not eaten",Survey (FNDDS)
"Chicken leg, drumstick and thigh, rotisserie, skin eaten",Survey (FNDDS)
"Chicken leg, drumstick and thigh, rotisserie, skin not eaten",Survey (FNDDS)
"Chicken leg, drumstick and thigh, sauteed, skin eaten",Survey (FNDDS)
"Chicken leg, drumstick and thigh, sauteed, skin not eaten",Survey (FNDDS)
"Chicken leg, drumstick and thigh, stewed, skin eaten",Survey (FNDDS)
"Chicken leg, drumstick and thigh, stewed, skin not eaten",Survey (FNDDS)
"Chicken nuggets, from fast food",Survey (FNDDS)
"Chicken nuggets, from frozen",Survey (FNDDS)
"Chicken nuggets, from other sources",Survey (FNDDS)
"Chicken nuggets, from restaurant",Survey (FNDDS)
"Chicken nuggets, from school lunch",Survey (FNDDS)
"Chicken nuggets, NFS",Survey (FNDDS)
"Chicken or turkey a la king with vegetables excluding carrorts, broccoli, and dark-green leafy; no potatoes, cream, white, or soup-based sauce",Survey (FNDDS)
"Chicken or turkey a la king with vegetables including carrots, broccoli, and/or dark-green leafy; no potatoes, cream, white, or soup-based sauce",Survey (FNDDS)
Chicken or turkey and noodles with cheese sauce,Survey (FNDDS)
Chicken or turkey and noodles with cream or white sauce,Survey (FNDDS)
Chicken or turkey and noodles with gravy,Survey (FNDDS)
Chicken or turkey and noodles with mushroom sauce,Survey (FNDDS)
Chicken or turkey and noodles with soy-based sauce,Survey (FNDDS)
Chicken or turkey and noodles with tomato-based sauce,Survey (FNDDS)
"Chicken or turkey and noodles, no sauce",Survey (FNDDS)
Chicken or turkey and potatoes with gravy,Survey (FNDDS)
Chicken or turkey and rice with cream sauce,Survey (FNDDS)
Chicken or turkey and rice with mushroom sauce,Survey (FNDDS)
Chicken or turkey and rice with soy-based sauce,Survey (FNDDS)
Chicken or turkey and rice with tomato-based sauce,Survey (FNDDS)
"Chicken or turkey and rice, no sauce",Survey (FNDDS)
"Chicken or turkey and vegetables excluding carrots, broccoli, and dark-green leafy; no potatoes, cheese sauce",Survey (FNDDS)
"Chicken or turkey and vegetables excluding carrots, broccoli, and dark-green leafy; no potatoes, gravy",Survey (FNDDS)
"Chicken or turkey and vegetables excluding carrots, broccoli, and dark-green leafy; no potatoes, no sauce",Survey (FNDDS)
"Chicken or turkey and vegetables excluding carrots, broccoli, and dark-green leafy; no potatoes, soy-based sauce",Survey (FNDDS)
"Chicken or turkey and vegetables excluding carrots, broccoli, and dark-green leafy; no potatoes, tomato-based sauce",Survey (FNDDS)
"Chicken or turkey and vegetables including carrots, broccoli, and/or dark-green leafy; no potatoes, cheese sauce",Survey (FNDDS)
"Chicken or turkey and vegetables including carrots, broccoli, and/or dark-green leafy; no potatoes, gravy",Survey (FNDDS)
"Chicken or turkey and vegetables including carrots, broccoli, and/or dark-green leafy; no potatoes, no sauce",Survey (FNDDS)
"Chicken or turkey and vegetables including carrots, broccoli, and/or dark-green leafy; no potatoes, soy-based sauce",Survey (FNDDS)
"Chicken or turkey and vegetables including carrots, broccoli, and/or dark-green leafy; no potatoes, tomato-based sauce",Survey (FNDDS)
Chicken or turkey cacciatore,Survey (FNDDS)
"Chicken or turkey caesar garden salad, chicken and/or turkey, lettuce, tomato, cheese, no dressing",Survey (FNDDS)
"Chicken or turkey cake, patty, or croquette",Survey (FNDDS)
Chicken or turkey chow mein or chop suey with noodles,Survey (FNDDS)
"Chicken or turkey chow mein or chop suey, no noodles",Survey (FNDDS)
Chicken or turkey cordon bleu,Survey (FNDDS)
"Chicken or turkey creole, without rice",Survey (FNDDS)
Chicken or turkey divan,Survey (FNDDS)
Chicken or turkey fricassee,Survey (FNDDS)
"Chicken or turkey fricassee, no sauce, no potatoes, Puerto Rican style",Survey (FNDDS)
"Chicken or turkey fricassee, with sauce, no potatoes, potatoes reported separately, Puerto Rican style",Survey (FNDDS)
"Chicken or turkey garden salad with bacon and cheese, chicken and/or turkey, bacon, cheese, lettuce and/or greens, tomato and/or carrots, other vegetables, no dressing",Survey (FNDDS)
"Chicken or turkey garden salad with cheese, chicken and/or turkey, cheese, lettuce and/or greens, tomato and/or carrots, other vegetables, no dressing",Survey (FNDDS)
"Chicken or turkey garden salad, chicken and/or turkey, other vegetables excluding tomato and carrots, no dressing",Survey (FNDDS)
"Chicken or turkey garden salad, chicken and/or turkey, tomato and/or carrots, other vegetables, no dressing",Survey (FNDDS)
Chicken or turkey hash,Survey (FNDDS)
Chicken or turkey parmigiana,Survey (FNDDS)
Chicken or turkey salad with egg,Survey (FNDDS)
Chicken or turkey salad with nuts and/or fruits,Survey (FNDDS)
"Chicken or turkey salad, made with any type of fat free dressing",Survey (FNDDS)
"Chicken or turkey salad, made with creamy dressing",Survey (FNDDS)
"Chicken or turkey salad, made with Italian dressing",Survey (FNDDS)
"Chicken or turkey salad, made with light creamy dressing",Survey (FNDDS)
"Chicken or turkey salad, made with light Italian dressing",Survey (FNDDS)
"Chicken or turkey salad, made with light mayonnaise",Survey (FNDDS)
"Chicken or turkey salad, made with light mayonnaise-type salad dressing",Survey (FNDDS)
"Chicken or turkey salad, made with mayonnaise",Survey (FNDDS)
"Chicken or turkey salad, made with mayonnaise-type salad dressing",Survey (FNDDS)
"Chicken or turkey shish kabob with vegetables, excluding potatoes",Survey (FNDDS)
Chicken or turkey souffle,Survey (FNDDS)
Chicken or turkey tetrazzini,Survey (FNDDS)
Chicken or turkey with cheese sauce,Survey (FNDDS)
Chicken or turkey with cream sauce,Survey (FNDDS)
Chicken or turkey with dumplings,Survey (FNDDS)
Chicken or turkey with mushroom sauce,Survey (FNDDS)
Chicken or turkey with stuffing,Survey (FNDDS)
Chicken or turkey with teriyaki,Survey (FNDDS)
"Chicken or turkey, breaded, fried, caesar garden salad, chicken and/or turkey, lettuce, tomatoes, cheese, no dressing",Survey (FNDDS)
"Chicken or turkey, breaded, fried, garden salad with bacon and cheese, chicken and/or turkey, bacon, cheese, lettuce and/or greens, tomato and/or carrots, other vegetables, no dressing",Survey (FNDDS)
"Chicken or turkey, breaded, fried, garden salad with cheese, chicken and/or turkey, cheese, lettuce and/or greens, tomato and/or carrots, other vegetables, no dressing",Survey (FNDDS)
"Chicken or turkey, dumplings, and vegetables excluding carrots, broccoli, and dark green leafy; gravy",Survey (FNDDS)
"Chicken or turkey, dumplings, and vegetables including carrots, broccoli, and/or dark green leafy; gravy",Survey (FNDDS)
"Chicken or turkey, noodles, and vegetables excluding carrots, broccoli, and dark-green leafy; cheese sauce",Survey (FNDDS)
"Chicken or turkey, noodles, and vegetables excluding carrots, broccoli, and dark-green leafy; gravy",Survey (FNDDS)
"Chicken or turkey, noodles, and vegetables excluding carrots, broccoli, and dark-green leafy; no sauce",Survey (FNDDS)
"Chicken or turkey, noodles, and vegetables excluding carrots, broccoli, and dark-green leafy; tomato-based sauce",Survey (FNDDS)
"Chicken or turkey, noodles, and vegetables excluding carrots, broccoli, and/or dark-green leafy; cream sauce, white sauce, or mushroom sauce",Survey (FNDDS)
"Chicken or turkey, noodles, and vegetables including carrots, broccoli, and/or dark-green leafy; cheese sauce",Survey (FNDDS)
"Chicken or turkey, noodles, and vegetables including carrots, broccoli, and/or dark-green leafy; cream sauce, white sauce, or mushroom sauce",Survey (FNDDS)
"Chicken or turkey, noodles, and vegetables including carrots, broccoli, and/or dark-green leafy; gravy",Survey (FNDDS)
"Chicken or turkey, noodles, and vegetables including carrots, broccoli, and/or dark-green leafy; no sauce",Survey (FNDDS)
"Chicken or turkey, noodles, and vegetables including carrots, broccoli, and/or dark-green leafy; tomato-based sauce",Survey (FNDDS)
"Chicken or turkey, potatoes, and vegetables excluding carrots, broccoli, and dark-green leafy; cheese sauce",Survey (FNDDS)
"Chicken or turkey, potatoes, and vegetables excluding carrots, broccoli, and dark-green leafy; cream sauce, white sauce, or mushroom sauce",Survey (FNDDS)
"Chicken or turkey, potatoes, and vegetables excluding carrots, broccoli, and dark-green leafy; gravy",Survey (FNDDS)
"Chicken or turkey, potatoes, and vegetables excluding carrots, broccoli, and dark-green leafy; no sauce",Survey (FNDDS)
"Chicken or turkey, potatoes, and vegetables excluding carrots, broccoli, and dark-green leafy; tomato-based sauce",Survey (FNDDS)
"Chicken or turkey, potatoes, and vegetables including carrots, broccoli, and/or dark-green leafy; cheese sauce",Survey (FNDDS)
"Chicken or turkey, potatoes, and vegetables including carrots, broccoli, and/or dark-green leafy; cream sauce, white sauce, or mushroom sauce",Survey (FNDDS)
"Chicken or turkey, potatoes, and vegetables including carrots, broccoli, and/or dark-green leafy; gravy",Survey (FNDDS)
"Chicken or turkey, potatoes, and vegetables including carrots, broccoli, and/or dark-green leafy; no sauce",Survey (FNDDS)
"Chicken or turkey, potatoes, and vegetables including carrots, broccoli, and/or dark-green leafy; tomato-based sauce",Survey (FNDDS)
"Chicken or turkey, potatoes, corn, and cheese, with gravy",Survey (FNDDS)
"Chicken or turkey, rice, and vegetables excluding carrots, broccoli, and dark-green leafy; cheese sauce",Survey (FNDDS)
"Chicken or turkey, rice, and vegetables excluding carrots, broccoli, and dark-green leafy; cream sauce, white sauce, or mushroom sauce",Survey (FNDDS)
"Chicken or turkey, rice, and vegetables excluding carrots, broccoli, and dark-green leafy; gravy",Survey (FNDDS)
"Chicken or turkey, rice, and vegetables excluding carrots, broccoli, and dark-green leafy; no sauce",Survey (FNDDS)
"Chicken or turkey, rice, and vegetables excluding carrots, broccoli, and dark-green leafy; soy-based sauce",Survey (FNDDS)
"Chicken or turkey, rice, and vegetables excluding carrots, broccoli, and dark-green leafy; tomato-based sauce",Survey (FNDDS)
"Chicken or turkey, rice, and vegetables including carrots, broccoli, and/or dark-green leafy; cheese sauce",Survey (FNDDS)
"Chicken or turkey, rice, and vegetables including carrots, broccoli, and/or dark-green leafy; cream sauce, white sauce, or mushroom sauce",Survey (FNDDS)
"Chicken or turkey, rice, and vegetables including carrots, broccoli, and/or dark-green leafy; gravy",Survey (FNDDS)
"Chicken or turkey, rice, and vegetables including carrots, broccoli, and/or dark-green leafy; no sauce",Survey (FNDDS)
"Chicken or turkey, rice, and vegetables including carrots, broccoli, and/or dark-green leafy; soy-based sauce",Survey (FNDDS)
"Chicken or turkey, rice, and vegetables including carrots, broccoli, and/or dark-green leafy; tomato-based sauce",Survey (FNDDS)
"Chicken or turkey, rice, corn, and cheese, with gravy",Survey (FNDDS)
"Chicken or turkey, stuffing, and vegetables excluding carrots, broccoli, and dark-green leafy; gravy",Survey (FNDDS)
"Chicken or turkey, stuffing, and vegetables including carrots, broccoli, and/or dark-green leafy; gravy",Survey (FNDDS)
"Chicken or turkey, stuffing, and vegetables including carrots, broccoli, and/or dark-green leafy; no sauce",Survey (FNDDS)
"Chicken or turkey,stuffing, and vegetables excluding carrots, broccoli, and dark green leafy; no sauce",Survey (FNDDS)
"Chicken patty, breaded",Survey (FNDDS)
"Chicken patty, frozen, cooked",SR Legacy
"Chicken patty, frozen, uncooked",SR Legacy
"Chicken patty, or nuggets, boneless, breaded, potatoes, vegetable, frozen meal",Survey (FNDDS)
"Chicken pot pie, frozen entree, prepared",SR Legacy
Chicken salad sandwich on wheat,Survey (FNDDS)
Chicken salad sandwich on white,Survey (FNDDS)
Chicken salad sandwich wrap,Survey (FNDDS)
Chicken salad spread,Survey (FNDDS)
Chicken skin,Survey (FNDDS)
Chicken spread,SR Legacy
"Chicken tenders or strips, breaded, from fast food",Survey (FNDDS)
"Chicken tenders or strips, breaded, from frozen",Survey (FNDDS)
"Chicken tenders or strips, breaded, from other sources",Survey (FNDDS)
"Chicken tenders or strips, breaded, from restaurant",Survey (FNDDS)
"Chicken tenders or strips, breaded, from school lunch",Survey (FNDDS)
"Chicken tenders or strips, NFS",Survey (FNDDS)
"Chicken tenders, breaded, frozen, prepared",SR Legacy
"Chicken thigh, baked or broiled, skin eaten, from fast food / restaurant",Survey (FNDDS)
"Chicken thigh, baked or broiled, skin eaten, from pre-cooked",Survey (FNDDS)
"Chicken thigh, baked or broiled, skin not eaten, from fast food / restaurant",Survey (FNDDS)
"Chicken thigh, baked or broiled, skin not eaten, from pre-cooked",Survey (FNDDS)
"Chicken thigh, baked, broiled, or roasted, skin eaten, from raw",Survey (FNDDS)
"Chicken thigh, baked, broiled, or roasted, skin not eaten, from raw",Survey (FNDDS)
"Chicken thigh, baked, coated, skin / coating eaten",Survey (FNDDS)
"Chicken thigh, baked, coated, skin / coating not eaten",Survey (FNDDS)
"Chicken thigh, fried, coated, prepared skinless, coating eaten, from raw",Survey (FNDDS)
"Chicken thigh, fried, coated, skin / coating eaten, from fast food",Survey (FNDDS)
"Chicken thigh, fried, coated, skin / coating eaten, from pre-cooked",Survey (FNDDS)
"Chicken thigh, fried, coated, skin / coating eaten, from raw",Survey (FNDDS)
"Chicken thigh, fried, coated, skin / coating eaten, from restaurant",Survey (FNDDS)
"Chicken thigh, fried, coated, skin / coating not eaten, from fast food",Survey (FNDDS)
"Chicken thigh, fried, coated, skin / coating not eaten, from pre-cooked",Survey (FNDDS)
"Chicken thigh, fried, coated, skin / coating not eaten, from raw",Survey (FNDDS)
"Chicken thigh, fried, coated, skin / coating not eaten, from restaurant",Survey (FNDDS)
"Chicken thigh, grilled with sauce, skin eaten",Survey (FNDDS)
"Chicken thigh, grilled with sauce, skin not eaten",Survey (FNDDS)
"Chicken thigh, grilled without sauce, skin eaten",Survey (FNDDS)
"Chicken thigh, grilled without sauce, skin not eaten",Survey (FNDDS)
"Chicken thigh, NS as to cooking method, skin eaten",Survey (FNDDS)
"Chicken thigh, NS as to cooking method, skin not eaten",Survey (FNDDS)
"Chicken thigh, rotisserie, skin eaten",Survey (FNDDS)
"Chicken thigh, rotisserie, skin not eaten",Survey (FNDDS)
"Chicken thigh, sauteed, skin eaten",Survey (FNDDS)
"Chicken thigh, sauteed, skin not eaten",Survey (FNDDS)
"Chicken thigh, stewed, skin eaten",Survey (FNDDS)
"Chicken thigh, stewed, skin not eaten",Survey (FNDDS)
"Chicken wing, baked or broiled, from fast food / restaurant",Survey (FNDDS)
"Chicken wing, baked or broiled, from pre-cooked",Survey (FNDDS)
"Chicken wing, baked, broiled, or roasted, from raw",Survey (FNDDS)
"Chicken wing, baked, coated",Survey (FNDDS)
"Chicken wing, fried, coated, from fast food",Survey (FNDDS)
"Chicken wing, fried, coated, from pre-cooked",Survey (FNDDS)
"Chicken wing, fried, coated, from raw",Survey (FNDDS)
"Chicken wing, fried, coated, from restaurant",Survey (FNDDS)
"Chicken wing, grilled with sauce",Survey (FNDDS)
"Chicken wing, grilled without sauce",Survey (FNDDS)
"Chicken wing, NS as to cooking method",Survey (FNDDS)
"Chicken wing, rotisserie",Survey (FNDDS)
"Chicken wing, sauteed",Survey (FNDDS)
"Chicken wing, stewed",Survey (FNDDS)
Chicken with gravy,Survey (FNDDS)
Chicken with mole sauce,Survey (FNDDS)
"Chicken with noodles and cheese sauce, diet frozen meal",Survey (FNDDS)
"Chicken with rice and vegetable, diet frozen meal",Survey (FNDDS)
"Chicken, back",Survey (FNDDS)
"Chicken, breast, boneless, skinless, raw",Foundation
"Chicken, breast, meat and skin, raw",Foundation
"Chicken, broiler or fryers, breast, skinless, boneless, meat only, cooked, braised",SR Legacy
"Chicken, broiler or fryers, breast, skinless, boneless, meat only, cooked, braised",Foundation
"Chicken, broiler or fryers, breast, skinless, boneless, meat only, cooked, grilled",SR Legacy
"Chicken, broiler or fryers, breast, skinless, boneless, meat only, raw",SR Legacy
"Chicken, broiler or fryers, breast, skinless, boneless, meat only, with added solution, cooked, braised",SR Legacy
"Chicken, broiler or fryers, breast, skinless, boneless, meat only, with added solution, cooked, grilled",SR Legacy
"Chicken, broiler, rotisserie, BBQ, back meat only",SR Legacy
"Chicken, broiler, rotisserie, BBQ, back, meat and skin",SR Legacy
"Chicken, broiler, rotisserie, BBQ, breast, meat and skin",SR Legacy
"Chicken, broiler, rotisserie, BBQ, breast, meat only",SR Legacy
"Chicken, broiler, rotisserie, BBQ, drumstick, meat and skin",SR Legacy
"Chicken, broiler, rotisserie, BBQ, drumstick, meat only",SR Legacy
"Chicken, broiler, rotisserie, BBQ, skin",SR Legacy
"Chicken, broiler, rotisserie, BBQ, thigh, meat and skin",SR Legacy
"Chicken, broiler, rotisserie, BBQ, thigh, meat only",SR Legacy
"Chicken, broiler, rotisserie, BBQ, wing, meat and skin",SR Legacy
"Chicken, broiler, rotisserie, BBQ, wing, meat only",SR Legacy
"Chicken, broilers or fryers,  rotisserie, original seasoning, drumstick, meat and skin, cooked",SR Legacy
"Chicken, broilers or fryers, back, meat and skin, cooked, fried, batter",SR Legacy
"Chicken, broilers or fryers, back, meat and skin, cooked, fried, flour",SR Legacy
"Chicken, broilers or fryers, back, meat and skin, cooked, roasted",SR Legacy
"Chicken, broilers or fryers, back, meat and skin, cooked, stewed",SR Legacy
"Chicken, broilers or fryers, back, meat and skin, raw",SR Legacy
"Chicken, broilers or fryers, back, meat only, cooked, fried",SR Legacy
"Chicken, broilers or fryers, back, meat only, cooked, roasted",SR Legacy
"Chicken, broilers or fryers, back, meat only, cooked, stewed",SR Legacy
"Chicken, broilers or fryers, back, meat only, raw",SR Legacy
"Chicken, broilers or fryers, breast, meat and skin, cooked, fried, batter",SR Legacy
"Chicken, broilers or fryers, breast, meat and skin, cooked, fried, flour",SR Legacy
"Chicken, broilers or fryers, breast, meat and skin, cooked, roasted",SR Legacy
"Chicken, broilers or fryers, breast, meat and skin, cooked, stewed",SR Legacy
"Chicken, broilers or fryers, breast, meat and skin, raw",SR Legacy
"Chicken, broilers or fryers, breast, meat only, cooked, fried",SR Legacy
"Chicken, broilers or fryers, breast, meat only, cooked, roasted",SR Legacy
"Chicken, broilers or fryers, breast, meat only, cooked, stewed",SR Legacy
"Chicken, broilers or fryers, breast, skinless, boneless, meat only, with added solution, raw",SR Legacy
"Chicken, broilers or fryers, dark meat, drumstick, meat and skin, cooked, braised",SR Legacy
"Chicken, broilers or fryers, dark meat, drumstick, meat only, cooked, braised",SR Legacy
"Chicken, broilers or fryers, dark meat, drumstick, meat only, cooked, roasted",SR Legacy
"Chicken, broilers or fryers, dark meat, drumstick, meat only, raw",SR Legacy
"Chicken, broilers or fryers, dark meat, meat and skin, cooked, fried, batter",SR Legacy
"Chicken, broilers or fryers, dark meat, meat and skin, cooked, fried, flour",SR Legacy
"Chicken, broilers or fryers, dark meat, meat and skin, cooked, roasted",SR Legacy
"Chicken, broilers or fryers, dark meat, meat and skin, cooked, stewed",SR Legacy
"Chicken, broilers or fryers, dark meat, meat and skin, raw",SR Legacy
"Chicken, broilers or fryers, dark meat, meat only, cooked, fried",SR Legacy
"Chicken, broilers or fryers, dark meat, meat only, cooked, roasted",SR Legacy
"Chicken, broilers or fryers, dark meat, meat only, cooked, stewed",SR Legacy
"Chicken, broilers or fryers, dark meat, meat only, raw",SR Legacy
"Chicken, broilers or fryers, dark meat, thigh, meat and skin, cooked, braised",SR Legacy
"Chicken, broilers or fryers, dark meat, thigh, meat only, cooked, braised",SR Legacy
"Chicken, broilers or fryers, dark meat, thigh, meat only, raw",SR Legacy
"Chicken, broilers or fryers, drumstick, meat and skin, cooked, fried, batter",SR Legacy
"Chicken, broilers or fryers, drumstick, meat and skin, cooked, fried, flour",SR Legacy
"Chicken, broilers or fryers, drumstick, meat and skin, cooked, roasted",SR Legacy
"Chicken, broilers or fryers, drumstick, meat and skin, cooked, stewed",SR Legacy
"Chicken, broilers or fryers, drumstick, meat and skin, raw",SR Legacy
"Chicken, broilers or fryers, drumstick, meat only, cooked, braised",Foundation
"Chicken, broilers or fryers, drumstick, meat only, cooked, fried",SR Legacy
"Chicken, broilers or fryers, drumstick, meat only, cooked, stewed",SR Legacy
"Chicken, broilers or fryers, drumstick, rotisserie, original seasoning, meat only, cooked",SR Legacy
"Chicken, broilers or fryers, giblets, cooked, fried",SR Legacy
"Chicken, broilers or fryers, giblets, cooked, simmered",SR Legacy
"Chicken, broilers or fryers, giblets, raw",SR Legacy
"Chicken, broilers or fryers, leg, meat and skin, cooked, fried, batter",SR Legacy
"Chicken, broilers or fryers, leg, meat and skin, cooked, fried, flour",SR Legacy
"Chicken, broilers or fryers, leg, meat and skin, cooked, roasted",SR Legacy
"Chicken, broilers or fryers, leg, meat and skin, cooked, stewed",SR Legacy
"Chicken, broilers or fryers, leg, meat and skin, raw",SR Legacy
"Chicken, broilers or fryers, leg, meat only, cooked, fried",SR Legacy
"Chicken, broilers or fryers, leg, meat only, cooked, roasted",SR Legacy
"Chicken, broilers or fryers, leg, meat only, cooked, stewed",SR Legacy
"Chicken, broilers or fryers, leg, meat only, raw",SR Legacy
"Chicken, broilers or fryers, light meat, meat and skin, cooked, fried, batter",SR Legacy
"Chicken, broilers or fryers, light meat, meat and skin, cooked, fried, flour",SR Legacy
"Chicken, broilers or fryers, light meat, meat and skin, cooked, roasted",SR Legacy
"Chicken, broilers or fryers, light meat, meat and skin, cooked, stewed",SR Legacy
"Chicken, broilers or fryers, light meat, meat and skin, raw",SR Legacy
"Chicken, broilers or fryers, light meat, meat only, cooked, fried",SR Legacy
"Chicken, broilers or fryers, light meat, meat only, cooked, roasted",SR Legacy
"Chicken, broilers or fryers, light meat, meat only, cooked, stewed",SR Legacy
"Chicken, broilers or fryers, light meat, meat only, raw",SR Legacy
"Chicken, broilers or fryers, meat and skin and giblets and neck, cooked, fried, batter",SR Legacy
"Chicken, broilers or fryers, meat and skin and giblets and neck, cooked, fried, flour",SR Legacy
"Chicken, broilers or fryers, meat and skin and giblets and neck, raw",SR Legacy
"Chicken, broilers or fryers, meat and skin and giblets and neck, roasted",SR Legacy
"Chicken, broilers or fryers, meat and skin and giblets and neck, stewed",SR Legacy
"Chicken, broilers or fryers, meat and skin, cooked, fried, batter",SR Legacy
"Chicken, broilers or fryers, meat and skin, cooked, fried, flour",SR Legacy
"Chicken, broilers or fryers, meat and skin, cooked, roasted",SR Legacy
"Chicken, broilers or fryers, meat and skin, cooked, stewed",SR Legacy
"Chicken, broilers or fryers, meat and skin, raw",SR Legacy
"Chicken, broilers or fryers, meat only, cooked, fried",SR Legacy
"Chicken, broilers or fryers, meat only, cooked, roasted",SR Legacy
"Chicken, broilers or fryers, meat only, cooked, stewed",SR Legacy
"Chicken, broilers or fryers, meat only, raw",SR Legacy
"Chicken, broilers or fryers, neck, meat and skin, cooked simmered",SR Legacy
"Chicken, broilers or fryers, neck, meat and skin, cooked, fried, batter",SR Legacy
"Chicken, broilers or fryers, neck, meat and skin, cooked, fried, flour",SR Legacy
"Chicken, broilers or fryers, neck, meat and skin, raw",SR Legacy
"Chicken, broilers or fryers, neck, meat only, cooked, fried",SR Legacy
"Chicken, broilers or fryers, neck, meat only, cooked, simmered",SR Legacy
"Chicken, broilers or fryers, neck, meat only, raw",SR Legacy
"Chicken, broilers or fryers, rotisserie, original seasoning, back, meat and skin, cooked",SR Legacy
"Chicken, broilers or fryers, rotisserie, original seasoning, back, meat only, cooked",SR Legacy
"Chicken, broilers or fryers, rotisserie, original seasoning, breast, meat and skin, cooked",SR Legacy
"Chicken, broilers or fryers, rotisserie, original seasoning, breast, meat only, cooked",SR Legacy
"Chicken, broilers or fryers, rotisserie, original seasoning, skin only, cooked",SR Legacy
"Chicken, broilers or fryers, rotisserie, original seasoning, thigh, meat and skin, cooked",SR Legacy
"Chicken, broilers or fryers, rotisserie, original seasoning, thigh, meat only, cooked",SR Legacy
"Chicken, broilers or fryers, rotisserie, original seasoning, wing, meat and skin, cooked",SR Legacy
"Chicken, broilers or fryers, rotisserie, original seasoning, wing, meat only, cooked",SR Legacy
"Chicken, broilers or fryers, separable fat, raw",SR Legacy
"Chicken, broilers or fryers, skin only, cooked, fried, batter",SR Legacy
"Chicken, broilers or fryers, skin only, cooked, fried, flour",SR Legacy
"Chicken, broilers or fryers, skin only, cooked, roasted",SR Legacy
"Chicken, broilers or fryers, skin only, cooked, stewed",SR Legacy
"Chicken, broilers or fryers, skin only, raw",SR Legacy
"Chicken, broilers or fryers, thigh, meat and skin, cooked, fried, batter",SR Legacy
"Chicken, broilers or fryers, thigh, meat and skin, cooked, fried, flour",SR Legacy
"Chicken, broilers or fryers, thigh, meat and skin, cooked, roasted",SR Legacy
"Chicken, broilers or fryers, thigh, meat and skin, cooked, stewed",SR Legacy
"Chicken, broilers or fryers, thigh, meat and skin, raw",SR Legacy
"Chicken, broilers or fryers, thigh, meat only, cooked, fried",SR Legacy
"Chicken, broilers or fryers, thigh, meat only, cooked, roasted",SR Legacy
"Chicken, broilers or fryers, thigh, meat only, cooked, stewed",SR Legacy
"Chicken, broilers or fryers, wing, meat and skin, cooked, fried, batter",SR Legacy
"Chicken, broilers or fryers, wing, meat and skin, cooked, fried, flour",SR Legacy
"Chicken, broilers or fryers, wing, meat and skin, cooked, roasted",SR Legacy
"Chicken, broilers or fryers, wing, meat and skin, cooked, stewed",SR Legacy
"Chicken, broilers or fryers, wing, meat and skin, raw",SR Legacy
"Chicken, broilers or fryers, wing, meat only, cooked, fried",SR Legacy
"Chicken, broilers or fryers, wing, meat only, cooked, roasted",SR Legacy
"Chicken, broilers or fryers, wing, meat only, cooked, stewed",SR Legacy
"Chicken, broilers or fryers, wing, meat only, raw",SR Legacy
"Chicken, canned, meat only",Survey (FNDDS)
"Chicken, canned, meat only, with broth",SR Legacy
"Chicken, canned, no broth",SR Legacy
"Chicken, capons, giblets, cooked, simmered",SR Legacy
"Chicken, capons, giblets, raw",SR Legacy
"Chicken, capons, meat and skin and giblets and neck, cooked, roasted",SR Legacy
"Chicken, capons, meat and skin and giblets and neck, raw",SR Legacy
"Chicken, capons, meat and skin, cooked, roasted",SR Legacy
"Chicken, capons, meat and skin, raw",SR Legacy
"Chicken, chicken roll, roasted",Survey (FNDDS)
"Chicken, cornish game hens, meat and skin, cooked, roasted",SR Legacy
"Chicken, cornish game hens, meat and skin, raw",SR Legacy
"Chicken, cornish game hens, meat only, cooked, roasted",SR Legacy
"Chicken, cornish game hens, meat only, raw",SR Legacy
"Chicken, dark meat, drumstick, meat and skin, with added solution, cooked, braised",SR Legacy
"Chicken, dark meat, drumstick, meat and skin, with added solution, cooked, roasted",SR Legacy
"Chicken, dark meat, drumstick, meat and skin, with added solution, raw",SR Legacy
"Chicken, dark meat, drumstick, meat only, with added solution, cooked, braised",SR Legacy
"Chicken, dark meat, drumstick, meat only, with added solution, cooked, roasted",SR Legacy
"Chicken, dark meat, drumstick, meat only, with added solution, raw",SR Legacy
"Chicken, dark meat, thigh, meat and skin, with added solution, cooked, braised",SR Legacy
"Chicken, dark meat, thigh, meat and skin, with added solution, cooked, roasted",SR Legacy
"Chicken, dark meat, thigh, meat and skin, with added solution, raw",SR Legacy
"Chicken, dark meat, thigh, meat only, with added solution, cooked, braised",SR Legacy
"Chicken, dark meat, thigh, meat only, with added solution, cooked, roasted",SR Legacy
"Chicken, dark meat, thigh, meat only, with added solution, raw",SR Legacy
"Chicken, drumstick, meat and skin, raw",Foundation
"Chicken, feet, boiled",SR Legacy
"Chicken, for use with vegetables",Survey (FNDDS)
"Chicken, fried, with potatoes, vegetable, dessert, frozen meal, large meat portion",Survey (FNDDS)
"Chicken, fried, with potatoes, vegetable, frozen meal",Survey (FNDDS)
"Chicken, gizzard, all classes, cooked, simmered",SR Legacy
"Chicken, gizzard, all classes, raw",SR Legacy
"Chicken, ground",Survey (FNDDS)
"Chicken, ground, crumbles, cooked, pan-browned",SR Legacy
"Chicken, ground, raw",SR Legacy
"Chicken, ground, with additives, raw",Foundation
"Chicken, heart, all classes, cooked, simmered",SR Legacy
"Chicken, heart, all classes, raw",SR Legacy
"Chicken, liver, all classes, cooked, pan-fried",SR Legacy
"Chicken, liver, all classes, cooked, simmered",SR Legacy
"Chicken, liver, all classes, raw",SR Legacy
"Chicken, meatless",SR Legacy
"Chicken, meatless, breaded, fried",SR Legacy
"Chicken, meatless, breaded, fried",Survey (FNDDS)
"Chicken, meatless, NFS",Survey (FNDDS)
"Chicken, neck or ribs",Survey (FNDDS)
"Chicken, NS as to part and cooking method, NS as to skin eaten",Survey (FNDDS)
"Chicken, NS as to part and cooking method, skin eaten",Survey (FNDDS)
"Chicken, NS as to part and cooking method, skin not eaten",Survey (FNDDS)
"Chicken, NS as to part, baked, broiled, or roasted, NS as to skin eaten",Survey (FNDDS)
"Chicken, NS as to part, baked, broiled, or roasted, skin eaten",Survey (FNDDS)
"Chicken, NS as to part, baked, broiled, or roasted, skin not eaten",Survey (FNDDS)
"Chicken, NS as to part, baked, coated, skin / coating eaten",Survey (FNDDS)
"Chicken, NS as to part, baked, coated, skin / coating not eaten",Survey (FNDDS)
"Chicken, NS as to part, fried, coated, skin / coating eaten",Survey (FNDDS)
"Chicken, NS as to part, fried, coated, skin / coating not eaten",Survey (FNDDS)
"Chicken, NS as to part, grilled with sauce, NS as to skin eaten",Survey (FNDDS)
"Chicken, NS as to part, grilled with sauce, skin eaten",Survey (FNDDS)
"Chicken, NS as to part, grilled with sauce, skin not eaten",Survey (FNDDS)
"Chicken, NS as to part, grilled without sauce, NS as to skin eaten",Survey (FNDDS)
"Chicken, NS as to part, grilled without sauce, skin eaten",Survey (FNDDS)
"Chicken, NS as to part, grilled without sauce, skin not eaten",Survey (FNDDS)
"Chicken, NS as to part, rotisserie, NS as to skin eaten",Survey (FNDDS)
"Chicken, NS as to part, rotisserie, skin eaten",Survey (FNDDS)
"Chicken, NS as to part, rotisserie, skin not eaten",Survey (FNDDS)
"Chicken, NS as to part, sauteed, skin eaten",Survey (FNDDS)
"Chicken, NS as to part, sauteed, skin not eaten",Survey (FNDDS)
"Chicken, NS as to part, stewed, NS as to skin eaten",Survey (FNDDS)
"Chicken, NS as to part, stewed, skin eaten",Survey (FNDDS)
"Chicken, NS as to part, stewed, skin not eaten",Survey (FNDDS)
"Chicken, nuggets, dark and white meat, precooked, frozen, not reheated",SR Legacy
"Chicken, nuggets, white meat, precooked, frozen, not reheated",SR Legacy
"Chicken, prepackaged or deli, luncheon meat",Survey (FNDDS)
"Chicken, prepackaged or deli, luncheon meat, reduced sodium",Survey (FNDDS)
"Chicken, roasting, dark meat, meat only, cooked, roasted",SR Legacy
"Chicken, roasting, dark meat, meat only, raw",SR Legacy
"Chicken, roasting, giblets, cooked, simmered",SR Legacy
"Chicken, roasting, giblets, raw",SR Legacy
"Chicken, roasting, light meat, meat only, cooked, roasted",SR Legacy
"Chicken, roasting, light meat, meat only, raw",SR Legacy
"Chicken, roasting, meat and skin and giblets and neck, cooked, roasted",SR Legacy
"Chicken, roasting, meat and skin and giblets and neck, raw",SR Legacy
"Chicken, roasting, meat and skin, cooked, roasted",SR Legacy
"Chicken, roasting, meat only, cooked, roasted",SR Legacy
"Chicken, roasting, meat only, raw",SR Legacy
"Chicken, skin (drumsticks and thighs), cooked, braised",SR Legacy
"Chicken, skin (drumsticks and thighs), cooked, roasted",SR Legacy
"Chicken, skin (drumsticks and thighs), raw",SR Legacy
"Chicken, skin (drumsticks and thighs), with added solution, cooked, braised",SR Legacy
"Chicken, skin (drumsticks and thighs), with added solution, cooked, roasted",SR Legacy
"Chicken, skin (drumsticks and thighs), with added solution, raw",SR Legacy
"Chicken, stewing, dark meat, meat only, cooked, stewed",SR Legacy
"Chicken, stewing, dark meat, meat only, raw",SR Legacy
"Chicken, stewing, giblets, cooked, simmered",SR Legacy
"Chicken, stewing, giblets, raw",SR Legacy
"Chicken, stewing, light meat, meat only, cooked, stewed",SR Legacy
"Chicken, stewing, light meat, meat only, raw",SR Legacy
"Chicken, stewing, meat and skin, and giblets and neck, cooked, stewed",SR Legacy
"Chicken, stewing, meat and skin, and giblets and neck, raw",SR Legacy
"Chicken, stewing, meat and skin, cooked, stewed",SR Legacy
"Chicken, stewing, meat and skin, raw",SR Legacy
"Chicken, stewing, meat only, cooked, stewed",SR Legacy
"Chicken, stewing, meat only, raw",SR Legacy
"Chicken, tail",Survey (FNDDS)
"Chicken, thigh, boneless, skinless, raw",Foundation
"Chicken, thigh, meat and skin, raw",Foundation
"Chicken, thighs, frozen, breaded, reheated",SR Legacy
"Chicken, wing, frozen, glazed, barbecue flavored",SR Legacy
"Chicken, wing, frozen, glazed, barbecue flavored, heated (conventional oven)",SR Legacy
"Chicken, wing, frozen, glazed, barbecue flavored, heated (microwave)",SR Legacy
"Chicken, wing, meat and skin, raw",Foundation
Chickpea flour (besan),SR Legacy
"Chickpeas (garbanzo beans, bengal gram), canned, sodium added, drained and rinsed",Foundation
"Chickpeas (garbanzo beans, bengal gram), mature seeds, canned, drained solids",SR Legacy
"Chickpeas (garbanzo beans, bengal gram), mature seeds, canned, drained, rinsed in tap water",SR Legacy
"Chickpeas (garbanzo beans, bengal gram), mature seeds, canned, solids and liquids",SR Legacy
"Chickpeas (garbanzo beans, bengal gram), mature seeds, canned, solids and liquids, low sodium",SR Legacy
"Chickpeas (garbanzo beans, bengal gram), mature seeds, cooked, boiled, with salt",SR Legacy
"Chickpeas (garbanzo beans, bengal gram), mature seeds, cooked, boiled, without salt",SR Legacy
"Chickpeas (garbanzo beans, bengal gram), mature seeds, raw",SR Legacy
"Chickpeas, (garbanzo beans, bengal gram), dry",Foundation
"Chickpeas, from canned, fat added",Survey (FNDDS)
"Chickpeas, from canned, no added fat",Survey (FNDDS)
"Chickpeas, from canned, reduced sodium",Survey (FNDDS)
"Chickpeas, from dried, fat added",Survey (FNDDS)
"Chickpeas, from dried, no added fat",Survey (FNDDS)
"Chickpeas, NFS",Survey (FNDDS)
Chicory beverage,Survey (FNDDS)
"Chicory greens, raw",SR Legacy
"Chicory roots, raw",SR Legacy
"Chicory, witloof, raw",SR Legacy
Chilaquiles,Survey (FNDDS)
Chilchen (Red Berry Beverage) (Navajo),SR Legacy
"Child formula, ABBOTT NUTRITION, PEDIASURE, ready-to-feed",SR Legacy
"Child formula, ABBOTT NUTRITION, PEDIASURE, ready-to-feed, with iron and fiber",SR Legacy
"Chiles rellenos, cheese-filled",Survey (FNDDS)
"Chiles rellenos, filled with meat and cheese",Survey (FNDDS)
"Chili con carne with beans, canned entree",SR Legacy
"Chili hot dog sandwich, on wheat bread",Survey (FNDDS)
"Chili hot dog sandwich, on wheat bun",Survey (FNDDS)
"Chili hot dog sandwich, on white bread",Survey (FNDDS)
"Chili hot dog sandwich, on white bun",Survey (FNDDS)
"Chili hot dog, no bun",Survey (FNDDS)
"Chili with beans, canned",SR Legacy
"Chili with beans, microwavable bowls",SR Legacy
Chili with chicken,Survey (FNDDS)
Chili with chicken and beans,Survey (FNDDS)
Chili with macaroni,Survey (FNDDS)
Chili with meat,Survey (FNDDS)
Chili with meat and beans,Survey (FNDDS)
"Chili with meat, canned",Survey (FNDDS)
"Chili with meat, from restaurant",Survey (FNDDS)
"Chili, NFS",Survey (FNDDS)
"Chili, no beans, canned entree",SR Legacy
"Chili, vegetarian",Survey (FNDDS)
"Chili, white",Survey (FNDDS)
"Chiliburger, with or without cheese, on bun",Survey (FNDDS)
"Chimichanga, chicken",Survey (FNDDS)
"Chimichanga, meat",Survey (FNDDS)
"Chimichanga, with beans",Survey (FNDDS)
Chinese pancake,Survey (FNDDS)
"Chipotle dip, light",Survey (FNDDS)
"Chipotle dip, regular",Survey (FNDDS)
"Chipotle dip, yogurt based",Survey (FNDDS)
"Chips, rice",Survey (FNDDS)
"Chiton, leathery, gumboots (Alaska Native)",SR Legacy
Chitterlings,Survey (FNDDS)
"Chives, freeze-dried",SR Legacy
"Chives, raw",SR Legacy
"Chives, raw",Survey (FNDDS)
"Chocolate beverage powder, dry mix, not reconstituted",Survey (FNDDS)
"Chocolate beverage powder, light, dry mix, not reconstituted",Survey (FNDDS)
Chocolate candy,Survey (FNDDS)
Chocolate candy with cereal,Survey (FNDDS)
Chocolate candy with dried fruit,Survey (FNDDS)
Chocolate candy with nuts,Survey (FNDDS)
"Chocolate candy with nuts, other, NFS",Survey (FNDDS)
"Chocolate candy, candy shell",Survey (FNDDS)
"Chocolate candy, candy shell with nuts",Survey (FNDDS)
"Chocolate candy, caramel filled",Survey (FNDDS)
"Chocolate candy, caramel filled with nuts",Survey (FNDDS)
"Chocolate candy, coconut filled",Survey (FNDDS)
"Chocolate candy, cookie filled",Survey (FNDDS)
"Chocolate candy, cream filled",Survey (FNDDS)
"Chocolate candy, fudge",Survey (FNDDS)
"Chocolate candy, nougat filled",Survey (FNDDS)
"Chocolate candy, nougat filled with nuts",Survey (FNDDS)
"Chocolate candy, other, NFS",Survey (FNDDS)
"Chocolate candy, peanut butter filled",Survey (FNDDS)
"Chocolate candy, sugar free",Survey (FNDDS)
Chocolate chips,Survey (FNDDS)
Chocolate dip,Survey (FNDDS)
Chocolate hazelnut spread,Survey (FNDDS)
Chocolate milk drink,Survey (FNDDS)
"Chocolate milk, fat free (skim)",Survey (FNDDS)
"Chocolate milk, low fat (1%)",Survey (FNDDS)
"Chocolate milk, Nesquik, made with non-dairy milk",Survey (FNDDS)
"Chocolate milk, Nesquik, NS as to type of milk",Survey (FNDDS)
"Chocolate milk, NFS",Survey (FNDDS)
"Chocolate milk, reduced fat (2%)",Survey (FNDDS)
"Chocolate milk, reduced sugar, fat free (skim)",Survey (FNDDS)
"Chocolate milk, reduced sugar, low fat (1%)",Survey (FNDDS)
"Chocolate milk, reduced sugar, NFS",Survey (FNDDS)
"Chocolate milk, reduced sugar, reduced fat (2%)",Survey (FNDDS)
"Chocolate milk, reduced sugar, whole",Survey (FNDDS)
"Chocolate milk, whole",Survey (FNDDS)
Chocolate syrup,Survey (FNDDS)
"Chocolate syrup, light",Survey (FNDDS)
"Chocolate, dark, 45- 59% cacao solids",SR Legacy
"Chocolate, dark, 60-69% cacao solids",SR Legacy
"Chocolate, dark, 70-85% cacao solids",SR Legacy
Chocolate-flavored hazelnut spread,SR Legacy
"Chokecherries, raw, pitted (Northern Plains Indians)",SR Legacy
"Chokecherries, raw, pitted (Shoshone Bannock)",SR Legacy
Chorizo,Survey (FNDDS)
Chow fun noodles with meat and vegetables,Survey (FNDDS)
"Chow fun noodles with vegetables, meatless",Survey (FNDDS)
"Chow mein or chop suey, meatless, no noodles",Survey (FNDDS)
"Chow mein or chop suey, meatless, with noodles",Survey (FNDDS)
"Chow mein or chop suey, NS as to type of meat, no noodles",Survey (FNDDS)
"Chow mein or chop suey, NS as to type of meat, with noodles",Survey (FNDDS)
"Chow mein or chop suey, various types of meat, with noodles",Survey (FNDDS)
"Christophine, cooked",Survey (FNDDS)
"Chrysanthemum leaves, raw",SR Legacy
"Chrysanthemum, garland, cooked, boiled, drained, with salt",SR Legacy
"Chrysanthemum, garland, cooked, boiled, drained, without salt",SR Legacy
"Chrysanthemum, garland, raw",SR Legacy
Churros,Survey (FNDDS)
Chutney,Survey (FNDDS)
"Cilantro, raw",Survey (FNDDS)
"Cinnamon buns, frosted (includes honey buns)",SR Legacy
Clam cake or patty,Survey (FNDDS)
Clams Casino,Survey (FNDDS)
"Clams, baked or broiled",Survey (FNDDS)
"Clams, canned",Survey (FNDDS)
"Clams, fried",Survey (FNDDS)
"Clams, NFS",Survey (FNDDS)
"Clams, raw",Survey (FNDDS)
"Clams, steamed or boiled",Survey (FNDDS)
"Classic mixed vegetables, canned, cooked with butter or margarine",Survey (FNDDS)
"Classic mixed vegetables, canned, cooked with oil",Survey (FNDDS)
"Classic mixed vegetables, canned, cooked, fat added, NS as to fat type",Survey (FNDDS)
"Classic mixed vegetables, canned, cooked, no added fat",Survey (FNDDS)
"Classic mixed vegetables, canned, reduced sodium, cooked with butter or margarine",Survey (FNDDS)
"Classic mixed vegetables, canned, reduced sodium, cooked with oil",Survey (FNDDS)
"Classic mixed vegetables, canned, reduced sodium, cooked, fat added, NS as to fat type",Survey (FNDDS)
"Classic mixed vegetables, canned, reduced sodium, cooked, no added fat",Survey (FNDDS)
"Classic mixed vegetables, cooked, from restaurant",Survey (FNDDS)
"Classic mixed vegetables, frozen, cooked with butter or margarine",Survey (FNDDS)
"Classic mixed vegetables, frozen, cooked with oil",Survey (FNDDS)
"Classic mixed vegetables, frozen, cooked, fat added, NS as to fat type",Survey (FNDDS)
"Classic mixed vegetables, frozen, cooked, no added fat",Survey (FNDDS)
"Classic mixed vegetables, NS as to form, cooked",Survey (FNDDS)
"Clementine, raw",Survey (FNDDS)
"Clementines, raw",SR Legacy
Clif Z bar,SR Legacy
"Cloudberries, raw (Alaska Native)",SR Legacy
Club sandwich on wheat,Survey (FNDDS)
"Club sandwich on wheat, with cheese",Survey (FNDDS)
Club sandwich on white,Survey (FNDDS)
"Club sandwich on white, with cheese",Survey (FNDDS)
"Club sandwich or sub, restaurant",Survey (FNDDS)
"Cobb salad, no dressing",Survey (FNDDS)
"Cobbler, apple",Survey (FNDDS)
"Cobbler, berry",Survey (FNDDS)
"Cobbler, cherry",Survey (FNDDS)
"Cobbler, peach",Survey (FNDDS)
"Cockles, raw (Alaska Native)",SR Legacy
Cocktail sauce,Survey (FNDDS)
"Cocktail, NFS",Survey (FNDDS)
"Cocoa mix, NESTLE, Rich Chocolate Hot Cocoa Mix",SR Legacy
"Cocoa powder, not reconstituted",Survey (FNDDS)
"Cocoa, dry powder, hi-fat or breakfast, processed with alkali",SR Legacy
"Cocoa, dry powder, unsweetened",SR Legacy
"Cocoa, dry powder, unsweetened, HERSHEY'S European Style Cocoa",SR Legacy
"Cocoa, dry powder, unsweetened, processed with alkali",SR Legacy
"Coconut cream, canned, sweetened",Survey (FNDDS)
Coconut milk,Survey (FNDDS)
"Coconut milk, used in cooking",Survey (FNDDS)
Coconut oil,Survey (FNDDS)
"Coconut water, sweetened",Survey (FNDDS)
"Coconut water, unsweetened",Survey (FNDDS)
"Coconut, fresh",Survey (FNDDS)
"Coconut, packaged",Survey (FNDDS)
"Codfish salad, Puerto Rican style, Serenata",Survey (FNDDS)
"Codfish with starchy vegetables, Puerto Rican style",Survey (FNDDS)
"Coffee and chicory, brewed",Survey (FNDDS)
"Coffee and chicory, brewed, decaffeinated",Survey (FNDDS)
"Coffee cake, crumb or quick-bread type",Survey (FNDDS)
"Coffee cake, crumb or quick-bread type, cheese-filled",Survey (FNDDS)
"Coffee cake, crumb or quick-bread type, with fruit",Survey (FNDDS)
"Coffee cake, yeast type",Survey (FNDDS)
"Coffee creamer, liquid",Survey (FNDDS)
"Coffee creamer, liquid, fat free",Survey (FNDDS)
"Coffee creamer, liquid, fat free, flavored",Survey (FNDDS)
"Coffee creamer, liquid, fat free, sugar free, flavored",Survey (FNDDS)
"Coffee creamer, liquid, flavored",Survey (FNDDS)
"Coffee creamer, liquid, sugar free, flavored",Survey (FNDDS)
"Coffee creamer, NFS",Survey (FNDDS)
"Coffee creamer, powder",Survey (FNDDS)
"Coffee creamer, powder, fat free",Survey (FNDDS)
"Coffee creamer, powder, flavored",Survey (FNDDS)
"Coffee creamer, soy, liquid",Survey (FNDDS)
"Coffee creamer,powder, sugar free, flavored",Survey (FNDDS)
Coffee substitute,Survey (FNDDS)
"Coffee, bottled/canned",Survey (FNDDS)
"Coffee, bottled/canned, light",Survey (FNDDS)
"Coffee, brewed",Survey (FNDDS)
"Coffee, brewed, blend of regular and decaffeinated",Survey (FNDDS)
"Coffee, brewed, decaffeinated",Survey (FNDDS)
"Coffee, brewed, flavored",Survey (FNDDS)
"Coffee, cafe con leche",Survey (FNDDS)
"Coffee, cafe con leche, decaffeinated",Survey (FNDDS)
"Coffee, Cafe Mocha",Survey (FNDDS)
"Coffee, Cafe Mocha, decaffeinated",Survey (FNDDS)
"Coffee, Cafe Mocha, decaffeinated, nonfat",Survey (FNDDS)
"Coffee, Cafe Mocha, decaffeinated, with non-dairy milk",Survey (FNDDS)
"Coffee, Cafe Mocha, nonfat",Survey (FNDDS)
"Coffee, Cafe Mocha, with non-dairy milk",Survey (FNDDS)
"Coffee, Cappuccino",Survey (FNDDS)
"Coffee, Cappuccino, decaffeinated",Survey (FNDDS)
"Coffee, Cappuccino, decaffeinated, nonfat",Survey (FNDDS)
"Coffee, Cappuccino, decaffeinated, with non-dairy milk",Survey (FNDDS)
"Coffee, Cappuccino, nonfat",Survey (FNDDS)
"Coffee, Cappuccino, with non-dairy milk",Survey (FNDDS)
"Coffee, Cuban",Survey (FNDDS)
"Coffee, decaffeinated, pre-lightened",Survey (FNDDS)
"Coffee, decaffeinated, pre-lightened and pre-sweetened with low calorie sweetener",Survey (FNDDS)
"Coffee, decaffeinated, pre-lightened and pre-sweetened with sugar",Survey (FNDDS)
"Coffee, decaffeinated, pre-sweetened with low calorie sweetener",Survey (FNDDS)
"Coffee, decaffeinated, pre-sweetened with sugar",Survey (FNDDS)
"Coffee, espresso",Survey (FNDDS)
"Coffee, espresso, decaffeinated",Survey (FNDDS)
"Coffee, Iced Cafe Mocha",Survey (FNDDS)
"Coffee, Iced Cafe Mocha, decaffeinated",Survey (FNDDS)
"Coffee, Iced Cafe Mocha, decaffeinated, nonfat",Survey (FNDDS)
"Coffee, Iced Cafe Mocha, decaffeinated, with non-dairy milk",Survey (FNDDS)
"Coffee, Iced Cafe Mocha, nonfat",Survey (FNDDS)
"Coffee, Iced Cafe Mocha, with non-dairy milk",Survey (FNDDS)
"Coffee, Iced Latte",Survey (FNDDS)
"Coffee, Iced Latte, decaffeinated",Survey (FNDDS)
"Coffee, Iced Latte, decaffeinated, flavored",Survey (FNDDS)
"Coffee, Iced Latte, decaffeinated, nonfat",Survey (FNDDS)
"Coffee, Iced Latte, decaffeinated, nonfat, flavored",Survey (FNDDS)
"Coffee, Iced Latte, decaffeinated, with non-dairy milk",Survey (FNDDS)
"Coffee, Iced Latte, decaffeinated, with non-dairy milk, flavored",Survey (FNDDS)
"Coffee, Iced Latte, flavored",Survey (FNDDS)
"Coffee, Iced Latte, nonfat",Survey (FNDDS)
"Coffee, Iced Latte, nonfat, flavored",Survey (FNDDS)
"Coffee, Iced Latte, with non-dairy milk",Survey (FNDDS)
"Coffee, Iced Latte, with non-dairy milk, flavored",Survey (FNDDS)
"Coffee, instant, 50% less caffeine, reconstituted",Survey (FNDDS)
"Coffee, instant, decaffeinated, not reconstituted",Survey (FNDDS)
"Coffee, instant, decaffeinated, pre-lightened and pre-sweetened with low calorie sweetener, not reconstituted",Survey (FNDDS)
"Coffee, instant, decaffeinated, pre-lightened and pre-sweetened with low calorie sweetener, reconstituted",Survey (FNDDS)
"Coffee, instant, decaffeinated, pre-lightened and pre-sweetened with sugar, not reconstituted",Survey (FNDDS)
"Coffee, instant, decaffeinated, pre-lightened and pre-sweetened with sugar, reconsitituted",Survey (FNDDS)
"Coffee, instant, decaffeinated, reconstituted",Survey (FNDDS)
"Coffee, instant, not reconstituted",Survey (FNDDS)
"Coffee, instant, pre-lightened and pre-sweetened with low calorie sweetener, reconstituted",Survey (FNDDS)
"Coffee, instant, pre-lightened and pre-sweetened with sugar, not reconstituted",Survey (FNDDS)
"Coffee, instant, pre-lightened and pre-sweetened with sugar, reconstituted",Survey (FNDDS)
"Coffee, instant, pre-sweetened with sugar, not reconstituted",Survey (FNDDS)
"Coffee, instant, pre-sweetened with sugar, reconstituted",Survey (FNDDS)
"Coffee, instant, reconstituted",Survey (FNDDS)
"Coffee, Latte",Survey (FNDDS)
"Coffee, Latte, decaffeinated",Survey (FNDDS)
"Coffee, Latte, decaffeinated, flavored",Survey (FNDDS)
"Coffee, Latte, decaffeinated, nonfat",Survey (FNDDS)
"Coffee, Latte, decaffeinated, nonfat, flavored",Survey (FNDDS)
"Coffee, Latte, decaffeinated, with non-dairy milk",Survey (FNDDS)
"Coffee, Latte, decaffeinated, with non-dairy milk, flavored",Survey (FNDDS)
"Coffee, Latte, flavored",Survey (FNDDS)
"Coffee, Latte, nonfat",Survey (FNDDS)
"Coffee, Latte, nonfat, flavored",Survey (FNDDS)
"Coffee, Latte, with non-dairy milk",Survey (FNDDS)
"Coffee, Latte, with non-dairy milk, flavored",Survey (FNDDS)
"Coffee, macchiato",Survey (FNDDS)
"Coffee, macchiato, sweetened",Survey (FNDDS)
"Coffee, mocha, instant, pre-lightened and pre-sweetened with low calorie sweetener, reconstituted",Survey (FNDDS)
"Coffee, NS as to brewed or instant",Survey (FNDDS)
"Coffee, NS as to brewed or instant, decaffeinated",Survey (FNDDS)
"Coffee, NS as to type",Survey (FNDDS)
"Coffee, pre-lightened",Survey (FNDDS)
"Coffee, pre-lightened and pre-sweetened with low calorie sweetener",Survey (FNDDS)
"Coffee, pre-lightened and pre-sweetened with sugar",Survey (FNDDS)
"Coffee, pre-sweetened with low calorie sweetener",Survey (FNDDS)
"Coffee, pre-sweetened with sugar",Survey (FNDDS)
"Coffee, Turkish",Survey (FNDDS)
Coleslaw,Survey (FNDDS)
Coleslaw dressing,Survey (FNDDS)
"Coleslaw, fast food / restaurant",Survey (FNDDS)
"Coleslaw, with fruit",Survey (FNDDS)
"Collards, cooked, boiled, drained, with salt",SR Legacy
"Collards, cooked, boiled, drained, without salt",SR Legacy
"Collards, fresh, cooked with butter or margarine",Survey (FNDDS)
"Collards, fresh, cooked with oil",Survey (FNDDS)
"Collards, fresh, cooked, fat added, NS as to fat type",Survey (FNDDS)
"Collards, fresh, cooked, no added fat",Survey (FNDDS)
"Collards, frozen, chopped, cooked, boiled, drained, with salt",SR Legacy
"Collards, frozen, chopped, cooked, boiled, drained, without salt",SR Legacy
"Collards, frozen, chopped, unprepared",SR Legacy
"Collards, frozen, cooked with butter or margarine",Survey (FNDDS)
"Collards, frozen, cooked with oil",Survey (FNDDS)
"Collards, frozen, cooked, fat added, NS as to fat type",Survey (FNDDS)
"Collards, frozen, cooked, no added fat",Survey (FNDDS)
"Collards, NS as to form, cooked",Survey (FNDDS)
"Collards, raw",Survey (FNDDS)
"Collards, raw",SR Legacy
"Collards, raw",Foundation
Congee,Survey (FNDDS)
"Congee, with egg",Survey (FNDDS)
"Congee, with meat, poultry, and/or seafood",Survey (FNDDS)
"Congee, with meat, poultry, and/or seafood, and vegetables",Survey (FNDDS)
"Congee, with vegetables",Survey (FNDDS)
"Continental Mills, Krusteaz Almond Poppyseed Muffin Mix, Artificially Flavored, dry",SR Legacy
"Cookie bar, with chocolate, nuts, and graham crackers",Survey (FNDDS)
"Cookie, almond",Survey (FNDDS)
"Cookie, animal",Survey (FNDDS)
"Cookie, animal, with frosting or icing",Survey (FNDDS)
"Cookie, applesauce",Survey (FNDDS)
"Cookie, bar, with chocolate",Survey (FNDDS)
"Cookie, batter or dough, raw",Survey (FNDDS)
"Cookie, biscotti",Survey (FNDDS)
"Cookie, brownie, NS as to icing",Survey (FNDDS)
"Cookie, brownie, reduced fat, NS as to icing",Survey (FNDDS)
"Cookie, brownie, with icing or filling",Survey (FNDDS)
"Cookie, brownie, without icing",Survey (FNDDS)
"Cookie, butter or sugar",Survey (FNDDS)
"Cookie, butter or sugar, with chocolate icing or filling",SR Legacy
"Cookie, butter or sugar, with chocolate icing or filling",Survey (FNDDS)
"Cookie, butter or sugar, with fruit and/or nuts",Survey (FNDDS)
"Cookie, butter or sugar, with icing or filling other than chocolate",Survey (FNDDS)
"Cookie, butterscotch, brownie",Survey (FNDDS)
"Cookie, chocolate and vanilla sandwich",Survey (FNDDS)
"Cookie, chocolate chip",Survey (FNDDS)
"Cookie, chocolate chip sandwich",Survey (FNDDS)
"Cookie, chocolate chip, made from home recipe or purchased at a bakery",Survey (FNDDS)
"Cookie, chocolate chip, reduced fat",Survey (FNDDS)
"Cookie, chocolate chip, reduced sugar",Survey (FNDDS)
"Cookie, chocolate or fudge",Survey (FNDDS)
"Cookie, chocolate sandwich",Survey (FNDDS)
"Cookie, chocolate sandwich, reduced fat",Survey (FNDDS)
"Cookie, chocolate wafer",Survey (FNDDS)
"Cookie, chocolate, made with oatmeal and coconut, no bake",Survey (FNDDS)
"Cookie, chocolate, made with rice cereal",Survey (FNDDS)
"Cookie, chocolate, sandwich, with extra filling",Survey (FNDDS)
"Cookie, chocolate, with icing or coating",SR Legacy
"Cookie, chocolate, with icing or coating",Survey (FNDDS)
"Cookie, coconut",Survey (FNDDS)
"Cookie, cone shell, ice cream type, wafer or cake",Survey (FNDDS)
"Cookie, fig bar",Survey (FNDDS)
"Cookie, fortune",Survey (FNDDS)
"Cookie, fruit-filled bar",Survey (FNDDS)
"Cookie, gingersnaps",Survey (FNDDS)
"Cookie, gluten free",Survey (FNDDS)
"Cookie, graham cracker with chocolate and marshmallow",Survey (FNDDS)
"Cookie, granola",Survey (FNDDS)
"Cookie, ladyfinger",Survey (FNDDS)
"Cookie, Lebkuchen",Survey (FNDDS)
"Cookie, lemon bar",Survey (FNDDS)
"Cookie, macaroon",Survey (FNDDS)
"Cookie, marshmallow and peanut butter, with oat cereal, no bake",Survey (FNDDS)
"Cookie, marshmallow pie, chocolate covered",Survey (FNDDS)
"Cookie, marshmallow, chocolate-covered",Survey (FNDDS)
"Cookie, marshmallow, with coconut",Survey (FNDDS)
"Cookie, marshmallow, with rice cereal and chocolate chips",Survey (FNDDS)
"Cookie, marshmallow, with rice cereal, no bake",Survey (FNDDS)
"Cookie, meringue",Survey (FNDDS)
"Cookie, molasses",Survey (FNDDS)
"Cookie, multigrain, high fiber",Survey (FNDDS)
"Cookie, NFS",Survey (FNDDS)
"Cookie, oatmeal",Survey (FNDDS)
"Cookie, oatmeal sandwich, with creme filling",Survey (FNDDS)
"Cookie, oatmeal sandwich, with peanut butter and jelly filling",Survey (FNDDS)
"Cookie, oatmeal, reduced fat, NS as to raisins",Survey (FNDDS)
"Cookie, oatmeal, reduced sugar",Survey (FNDDS)
"Cookie, oatmeal, with chocolate and peanut butter, no bake",Survey (FNDDS)
"Cookie, oatmeal, with chocolate chips",Survey (FNDDS)
"Cookie, oatmeal, with raisins",Survey (FNDDS)
"Cookie, peanut butter",Survey (FNDDS)
"Cookie, peanut butter sandwich",Survey (FNDDS)
"Cookie, peanut butter with rice cereal, no bake",Survey (FNDDS)
"Cookie, peanut butter, sugar free",Survey (FNDDS)
"Cookie, peanut butter, with chocolate",Survey (FNDDS)
"Cookie, Pfeffernusse",Survey (FNDDS)
"Cookie, Pizzelle",Survey (FNDDS)
"Cookie, pumpkin",Survey (FNDDS)
"Cookie, raisin",Survey (FNDDS)
"Cookie, raisin sandwich, cream-filled",Survey (FNDDS)
"Cookie, rugelach",Survey (FNDDS)
"Cookie, rum ball, no bake",Survey (FNDDS)
"Cookie, sandwich, reduced sugar",Survey (FNDDS)
"Cookie, sandwich-type, not chocolate or vanilla",Survey (FNDDS)
"Cookie, shortbread",Survey (FNDDS)
"Cookie, shortbread, reduced fat",Survey (FNDDS)
"Cookie, shortbread, with icing or filling",Survey (FNDDS)
"Cookie, sugar or plain, sugar free",Survey (FNDDS)
"Cookie, sugar wafer",Survey (FNDDS)
"Cookie, sugar wafer, chocolate-covered",Survey (FNDDS)
"Cookie, sugar wafer, sugar free",Survey (FNDDS)
"Cookie, tea, Japanese",Survey (FNDDS)
"Cookie, toffee bar",Survey (FNDDS)
"Cookie, vanilla sandwich",Survey (FNDDS)
"Cookie, vanilla sandwich, extra filling",Survey (FNDDS)
"Cookie, vanilla sandwich, reduced fat",Survey (FNDDS)
"Cookie, vanilla wafer",Survey (FNDDS)
"Cookie, vanilla wafer, reduced fat",Survey (FNDDS)
"Cookie, vanilla with caramel, coconut, and chocolate coating",Survey (FNDDS)
"Cookie, vanilla with caramel, coconut, and chocolate coating",SR Legacy
"Cookie, with peanut butter filling, chocolate-coated",Survey (FNDDS)
"Cookie, with peanut butter filling, chocolate-coated",SR Legacy
"Cookies, animal crackers (includes arrowroot, tea biscuits)",SR Legacy
"Cookies, animal, with frosting or icing",SR Legacy
"Cookies, brownies, commercially prepared",SR Legacy
"Cookies, brownies, commercially prepared, reduced fat, with added fiber",SR Legacy
"Cookies, brownies, dry mix, regular",SR Legacy
"Cookies, brownies, dry mix, sugar free",SR Legacy
"Cookies, brownies, prepared from recipe",SR Legacy
"Cookies, butter, commercially prepared, enriched",SR Legacy
"Cookies, butter, commercially prepared, unenriched",SR Legacy
"Cookies, chocolate chip sandwich, with creme filling",SR Legacy
"Cookies, chocolate chip, commercially prepared, regular, higher fat, enriched",SR Legacy
"Cookies, chocolate chip, commercially prepared, regular, higher fat, unenriched",SR Legacy
"Cookies, chocolate chip, commercially prepared, regular, lower fat",SR Legacy
"Cookies, chocolate chip, commercially prepared, soft-type",SR Legacy
"Cookies, chocolate chip, commercially prepared, special dietary",SR Legacy
"Cookies, chocolate chip, dry mix",SR Legacy
"Cookies, chocolate chip, prepared from recipe, made with butter",SR Legacy
"Cookies, chocolate chip, prepared from recipe, made with margarine",SR Legacy
"Cookies, chocolate chip, refrigerated dough",SR Legacy
"Cookies, chocolate chip, refrigerated dough, baked",SR Legacy
"Cookies, chocolate cream covered biscuit sticks",SR Legacy
"Cookies, chocolate sandwich, with creme filling, reduced fat",SR Legacy
"Cookies, chocolate sandwich, with creme filling, regular",SR Legacy
"Cookies, chocolate sandwich, with creme filling, regular, chocolate-coated",SR Legacy
"Cookies, chocolate sandwich, with creme filling, special dietary",SR Legacy
"Cookies, chocolate sandwich, with extra creme filling",SR Legacy
"Cookies, chocolate wafers",SR Legacy
"Cookies, chocolate, made with rice cereal",SR Legacy
"Cookies, coconut macaroon",SR Legacy
"Cookies, fig bars",SR Legacy
"Cookies, fortune",SR Legacy
"Cookies, fudge, cake-type (includes trolley cakes)",SR Legacy
"Cookies, gingersnaps",SR Legacy
"Cookies, gluten-free, chocolate sandwich, with creme filling",SR Legacy
"Cookies, gluten-free, chocolate wafer",SR Legacy
"Cookies, gluten-free, lemon wafer",SR Legacy
"Cookies, gluten-free, vanilla sandwich, with creme filling",SR Legacy
"Cookies, graham crackers, chocolate-coated",SR Legacy
"Cookies, graham crackers, plain or honey (includes cinnamon)",SR Legacy
"Cookies, graham crackers, plain or honey, lowfat",SR Legacy
"Cookies, ladyfingers, with lemon juice and rind",SR Legacy
"Cookies, ladyfingers, without lemon juice and rind",SR Legacy
"Cookies, Marie biscuit",SR Legacy
"Cookies, marshmallow, chocolate-coated (includes marshmallow pies)",SR Legacy
"Cookies, marshmallow, with rice cereal and chocolate chips",SR Legacy
"Cookies, molasses",SR Legacy
"Cookies, oatmeal sandwich, with creme filling",SR Legacy
"Cookies, oatmeal, commercially prepared, regular",SR Legacy
"Cookies, oatmeal, commercially prepared, soft-type",SR Legacy
"Cookies, oatmeal, commercially prepared, special dietary",SR Legacy
"Cookies, oatmeal, dry mix",SR Legacy
"Cookies, oatmeal, prepared from recipe, without raisins",SR Legacy
"Cookies, oatmeal, reduced fat",SR Legacy
"Cookies, oatmeal, refrigerated dough",SR Legacy
"Cookies, oatmeal, refrigerated dough, baked",SR Legacy
"Cookies, oatmeal, soft, with raisins",Foundation
"Cookies, oatmeal, with raisins",SR Legacy
"Cookies, peanut butter sandwich, regular",SR Legacy
"Cookies, peanut butter sandwich, special dietary",SR Legacy
"Cookies, peanut butter, commercially prepared, regular",SR Legacy
"Cookies, peanut butter, commercially prepared, soft-type",SR Legacy
"Cookies, peanut butter, commercially prepared, sugar free",SR Legacy
"Cookies, peanut butter, prepared from recipe",SR Legacy
"Cookies, peanut butter, refrigerated dough",SR Legacy
"Cookies, peanut butter, refrigerated dough, baked",SR Legacy
"Cookies, Puerto Rican style",Survey (FNDDS)
"Cookies, raisin, soft-type",SR Legacy
"Cookies, shortbread, commercially prepared, pecan",SR Legacy
"Cookies, shortbread, commercially prepared, plain",SR Legacy
"Cookies, shortbread, reduced fat",SR Legacy
"Cookies, sugar wafer, chocolate-covered",SR Legacy
"Cookies, sugar wafer, with creme filling, sugar free",SR Legacy
"Cookies, sugar wafers with creme filling, regular",SR Legacy
"Cookies, sugar, commercially prepared, regular (includes vanilla)",SR Legacy
"Cookies, sugar, refrigerated dough",SR Legacy
"Cookies, sugar, refrigerated dough, baked",SR Legacy
"Cookies, vanilla sandwich with creme filling",SR Legacy
"Cookies, vanilla sandwich with creme filling, reduced fat",SR Legacy
"Cookies, vanilla wafers, higher fat",SR Legacy
"Cookies, vanilla wafers, lower fat",SR Legacy
"Coriander (cilantro) leaves, raw",SR Legacy
Corn beverage,Survey (FNDDS)
"Corn bran, crude",SR Legacy
"Corn chips, flavored",Survey (FNDDS)
"Corn chips, flavored (Fritos)",Survey (FNDDS)
"Corn chips, plain",Survey (FNDDS)
"Corn chips, plain (Fritos)",Survey (FNDDS)
"Corn chips, reduced sodium",Survey (FNDDS)
Corn dog,Survey (FNDDS)
"Corn dogs, frozen, prepared",SR Legacy
"Corn flour patty or tart, fried",Survey (FNDDS)
"Corn flour, masa harina, white or yellow, dry, raw",Foundation
"Corn flour, masa, enriched, white",SR Legacy
"Corn flour, masa, unenriched, white",SR Legacy
"Corn flour, whole-grain, blue (harina de maiz morado)",SR Legacy
"Corn flour, whole-grain, white",SR Legacy
"Corn flour, whole-grain, yellow",SR Legacy
"Corn flour, yellow, degermed, unenriched",SR Legacy
"Corn flour, yellow, masa, enriched",SR Legacy
"Corn grain, white",SR Legacy
"Corn grain, yellow",SR Legacy
Corn nuts,Survey (FNDDS)
Corn oil,Survey (FNDDS)
"Corn pone, baked",Survey (FNDDS)
"Corn pone, fried",Survey (FNDDS)
"Corn pudding, home prepared",SR Legacy
Corn syrup,Survey (FNDDS)
"Corn with red and green peppers, canned, solids and liquids",SR Legacy
"Corn, canned, cooked with butter or margarine",Survey (FNDDS)
"Corn, canned, cooked with oil",Survey (FNDDS)
"Corn, canned, cooked, fat added, NS as to fat type",Survey (FNDDS)
"Corn, canned, cooked, no added fat",Survey (FNDDS)
"Corn, canned, reduced sodium, cooked with butter or margarine",Survey (FNDDS)
"Corn, canned, reduced sodium, cooked with oil",Survey (FNDDS)
"Corn, canned, reduced sodium, cooked, fat added, NS as to fat type",Survey (FNDDS)
"Corn, canned, reduced sodium, cooked, no added fat",Survey (FNDDS)
"Corn, cooked, from restaurant",Survey (FNDDS)
"Corn, creamed",Survey (FNDDS)
"Corn, dried (Navajo)",SR Legacy
"Corn, dried, yellow (Northern Plains Indians)",SR Legacy
"Corn, fresh, cooked with butter or margarine",Survey (FNDDS)
"Corn, fresh, cooked with oil",Survey (FNDDS)
"Corn, fresh, cooked, fat added, NS as to fat type",Survey (FNDDS)
"Corn, fresh, cooked, no added fat",Survey (FNDDS)
"Corn, frozen, cooked with butter or margarine",Survey (FNDDS)
"Corn, frozen, cooked with oil",Survey (FNDDS)
"Corn, frozen, cooked, fat added, NS as to fat type",Survey (FNDDS)
"Corn, frozen, cooked, no added fat",Survey (FNDDS)
"Corn, NS as to form, cooked",Survey (FNDDS)
"Corn, raw",Survey (FNDDS)
"Corn, scalloped or pudding",Survey (FNDDS)
"Corn, sweet, white, canned, cream style, no salt added",SR Legacy
"Corn, sweet, white, canned, cream style, regular pack",SR Legacy
"Corn, sweet, white, canned, vacuum pack, no salt added",SR Legacy
"Corn, sweet, white, canned, vacuum pack, regular pack",SR Legacy
"Corn, sweet, white, canned, whole kernel, drained solids",SR Legacy
"Corn, sweet, white, canned, whole kernel, no salt added, solids and liquids",SR Legacy
"Corn, sweet, white, canned, whole kernel, regular pack, solids and liquids",SR Legacy
"Corn, sweet, white, cooked, boiled, drained, with salt",SR Legacy
"Corn, sweet, white, cooked, boiled, drained, without salt",SR Legacy
"Corn, sweet, white, frozen, kernels cut off cob, boiled, drained, with salt",SR Legacy
"Corn, sweet, white, frozen, kernels cut off cob, boiled, drained, without salt",SR Legacy
"Corn, sweet, white, frozen, kernels cut off cob, unprepared",SR Legacy
"Corn, sweet, white, frozen, kernels on cob, cooked, boiled, drained, with salt",SR Legacy
"Corn, sweet, white, frozen, kernels on cob, cooked, boiled, drained, without salt",SR Legacy
"Corn, sweet, white, frozen, kernels on cob, unprepared",SR Legacy
"Corn, sweet, white, raw",SR Legacy
"Corn, sweet, yellow and white kernels,  fresh, raw",Foundation
"Corn, sweet, yellow, canned, brine pack, regular pack, solids and liquids",SR Legacy
"Corn, sweet, yellow, canned, cream style, no salt added",SR Legacy
"Corn, sweet, yellow, canned, cream style, regular pack",SR Legacy
"Corn, sweet, yellow, canned, drained solids, rinsed with tap water",SR Legacy
"Corn, sweet, yellow, canned, no salt added, solids and liquids (Includes foods for USDA's Food Distribution Program)",SR Legacy
"Corn, sweet, yellow, canned, vacuum pack, no salt added",SR Legacy
"Corn, sweet, yellow, canned, vacuum pack, regular pack",SR Legacy
"Corn, sweet, yellow, canned, whole kernel, drained solids",SR Legacy
"Corn, sweet, yellow, cooked, boiled, drained, with salt",SR Legacy
"Corn, sweet, yellow, cooked, boiled, drained, without salt",SR Legacy
"Corn, sweet, yellow, frozen, kernels cut off cob, boiled, drained, without salt",SR Legacy
"Corn, sweet, yellow, frozen, kernels cut off cob, unprepared (Includes foods for USDA's Food Distribution Program)",SR Legacy
"Corn, sweet, yellow, frozen, kernels on cob, cooked, boiled, drained, with salt",SR Legacy
"Corn, sweet, yellow, frozen, kernels on cob, cooked, boiled, drained, without salt",SR Legacy
"Corn, sweet, yellow, frozen, kernels on cob, unprepared",SR Legacy
"Corn, sweet, yellow, frozen, kernels, cut off cob, boiled, drained, with salt",SR Legacy
"Corn, sweet, yellow, raw",SR Legacy
"Corn, white, steamed (Navajo)",SR Legacy
"Corn, yellow, whole kernel, frozen, microwaved",SR Legacy
"Cornbread muffin, stick, round",Survey (FNDDS)
"Cornbread muffin, stick, round, made from home recipe",Survey (FNDDS)
Cornbread stuffing,Survey (FNDDS)
"Cornbread, made from home recipe",Survey (FNDDS)
"Cornbread, prepared from mix",Survey (FNDDS)
Corned beef and potatoes in tortilla (Apache),SR Legacy
Corned beef hash,Survey (FNDDS)
"Corned beef loaf, jellied",SR Legacy
Corned beef patty,Survey (FNDDS)
Corned beef sandwich on wheat,Survey (FNDDS)
"Corned beef sandwich on wheat, with cheese",Survey (FNDDS)
Corned beef sandwich on white,Survey (FNDDS)
"Corned beef sandwich on white, with cheese",Survey (FNDDS)
"Corned beef, potatoes, and vegetables excluding carrots, broccoli, and dark-green leafy; no sauce",Survey (FNDDS)
"Corned beef, potatoes, and vegetables including carrots, broccoli, and/or dark-green leafy; no sauce",Survey (FNDDS)
"Cornish game hen, cooked, skin eaten",Survey (FNDDS)
"Cornish game hen, cooked, skin not eaten",Survey (FNDDS)
"Cornish game hen, roasted, skin eaten",Survey (FNDDS)
"Cornish game hen, roasted, skin not eaten",Survey (FNDDS)
Cornmeal dressing with chicken or turkey and vegetables,Survey (FNDDS)
"Cornmeal mush, fat added",Survey (FNDDS)
"Cornmeal mush, no added fat",Survey (FNDDS)
"Cornmeal mush, NS as to fat",Survey (FNDDS)
"Cornmeal stick, Puerto Rican style",Survey (FNDDS)
"Cornmeal, blue (Navajo)",SR Legacy
"Cornmeal, degermed, enriched, white",SR Legacy
"Cornmeal, degermed, enriched, yellow",SR Legacy
"Cornmeal, degermed, unenriched, white",SR Legacy
"Cornmeal, degermed, unenriched, yellow",SR Legacy
"Cornmeal, white (Navajo)",SR Legacy
"Cornmeal, white, self-rising, bolted, plain, enriched",SR Legacy
"Cornmeal, white, self-rising, bolted, with wheat flour added, enriched",SR Legacy
"Cornmeal, white, self-rising, degermed, enriched",SR Legacy
"Cornmeal, whole-grain, white",SR Legacy
"Cornmeal, whole-grain, yellow",SR Legacy
"Cornmeal, yellow (Navajo)",SR Legacy
"Cornmeal, yellow, self-rising, bolted, plain, enriched",SR Legacy
"Cornmeal, yellow, self-rising, bolted, with wheat flour added, enriched",SR Legacy
"Cornmeal, yellow, self-rising, degermed, enriched",SR Legacy
"Cornsalad, raw",SR Legacy
Cornstarch,SR Legacy
"Cottage cheese, farmer's",Survey (FNDDS)
"Cottage cheese, full fat, large or small curd",Foundation
Cottonseed oil,Survey (FNDDS)
Cough drops,Survey (FNDDS)
"Couscous, cooked",SR Legacy
"Couscous, dry",SR Legacy
"Couscous, plain, cooked",Survey (FNDDS)
"Cowpeas (blackeyes), immature seeds, cooked, boiled, drained, with salt",SR Legacy
"Cowpeas (blackeyes), immature seeds, cooked, boiled, drained, without salt",SR Legacy
"Cowpeas (blackeyes), immature seeds, frozen, cooked, boiled, drained, with salt",SR Legacy
"Cowpeas (blackeyes), immature seeds, frozen, cooked, boiled, drained, without salt",SR Legacy
"Cowpeas (blackeyes), immature seeds, frozen, unprepared",SR Legacy
"Cowpeas (blackeyes), immature seeds, raw",SR Legacy
"Cowpeas, catjang, mature seeds, cooked, boiled, with salt",SR Legacy
"Cowpeas, catjang, mature seeds, cooked, boiled, without salt",SR Legacy
"Cowpeas, catjang, mature seeds, raw",SR Legacy
"Cowpeas, common (blackeyes, crowder, southern), mature seeds, canned with pork",SR Legacy
"Cowpeas, common (blackeyes, crowder, southern), mature seeds, canned, plain",SR Legacy
"Cowpeas, common (blackeyes, crowder, southern), mature seeds, cooked, boiled, with salt",SR Legacy
"Cowpeas, common (blackeyes, crowder, southern), mature seeds, cooked, boiled, without salt",SR Legacy
"Cowpeas, common (blackeyes, crowder, southern), mature seeds, raw",SR Legacy
"Cowpeas, leafy tips, cooked, boiled, drained, with salt",SR Legacy
"Cowpeas, leafy tips, cooked, boiled, drained, without salt",SR Legacy
"Cowpeas, leafy tips, raw",SR Legacy
"Cowpeas, young pods with seeds, cooked, boiled, drained, with salt",SR Legacy
"Cowpeas, young pods with seeds, cooked, boiled, drained, without salt",SR Legacy
"Cowpeas, young pods with seeds, raw",SR Legacy
Crab,Survey (FNDDS)
Crab cake sandwich,Survey (FNDDS)
Crab salad,Survey (FNDDS)
Crab salad made with imitation crab,Survey (FNDDS)
"Crab, cake",Survey (FNDDS)
"Crab, canned",Survey (FNDDS)
"Crab, soft shell",Survey (FNDDS)
"Crabapples, raw",SR Legacy
"Crabs in tomato-based sauce, Puerto Rican style",Survey (FNDDS)
"CRACKER BARREL, chicken tenderloin platter, fried",SR Legacy
"CRACKER BARREL, chicken tenderloin platter, fried, from kid's menu",SR Legacy
"CRACKER BARREL, coleslaw",SR Legacy
"CRACKER BARREL, country fried shrimp platter",SR Legacy
"CRACKER BARREL, farm raised catfish platter",SR Legacy
"CRACKER BARREL, grilled sirloin steak",SR Legacy
"CRACKER BARREL, macaroni n' cheese",SR Legacy
"CRACKER BARREL, macaroni n' cheese plate, from kid's menu",SR Legacy
"CRACKER BARREL, onion rings, thick-cut",SR Legacy
"CRACKER BARREL, steak fries",SR Legacy
Cracker chips,Survey (FNDDS)
"Cracker, meal",SR Legacy
"Crackers, breakfast biscuit",Survey (FNDDS)
"Crackers, butter (Ritz)",Survey (FNDDS)
"Crackers, butter, flavored",Survey (FNDDS)
"Crackers, butter, plain",Survey (FNDDS)
"Crackers, butter, reduced fat",Survey (FNDDS)
"Crackers, butter, reduced sodium",Survey (FNDDS)
"Crackers, cheese",Survey (FNDDS)
"Crackers, cheese (Cheez-It)",Survey (FNDDS)
"Crackers, cheese (Goldfish)",Survey (FNDDS)
"Crackers, cheese, low sodium",SR Legacy
"Crackers, cheese, reduced fat",Survey (FNDDS)
"Crackers, cheese, reduced fat",SR Legacy
"Crackers, cheese, reduced sodium",Survey (FNDDS)
"Crackers, cheese, regular",SR Legacy
"Crackers, cheese, sandwich-type with cheese filling",SR Legacy
"Crackers, cheese, sandwich-type with peanut butter filling",SR Legacy
"Crackers, cheese, whole grain",Survey (FNDDS)
"Crackers, cheese, whole grain",SR Legacy
"Crackers, cream, Gamesa Sabrosas",SR Legacy
"Crackers, cream, La Moderna Rikis Cream Crackers",SR Legacy
"Crackers, crispbread",Survey (FNDDS)
"Crackers, crispbread, rye",SR Legacy
"Crackers, Cuban",Survey (FNDDS)
"Crackers, flatbread",Survey (FNDDS)
"Crackers, flavored, fish-shaped",SR Legacy
"Crackers, gluten free, flavored",Survey (FNDDS)
"Crackers, gluten free, plain",Survey (FNDDS)
"Crackers, gluten-free, multi-seeded and multigrain",SR Legacy
"Crackers, gluten-free, multigrain and vegetable, made with corn starch and white rice flour",SR Legacy
"Crackers, matzo",Survey (FNDDS)
"Crackers, matzo, egg",SR Legacy
"Crackers, matzo, egg and onion",SR Legacy
"Crackers, matzo, plain",SR Legacy
"Crackers, matzo, reduced sodium",Survey (FNDDS)
"Crackers, matzo, whole-wheat",SR Legacy
"Crackers, melba toast, plain",SR Legacy
"Crackers, melba toast, plain, without salt",SR Legacy
"Crackers, melba toast, rye (includes pumpernickel)",SR Legacy
"Crackers, melba toast, wheat",SR Legacy
"Crackers, milk",SR Legacy
"Crackers, milk",Survey (FNDDS)
"Crackers, multigrain",SR Legacy
"Crackers, multigrain",Survey (FNDDS)
"Crackers, NFS",Survey (FNDDS)
"Crackers, oatmeal",Survey (FNDDS)
"Crackers, oyster",Survey (FNDDS)
"Crackers, rice",Survey (FNDDS)
"Crackers, rice and nuts",Survey (FNDDS)
"Crackers, rusk toast",SR Legacy
"Crackers, rye, sandwich-type with cheese filling",SR Legacy
"Crackers, rye, wafers, plain",SR Legacy
"Crackers, rye, wafers, seasoned",SR Legacy
"Crackers, saltine",Survey (FNDDS)
"Crackers, saltine, multigrain",Survey (FNDDS)
"Crackers, saltine, reduced fat",Survey (FNDDS)
"Crackers, saltine, reduced sodium",Survey (FNDDS)
"Crackers, saltines (includes oyster, soda, soup)",SR Legacy
"Crackers, saltines, fat-free, low-sodium",SR Legacy
"Crackers, saltines, low salt (includes oyster, soda, soup)",SR Legacy
"Crackers, saltines, unsalted tops (includes oyster, soda, soup)",SR Legacy
"Crackers, saltines, whole wheat (includes multi-grain)",SR Legacy
"Crackers, sandwich",Survey (FNDDS)
"Crackers, sandwich, cheese filled",Survey (FNDDS)
"Crackers, sandwich, cheese filled (Ritz)",Survey (FNDDS)
"Crackers, sandwich, peanut butter filled",Survey (FNDDS)
"Crackers, sandwich, peanut butter filled (Ritz)",Survey (FNDDS)
"Crackers, sandwich, reduced fat, peanut butter filled",Survey (FNDDS)
"Crackers, sandwich-type, peanut butter filled, reduced fat",SR Legacy
"Crackers, snack, Goya Crackers",SR Legacy
"Crackers, standard snack-type, regular",SR Legacy
"Crackers, standard snack-type, regular, low salt",SR Legacy
"Crackers, standard snack-type, sandwich, with cheese filling",SR Legacy
"Crackers, standard snack-type, sandwich, with peanut butter filling",SR Legacy
"Crackers, standard snack-type, with whole wheat",SR Legacy
"Crackers, toast thins, low sodium",SR Legacy
"Crackers, water",Survey (FNDDS)
"Crackers, water biscuits",SR Legacy
"Crackers, wheat",Survey (FNDDS)
"Crackers, wheat, flavored (Wheat Thins)",Survey (FNDDS)
"Crackers, wheat, low salt",SR Legacy
"Crackers, wheat, plain (Wheat Thins)",Survey (FNDDS)
"Crackers, wheat, reduced fat",SR Legacy
"Crackers, wheat, reduced fat",Survey (FNDDS)
"Crackers, wheat, reduced sodium",Survey (FNDDS)
"Crackers, wheat, regular",SR Legacy
"Crackers, wheat, sandwich, with cheese filling",SR Legacy
"Crackers, wheat, sandwich, with peanut butter filling",SR Legacy
"Crackers, whole grain, sandwich, peanut butter filled",Survey (FNDDS)
"Crackers, whole grain, sandwich-type, with peanut butter filling",SR Legacy
"Crackers, whole-wheat",SR Legacy
"Crackers, whole-wheat, low salt",SR Legacy
"Crackers, whole-wheat, reduced fat",SR Legacy
"Crackers, wonton",Survey (FNDDS)
"Crackers, woven wheat",Survey (FNDDS)
"Crackers, woven wheat, flavored (Triscuit)",Survey (FNDDS)
"Crackers, woven wheat, plain (Triscuit)",Survey (FNDDS)
"Crackers, woven wheat, reduced fat",Survey (FNDDS)
"Crackers, woven wheat, reduced sodium",Survey (FNDDS)
"Cranberries, dried",Survey (FNDDS)
"Cranberries, dried, sweetened (Includes foods for USDA's Food Distribution Program)",SR Legacy
"Cranberries, raw",Survey (FNDDS)
"Cranberries, raw",SR Legacy
"Cranberries, wild, bush, raw (Alaska Native)",SR Legacy
"Cranberry juice blend, 100% juice",Survey (FNDDS)
"Cranberry juice blend, 100% juice, bottled, with added vitamin C and calcium",SR Legacy
"Cranberry juice blend, 100% juice, with calcium added",Survey (FNDDS)
"Cranberry juice cocktail, bottled",SR Legacy
"Cranberry juice cocktail, bottled, low calorie, with calcium, saccharin and corn sweetener",SR Legacy
"Cranberry juice cocktail, frozen concentrate",SR Legacy
"Cranberry juice cocktail, frozen concentrate, prepared with water",SR Legacy
"Cranberry juice drink, with high vitamin C",Survey (FNDDS)
"Cranberry juice drink, with high vitamin C, light",Survey (FNDDS)
"Cranberry juice, 100%, not a blend",Survey (FNDDS)
"Cranberry juice, not fortified, from concentrate, shelf stable",Foundation
"Cranberry juice, unsweetened",SR Legacy
Cranberry sauce,Survey (FNDDS)
"Cranberry sauce, canned, sweetened",SR Legacy
"Cranberry sauce, jellied, canned, OCEAN SPRAY",SR Legacy
"Cranberry sauce, whole, canned, OCEAN SPRAY",SR Legacy
"Cranberry, low bush or lingenberry, raw (Alaska Native)",SR Legacy
"Cranberry-orange relish, canned",SR Legacy
"Crayfish, cooked",Survey (FNDDS)
"Crayfish, fried",Survey (FNDDS)
"Cream cheese, fat free",Survey (FNDDS)
"Cream cheese, full fat, block",Foundation
"Cream cheese, light",Survey (FNDDS)
"Cream cheese, regular, flavored",Survey (FNDDS)
"Cream cheese, regular, plain",Survey (FNDDS)
Cream of rice,Survey (FNDDS)
"Cream of wheat, instant, made with water, fat added",Survey (FNDDS)
"Cream of wheat, instant, made with water, no added fat",Survey (FNDDS)
"Cream of wheat, NFS",Survey (FNDDS)
"Cream of wheat, regular or quick, made with water, fat added",Survey (FNDDS)
"Cream of wheat, regular or quick, made with water, no added fat",Survey (FNDDS)
"Cream puff shell, prepared from recipe",SR Legacy
"Cream puff, eclair, custard or cream filled, iced",Survey (FNDDS)
"Cream puff, eclair, custard or cream filled, iced",SR Legacy
"Cream puff, eclair, custard or cream filled, iced, reduced fat",Survey (FNDDS)
"Cream puff, eclair, custard or cream filled, not iced",Survey (FNDDS)
"Cream puff, eclair, custard or cream filled, NS as to icing",Survey (FNDDS)
"Cream puff, no filling or icing",Survey (FNDDS)
"Cream sauce, for use with vegetables",Survey (FNDDS)
"Cream substitute, flavored, liquid",SR Legacy
"Cream substitute, flavored, powdered",SR Legacy
"Cream substitute, liquid, light",SR Legacy
"Cream substitute, liquid, with hydrogenated vegetable oil and soy protein",SR Legacy
"Cream substitute, liquid, with lauric acid oil and sodium caseinate",SR Legacy
"Cream substitute, powdered",SR Legacy
"Cream substitute, powdered, light",SR Legacy
"Cream, fluid, half and half",SR Legacy
"Cream, fluid, heavy whipping",SR Legacy
"Cream, fluid, light (coffee cream or table cream)",SR Legacy
"Cream, fluid, light whipping",SR Legacy
"Cream, half and half",Survey (FNDDS)
"Cream, half and half, fat free",Survey (FNDDS)
"Cream, half and half, fat free",SR Legacy
"Cream, half and half, flavored",Survey (FNDDS)
"Cream, half and half, lowfat",SR Legacy
"Cream, heavy",Survey (FNDDS)
"Cream, heavy",Foundation
"Cream, light",Survey (FNDDS)
"Cream, NS as to light, heavy, or half and half",Survey (FNDDS)
"Cream, sour, cultured",SR Legacy
"Cream, sour, full fat",Foundation
"Cream, sour, reduced fat, cultured",SR Legacy
"Cream, whipped",Survey (FNDDS)
"Cream, whipped, cream topping, pressurized",SR Legacy
Creamed chipped or dried beef,Survey (FNDDS)
Creamsicle,Survey (FNDDS)
"Creamy dressing, made with sour cream and/or buttermilk and oil, reduced calorie",SR Legacy
"Creamy dressing, made with sour cream and/or buttermilk and oil, reduced calorie, cholesterol-free",SR Legacy
"Creamy dressing, made with sour cream and/or buttermilk and oil, reduced calorie, fat-free",SR Legacy
Creamy Italian dressing,Survey (FNDDS)
"Creamy Italian dressing, fat free",Survey (FNDDS)
"Creamy Italian dressing, light",Survey (FNDDS)
Creme brulee,Survey (FNDDS)
"Crepe, chocolate filled",Survey (FNDDS)
"Crepe, fruit filled",Survey (FNDDS)
"Crepe, NFS",Survey (FNDDS)
"Crepe, plain",Survey (FNDDS)
"Crepe, with meat",Survey (FNDDS)
"Cress, cooked",Survey (FNDDS)
"Cress, garden, cooked, boiled, drained, with salt",SR Legacy
"Cress, garden, cooked, boiled, drained, without salt",SR Legacy
"Cress, garden, raw",SR Legacy
"Cress, raw",Survey (FNDDS)
"Crisp, apple",Survey (FNDDS)
"Crisp, berry",Survey (FNDDS)
"Crisp, cherry",Survey (FNDDS)
"Crisp, peach",Survey (FNDDS)
Croissant,Survey (FNDDS)
"Croissant, cheese",Survey (FNDDS)
"Croissant, chocolate",Survey (FNDDS)
"Croissant, fruit",Survey (FNDDS)
"Croissants, apple",SR Legacy
"Croissants, butter",SR Legacy
"Croissants, cheese",SR Legacy
Croutons,Survey (FNDDS)
"Croutons, plain",SR Legacy
"Croutons, seasoned",SR Legacy
"Crunchmaster, Multi-Grain Crisps, Snack Crackers, Gluten-Free",SR Legacy
"Crustaceans, crab, alaska king, cooked, moist heat",SR Legacy
"Crustaceans, crab, alaska king, imitation, made from surimi",SR Legacy
"Crustaceans, crab, alaska king, raw",SR Legacy
"Crustaceans, crab, blue swimming, lump, pasteurized, refrigerated",Foundation
"Crustaceans, crab, blue, canned",SR Legacy
"Crustaceans, crab, blue, cooked, moist heat",SR Legacy
"Crustaceans, crab, blue, crab cakes, home recipe",SR Legacy
"Crustaceans, crab, blue, raw",SR Legacy
"Crustaceans, crab, dungeness, cooked, moist heat",SR Legacy
"Crustaceans, crab, dungeness, raw",SR Legacy
"Crustaceans, crab, queen, cooked, moist heat",SR Legacy
"Crustaceans, crab, queen, raw",SR Legacy
"Crustaceans, crayfish, mixed species, farmed, cooked, moist heat",SR Legacy
"Crustaceans, crayfish, mixed species, farmed, raw",SR Legacy
"Crustaceans, crayfish, mixed species, wild, cooked, moist heat",SR Legacy
"Crustaceans, crayfish, mixed species, wild, raw",SR Legacy
"Crustaceans, lobster, northern, cooked, moist heat",SR Legacy
"Crustaceans, lobster, northern, raw",SR Legacy
"Crustaceans, shrimp, cooked",SR Legacy
"Crustaceans, shrimp, farm raised, raw",Foundation
"Crustaceans, shrimp, mixed species, canned",SR Legacy
"Crustaceans, shrimp, mixed species, cooked, breaded and fried",SR Legacy
"Crustaceans, shrimp, mixed species, cooked, moist heat (may contain additives to retain moisture)",SR Legacy
"Crustaceans, shrimp, mixed species, imitation, made from surimi",SR Legacy
"Crustaceans, shrimp, mixed species, raw (may contain additives to retain moisture)",SR Legacy
"Crustaceans, shrimp, raw",SR Legacy
"Crustaceans, spiny lobster, mixed species, cooked, moist heat",SR Legacy
"Crustaceans, spiny lobster, mixed species, raw",SR Legacy
Cuban sandwich,Survey (FNDDS)
Cucumber and vegetable namasu,Survey (FNDDS)
Cucumber salad made with cucumber and vinegar,Survey (FNDDS)
"Cucumber salad, made with Italian dressing",Survey (FNDDS)
"Cucumber salad, made with sour cream dressing",Survey (FNDDS)
"Cucumber, cooked",Survey (FNDDS)
"Cucumber, for use on a sandwich",Survey (FNDDS)
"Cucumber, peeled, raw",SR Legacy
"Cucumber, raw",Survey (FNDDS)
"Cucumber, with peel, raw",SR Legacy
"Cucumber, with peel, raw",Foundation
"Currants, dried",Survey (FNDDS)
"Currants, european black, raw",SR Legacy
"Currants, red and white, raw",SR Legacy
"Currants, zante, dried",SR Legacy
Curry sauce,Survey (FNDDS)
Custard,Survey (FNDDS)
"Custard-apple, (bullock's-heart), raw",SR Legacy
Daiquiri,Survey (FNDDS)
Dal,Survey (FNDDS)
"Dandelion greens, cooked",Survey (FNDDS)
"Dandelion greens, cooked, boiled, drained, with salt",SR Legacy
"Dandelion greens, cooked, boiled, drained, without salt",SR Legacy
"Dandelion greens, raw",Survey (FNDDS)
"Dandelion greens, raw",SR Legacy
"Danish pastry, cheese",SR Legacy
"Danish pastry, cinnamon, enriched",SR Legacy
"Danish pastry, cinnamon, unenriched",SR Legacy
"Danish pastry, fruit, enriched (includes apple, cinnamon, raisin, lemon, raspberry, strawberry)",SR Legacy
"Danish pastry, fruit, unenriched (includes apple, cinnamon, raisin, strawberry)",SR Legacy
"Danish pastry, lemon, unenriched",SR Legacy
"Danish pastry, plain or spice",Survey (FNDDS)
"Danish pastry, raspberry, unenriched",SR Legacy
"Danish pastry, with cheese",Survey (FNDDS)
"Danish pastry, with fruit",Survey (FNDDS)
Dark chocolate candy,Survey (FNDDS)
Dark chocolate candy with nuts,Survey (FNDDS)
"Dark chocolate candy with nuts, other, NFS",Survey (FNDDS)
"Dark chocolate candy, other, NFS",Survey (FNDDS)
Dark green vegetables as ingredient in omelet,Survey (FNDDS)
Date,Survey (FNDDS)
"Dates, deglet noor",SR Legacy
"Dates, medjool",SR Legacy
"Deer (venison), sitka, raw (Alaska Native)",SR Legacy
"DENNY'S, chicken nuggets, star shaped, from kid's menu",SR Legacy
"DENNY'S, chicken strips",SR Legacy
"DENNY'S, coleslaw",SR Legacy
"DENNY'S, fish fillet, battered or breaded, fried",SR Legacy
"DENNY'S, french fries",SR Legacy
"DENNY'S, golden fried shrimp",SR Legacy
"DENNY'S, hash browns",SR Legacy
"DENNY'S, macaroni & cheese, from kid's menu",SR Legacy
"DENNY'S, mozzarella cheese sticks",SR Legacy
"DENNY'S, onion rings",SR Legacy
"DENNY'S, spaghetti and meatballs",SR Legacy
"DENNY'S, top sirloin steak",SR Legacy
Dessert dip,Survey (FNDDS)
Dessert pizza,Survey (FNDDS)
Dessert sauce,Survey (FNDDS)
"Dessert topping, powdered",SR Legacy
"Dessert topping, powdered, 1.5 ounce prepared with 1/2 cup milk",SR Legacy
"Dessert topping, pressurized",SR Legacy
"Dessert topping, semi solid, frozen",SR Legacy
"Desserts, apple crisp, prepared-from-recipe",SR Legacy
"Desserts, egg custard, baked, prepared-from-recipe",SR Legacy
"Desserts, flan, caramel custard, prepared-from-recipe",SR Legacy
"Desserts, mousse, chocolate, prepared-from-recipe",SR Legacy
"Desserts, rennin, chocolate, dry mix",SR Legacy
"Desserts, rennin, tablets, unsweetened",SR Legacy
"Desserts, rennin, vanilla, dry mix",SR Legacy
"DIGIORNO Pizza, cheese topping, cheese stuffed crust, frozen, baked",SR Legacy
"DIGIORNO Pizza, cheese topping, rising crust, frozen, baked",SR Legacy
"DIGIORNO Pizza, cheese topping, thin crispy crust, frozen, baked",SR Legacy
"DIGIORNO Pizza, pepperoni topping, cheese stuffed crust, frozen, baked",SR Legacy
"DIGIORNO Pizza, pepperoni topping, rising crust, frozen, baked",SR Legacy
"DIGIORNO Pizza, pepperoni topping, thin crispy crust, frozen, baked",SR Legacy
"DIGIORNO Pizza, supreme topping, rising crust, frozen, baked",SR Legacy
"DIGIORNO Pizza, supreme topping, thin crispy crust, frozen, baked",SR Legacy
"Dill weed, fresh",SR Legacy
"Dip, bean, original flavor",SR Legacy
"Dip, FRITO'S, bean, original flavor",SR Legacy
"Dip, NFS",Survey (FNDDS)
"Dip, salsa con queso, cheese and salsa- medium",SR Legacy
"Dip, TOSTITOS, salsa con queso, medium",SR Legacy
Dirty rice,Survey (FNDDS)
"Dock, cooked, boiled, drained, with salt",SR Legacy
"Dock, cooked, boiled, drained, without salt",SR Legacy
"Dock, raw",SR Legacy
"DOMINO'S 14"" Cheese Pizza, Classic Hand-Tossed Crust",SR Legacy
"DOMINO'S 14"" Cheese Pizza, Crunchy Thin Crust",SR Legacy
"DOMINO'S 14"" Cheese Pizza, Ultimate Deep Dish Crust",SR Legacy
"DOMINO'S 14"" EXTRAVAGANZZA FEAST Pizza, Classic Hand-Tossed Crust",SR Legacy
"DOMINO'S 14"" Pepperoni Pizza, Classic Hand-Tossed Crust",SR Legacy
"DOMINO'S 14"" Pepperoni Pizza, Crunchy Thin Crust",SR Legacy
"DOMINO'S 14"" Pepperoni Pizza, Ultimate Deep Dish Crust",SR Legacy
"DOMINO'S 14"" Sausage Pizza, Classic Hand-Tossed Crust",SR Legacy
"DOMINO'S 14"" Sausage Pizza, Crunchy Thin Crust",SR Legacy
"DOMINO'S 14"" Sausage Pizza, Ultimate Deep Dish Crust",SR Legacy
"Dosa, plain",Survey (FNDDS)
"Dosa, with filling",Survey (FNDDS)
Double cheeseburger (Burger King),Survey (FNDDS)
Double cheeseburger (McDonalds),Survey (FNDDS)
"Double cheeseburger, from fast food, 2 large patties",Survey (FNDDS)
"Double cheeseburger, from fast food, 2 medium patties",Survey (FNDDS)
"Double cheeseburger, from fast food, 2 small patties",Survey (FNDDS)
"Double cheeseburger, on wheat bun, 2 large patties",Survey (FNDDS)
"Double cheeseburger, on wheat bun, 2 medium patties",Survey (FNDDS)
"Double cheeseburger, on wheat bun, 2 small patties",Survey (FNDDS)
"Double cheeseburger, on white bun, 2 large patties",Survey (FNDDS)
"Double cheeseburger, on white bun, 2 medium patties",Survey (FNDDS)
"Double cheeseburger, on white bun, 2 small patties",Survey (FNDDS)
"Double hamburger, from fast food, 2 large patties",Survey (FNDDS)
"Double hamburger, from fast food, 2 medium patties",Survey (FNDDS)
"Double hamburger, from fast food, 2 small patties",Survey (FNDDS)
"Double hamburger, on wheat bun, 2 large patties",Survey (FNDDS)
"Double hamburger, on wheat bun, 2 medium patties",Survey (FNDDS)
"Double hamburger, on wheat bun, 2 small patties",Survey (FNDDS)
"Double hamburger, on white bun, 2 large patties",Survey (FNDDS)
"Double hamburger, on white bun, 2 medium patties",Survey (FNDDS)
"Double hamburger, on white bun, 2 small patties",Survey (FNDDS)
Doughnut holes,Survey (FNDDS)
"Doughnut, cake type, chocolate icing",Survey (FNDDS)
"Doughnut, cake type, plain",Survey (FNDDS)
"Doughnut, cake type, powdered sugar",Survey (FNDDS)
"Doughnut, cake type, with icing",Survey (FNDDS)
"Doughnut, chocolate",Survey (FNDDS)
"Doughnut, chocolate, with chocolate icing",Survey (FNDDS)
"Doughnut, custard-filled",Survey (FNDDS)
"Doughnut, custard-filled, with icing",Survey (FNDDS)
"Doughnut, jelly",Survey (FNDDS)
"Doughnut, NFS",Survey (FNDDS)
"Doughnut, yeast type",Survey (FNDDS)
"Doughnut, yeast type, with chocolate icing",Survey (FNDDS)
"Doughnuts, cake-type, chocolate, sugared or glazed",SR Legacy
"Doughnuts, cake-type, plain (includes unsugared, old-fashioned)",SR Legacy
"Doughnuts, cake-type, plain, chocolate-coated or frosted",SR Legacy
"Doughnuts, cake-type, plain, sugared or glazed",SR Legacy
"Doughnuts, french crullers, glazed",SR Legacy
"Doughnuts, yeast-leavened, glazed, enriched (includes honey buns)",SR Legacy
"Doughnuts, yeast-leavened, glazed, unenriched (includes honey buns)",SR Legacy
"Doughnuts, yeast-leavened, with creme filling",SR Legacy
"Doughnuts, yeast-leavened, with jelly filling",SR Legacy
"Dove, cooked (includes squab)",SR Legacy
"Dove, cooked, NS as to cooking method",Survey (FNDDS)
"Dove, fried",Survey (FNDDS)
Dragon fruit,Survey (FNDDS)
Dressing with chicken or turkey and vegetables,Survey (FNDDS)
Dressing with meat and vegetables,Survey (FNDDS)
Dressing with oysters,Survey (FNDDS)
"Dressing, honey mustard, fat-free",SR Legacy
"Dried, fruit, NFS",Survey (FNDDS)
"Drumstick leaves, cooked, boiled, drained, with salt",SR Legacy
"Drumstick leaves, cooked, boiled, drained, without salt",SR Legacy
"Drumstick leaves, raw",SR Legacy
"Drumstick pods, cooked, boiled, drained, with salt",SR Legacy
"Drumstick pods, cooked, boiled, drained, without salt",SR Legacy
"Drumstick pods, raw",SR Legacy
"Duck egg, cooked",Survey (FNDDS)
Duck sauce,Survey (FNDDS)
"Duck, cooked, skin eaten",Survey (FNDDS)
"Duck, cooked, skin not eaten",Survey (FNDDS)
"Duck, domesticated, liver, raw",SR Legacy
"Duck, domesticated, meat and skin, cooked, roasted",SR Legacy
"Duck, domesticated, meat and skin, raw",SR Legacy
"Duck, domesticated, meat only, cooked, roasted",SR Legacy
"Duck, domesticated, meat only, raw",SR Legacy
"Duck, Peking",Survey (FNDDS)
"Duck, roasted, skin eaten",Survey (FNDDS)
"Duck, roasted, skin not eaten",Survey (FNDDS)
"Duck, scoter, white-winged, meat (Alaska Native)",SR Legacy
"Duck, wild, breast, meat only, raw",SR Legacy
"Duck, wild, meat and skin, raw",SR Legacy
"Duck, young duckling, domesticated, White Pekin, breast, meat and skin, boneless, cooked, roasted",SR Legacy
"Duck, young duckling, domesticated, White Pekin, breast, meat only, boneless, cooked without skin, broiled",SR Legacy
"Duck, young duckling, domesticated, White Pekin, leg, meat and skin, bone in, cooked, roasted",SR Legacy
"Duck, young duckling, domesticated, White Pekin, leg, meat only, bone in, cooked without skin, braised",SR Legacy
"Dukboki or Tteokbokki, Korean",Survey (FNDDS)
Dulce de leche,Survey (FNDDS)
Dulce de Leche,SR Legacy
"Dumpling, no meat",Survey (FNDDS)
"Dumpling, potato- or cheese-filled, frozen",SR Legacy
"Durian, raw or frozen",SR Legacy
"Dutch brand loaf, chicken, pork and beef",SR Legacy
"Edamame, cooked",Survey (FNDDS)
"Edamame, frozen, prepared",SR Legacy
"Edamame, frozen, unprepared",SR Legacy
Egg burrito,Survey (FNDDS)
"Egg burrito, with bacon",Survey (FNDDS)
"Egg burrito, with ham",Survey (FNDDS)
"Egg burrito, with sausage",Survey (FNDDS)
"Egg casserole with bread, cheese, milk and meat",Survey (FNDDS)
"Egg custards, dry mix",SR Legacy
"Egg custards, dry mix, prepared with 2% milk",SR Legacy
"Egg custards, dry mix, prepared with whole milk",SR Legacy
"Egg foo yung, NFS",Survey (FNDDS)
"Egg omelet or scrambled egg, from fast food / restaurant",Survey (FNDDS)
"Egg omelet or scrambled egg, made with animal fat or meat drippings",Survey (FNDDS)
"Egg omelet or scrambled egg, made with butter",Survey (FNDDS)
"Egg omelet or scrambled egg, made with cooking spray",Survey (FNDDS)
"Egg omelet or scrambled egg, made with margarine",Survey (FNDDS)
"Egg omelet or scrambled egg, made with oil",Survey (FNDDS)
"Egg omelet or scrambled egg, no added fat",Survey (FNDDS)
"Egg omelet or scrambled egg, NS as to fat",Survey (FNDDS)
"Egg omelet or scrambled egg, NS as to fat type",Survey (FNDDS)
"Egg omelet or scrambled egg, with cheese and dark-green vegetables, fat added",Survey (FNDDS)
"Egg omelet or scrambled egg, with cheese and dark-green vegetables, no added fat",Survey (FNDDS)
"Egg omelet or scrambled egg, with cheese and dark-green vegetables, NS as to fat",Survey (FNDDS)
"Egg omelet or scrambled egg, with cheese and meat, made with animal fat or meat drippings",Survey (FNDDS)
"Egg omelet or scrambled egg, with cheese and meat, made with butter",Survey (FNDDS)
"Egg omelet or scrambled egg, with cheese and meat, made with cooking spray",Survey (FNDDS)
"Egg omelet or scrambled egg, with cheese and meat, made with margarine",Survey (FNDDS)
"Egg omelet or scrambled egg, with cheese and meat, made with oil",Survey (FNDDS)
"Egg omelet or scrambled egg, with cheese and meat, no added fat",Survey (FNDDS)
"Egg omelet or scrambled egg, with cheese and meat, NS as to fat",Survey (FNDDS)
"Egg omelet or scrambled egg, with cheese and meat, NS as to fat type",Survey (FNDDS)
"Egg omelet or scrambled egg, with cheese and tomatoes, fat added",Survey (FNDDS)
"Egg omelet or scrambled egg, with cheese and tomatoes, no added fat",Survey (FNDDS)
"Egg omelet or scrambled egg, with cheese and tomatoes, NS as to fat",Survey (FNDDS)
"Egg omelet or scrambled egg, with cheese and vegetables other than dark green and/or tomatoes, fat added",Survey (FNDDS)
"Egg omelet or scrambled egg, with cheese and vegetables other than dark green and/or tomatoes, no added fat",Survey (FNDDS)
"Egg omelet or scrambled egg, with cheese and vegetables other than dark green and/or tomatoes, NS as to fat",Survey (FNDDS)
"Egg omelet or scrambled egg, with cheese, made with animal fat or meat drippings",Survey (FNDDS)
"Egg omelet or scrambled egg, with cheese, made with butter",Survey (FNDDS)
"Egg omelet or scrambled egg, with cheese, made with cooking spray",Survey (FNDDS)
"Egg omelet or scrambled egg, with cheese, made with margarine",Survey (FNDDS)
"Egg omelet or scrambled egg, with cheese, made with oil",Survey (FNDDS)
"Egg omelet or scrambled egg, with cheese, meat, and dark-green vegetables, fat added",Survey (FNDDS)
"Egg omelet or scrambled egg, with cheese, meat, and dark-green vegetables, no added fat",Survey (FNDDS)
"Egg omelet or scrambled egg, with cheese, meat, and dark-green vegetables, NS as to fat",Survey (FNDDS)
"Egg omelet or scrambled egg, with cheese, meat, and tomatoes, fat added",Survey (FNDDS)
"Egg omelet or scrambled egg, with cheese, meat, and tomatoes, no added fat",Survey (FNDDS)
"Egg omelet or scrambled egg, with cheese, meat, and tomatoes, NS as to fat",Survey (FNDDS)
"Egg omelet or scrambled egg, with cheese, meat, and vegetables other than dark-green and/or tomatoes, fat added",Survey (FNDDS)
"Egg omelet or scrambled egg, with cheese, meat, and vegetables other than dark-green and/or tomatoes, no added fat",Survey (FNDDS)
"Egg omelet or scrambled egg, with cheese, meat, and vegetables other than dark-green and/or tomatoes, NS as to fat",Survey (FNDDS)
"Egg omelet or scrambled egg, with cheese, meat, tomatoes, and dark-green vegetables, fat added",Survey (FNDDS)
"Egg omelet or scrambled egg, with cheese, meat, tomatoes, and dark-green vegetables, no added fat",Survey (FNDDS)
"Egg omelet or scrambled egg, with cheese, meat, tomatoes, and dark-green vegetables, NS as to fat",Survey (FNDDS)
"Egg omelet or scrambled egg, with cheese, no added fat",Survey (FNDDS)
"Egg omelet or scrambled egg, with cheese, tomatoes, and dark-green vegetables, fat added",Survey (FNDDS)
"Egg omelet or scrambled egg, with cheese, tomatoes, and dark-green vegetables, no added fat",Survey (FNDDS)
"Egg omelet or scrambled egg, with cheese, tomatoes, and dark-green vegetables, NS as to fat",Survey (FNDDS)
"Egg omelet or scrambled egg, with dark-green vegetables, fat added",Survey (FNDDS)
"Egg omelet or scrambled egg, with dark-green vegetables, no added fat",Survey (FNDDS)
"Egg omelet or scrambled egg, with dark-green vegetables, NS as to fat",Survey (FNDDS)
"Egg omelet or scrambled egg, with meat and dark-green vegetables, fat added",Survey (FNDDS)
"Egg omelet or scrambled egg, with meat and dark-green vegetables, no added fat",Survey (FNDDS)
"Egg omelet or scrambled egg, with meat and dark-green vegetables, NS as to fat",Survey (FNDDS)
"Egg omelet or scrambled egg, with meat and tomatoes, fat added",Survey (FNDDS)
"Egg omelet or scrambled egg, with meat and tomatoes, no added fat",Survey (FNDDS)
"Egg omelet or scrambled egg, with meat and tomatoes, NS as to fat",Survey (FNDDS)
"Egg omelet or scrambled egg, with meat and vegetables other than dark-green and/or tomatoes, fat added",Survey (FNDDS)
"Egg omelet or scrambled egg, with meat and vegetables other than dark-green and/or tomatoes, no added fat",Survey (FNDDS)
"Egg omelet or scrambled egg, with meat and vegetables other than dark-green and/or tomatoes, NS as to fat",Survey (FNDDS)
"Egg omelet or scrambled egg, with meat, made with animal fat or meat drippings",Survey (FNDDS)
"Egg omelet or scrambled egg, with meat, made with butter",Survey (FNDDS)
"Egg omelet or scrambled egg, with meat, made with cooking spray",Survey (FNDDS)
"Egg omelet or scrambled egg, with meat, made with margarine",Survey (FNDDS)
"Egg omelet or scrambled egg, with meat, made with oil",Survey (FNDDS)
"Egg omelet or scrambled egg, with meat, no added fat",Survey (FNDDS)
"Egg omelet or scrambled egg, with meat, NS as to fat",Survey (FNDDS)
"Egg omelet or scrambled egg, with meat, NS as to fat type",Survey (FNDDS)
"Egg omelet or scrambled egg, with meat, tomatoes, and dark-green vegetables, fat added",Survey (FNDDS)
"Egg omelet or scrambled egg, with meat, tomatoes, and dark-green vegetables, no added fat",Survey (FNDDS)
"Egg omelet or scrambled egg, with meat, tomatoes, and dark-green vegetables, NS as to fat",Survey (FNDDS)
"Egg omelet or scrambled egg, with potatoes and/or onions, fat added",Survey (FNDDS)
"Egg omelet or scrambled egg, with potatoes and/or onions, no added fat",Survey (FNDDS)
"Egg omelet or scrambled egg, with potatoes and/or onions, NS as to fat",Survey (FNDDS)
"Egg omelet or scrambled egg, with tomatoes and dark-green vegetables, fat added",Survey (FNDDS)
"Egg omelet or scrambled egg, with tomatoes and dark-green vegetables, no fat added",Survey (FNDDS)
"Egg omelet or scrambled egg, with tomatoes and dark-green vegetables, NS as to fat",Survey (FNDDS)
"Egg omelet or scrambled egg, with tomatoes, fat added",Survey (FNDDS)
"Egg omelet or scrambled egg, with tomatoes, no added fat",Survey (FNDDS)
"Egg omelet or scrambled egg, with tomatoes, NS as to fat",Survey (FNDDS)
"Egg omelet or scrambled egg, with vegetables other than dark green and/or tomatoes, fat added",Survey (FNDDS)
"Egg omelet or scrambled egg, with vegetables other than dark green and/or tomatoes, no added fat",Survey (FNDDS)
"Egg omelet or scrambled egg, with vegetables other than dark green and/or tomatoes, NS as to fat",Survey (FNDDS)
"Egg roll, meatless",Survey (FNDDS)
"Egg roll, with beef and/or pork",Survey (FNDDS)
"Egg roll, with chicken or turkey",Survey (FNDDS)
"Egg roll, with shrimp",Survey (FNDDS)
"Egg rolls, chicken, refrigerated, heated",SR Legacy
"Egg rolls, pork, refrigerated, heated",SR Legacy
"Egg rolls, vegetable, frozen, prepared",SR Legacy
Egg salad sandwich on wheat,Survey (FNDDS)
Egg salad sandwich on white,Survey (FNDDS)
"Egg Salad, made with any type of fat free dressing",Survey (FNDDS)
"Egg salad, made with creamy dressing",Survey (FNDDS)
"Egg salad, made with Italian dressing",Survey (FNDDS)
"Egg salad, made with light creamy dressing",Survey (FNDDS)
"Egg salad, made with light Italian dressing",Survey (FNDDS)
"Egg salad, made with light mayonnaise",Survey (FNDDS)
"Egg salad, made with light mayonnaise-type salad dressing",Survey (FNDDS)
"Egg salad, made with mayonnaise",Survey (FNDDS)
"Egg salad, made with mayonnaise-type salad dressing",Survey (FNDDS)
Egg sandwich on bagel,Survey (FNDDS)
"Egg sandwich on bagel, with bacon",Survey (FNDDS)
"Egg sandwich on bagel, with ham",Survey (FNDDS)
"Egg sandwich on bagel, with sausage",Survey (FNDDS)
Egg sandwich on biscuit,Survey (FNDDS)
"Egg sandwich on biscuit, with bacon",Survey (FNDDS)
"Egg sandwich on biscuit, with bacon and cheese",Survey (FNDDS)
"Egg sandwich on biscuit, with sausage",Survey (FNDDS)
"Egg sandwich on biscuit, with sausage and cheese",Survey (FNDDS)
Egg sandwich on croissant,Survey (FNDDS)
"Egg sandwich on croissant, with bacon",Survey (FNDDS)
"Egg sandwich on croissant, with ham",Survey (FNDDS)
"Egg sandwich on croissant, with sausage",Survey (FNDDS)
Egg sandwich on English muffin,Survey (FNDDS)
"Egg sandwich on English muffin, with bacon",Survey (FNDDS)
"Egg sandwich on English muffin, with ham",Survey (FNDDS)
"Egg sandwich on English muffin, with sausage",Survey (FNDDS)
Egg sandwich on griddle/pancake,Survey (FNDDS)
"Egg sandwich on griddle/pancake, with meat",Survey (FNDDS)
Egg sandwich on wheat bread,Survey (FNDDS)
"Egg sandwich on wheat bread, with cheese",Survey (FNDDS)
"Egg sandwich on wheat bread, with meat",Survey (FNDDS)
"Egg sandwich on wheat bread, with meat and cheese",Survey (FNDDS)
Egg sandwich on white bread,Survey (FNDDS)
"Egg sandwich on white bread, with cheese",Survey (FNDDS)
"Egg sandwich on white bread, with meat",Survey (FNDDS)
"Egg sandwich on white bread, with meat and cheese",Survey (FNDDS)
"Egg substitute, liquid or frozen, fat free",SR Legacy
"Egg substitute, omelet, scrambled, or fried, fat added",Survey (FNDDS)
"Egg substitute, omelet, scrambled, or fried, no added fat",Survey (FNDDS)
"Egg substitute, omelet, scrambled, or fried, with cheese",Survey (FNDDS)
"Egg substitute, omelet, scrambled, or fried, with cheese and meat",Survey (FNDDS)
"Egg substitute, omelet, scrambled, or fried, with cheese and vegetables",Survey (FNDDS)
"Egg substitute, omelet, scrambled, or fried, with cheese, meat, and vegetables",Survey (FNDDS)
"Egg substitute, omelet, scrambled, or fried, with meat",Survey (FNDDS)
"Egg substitute, omelet, scrambled, or fried, with meat and vegetables",Survey (FNDDS)
"Egg substitute, omelet, scrambled, or fried, with vegetables",Survey (FNDDS)
"Egg substitute, powder",SR Legacy
"Egg white omelet, scrambled, or fried, made with butter",Survey (FNDDS)
"Egg white omelet, scrambled, or fried, made with cooking spray",Survey (FNDDS)
"Egg white omelet, scrambled, or fried, made with margarine",Survey (FNDDS)
"Egg white omelet, scrambled, or fried, made with oil",Survey (FNDDS)
"Egg white omelet, scrambled, or fried, no added fat",Survey (FNDDS)
"Egg white omelet, scrambled, or fried, NS as to fat",Survey (FNDDS)
"Egg white omelet, scrambled, or fried, NS as to fat type",Survey (FNDDS)
Egg white sandwich,Survey (FNDDS)
"Egg white sandwich, with cheese",Survey (FNDDS)
"Egg white sandwich, with meat",Survey (FNDDS)
"Egg white, omelet, scrambled, or fried, with cheese",Survey (FNDDS)
"Egg white, omelet, scrambled, or fried, with cheese and meat",Survey (FNDDS)
"Egg white, omelet, scrambled, or fried, with cheese and vegetables",Survey (FNDDS)
"Egg white, omelet, scrambled, or fried, with cheese, meat, and vegetables",Survey (FNDDS)
"Egg white, omelet, scrambled, or fried, with meat",Survey (FNDDS)
"Egg white, omelet, scrambled, or fried, with meat and vegetables",Survey (FNDDS)
"Egg white, omelet, scrambled, or fried, with vegetables",Survey (FNDDS)
"Egg, Benedict",Survey (FNDDS)
"Egg, creamed",Survey (FNDDS)
"Egg, deviled",Survey (FNDDS)
"Egg, duck, whole, fresh, raw",SR Legacy
"Egg, goose, whole, fresh, raw",SR Legacy
"Egg, quail, whole, fresh, raw",SR Legacy
"Egg, turkey, whole, fresh, raw",SR Legacy
"Egg, white only, raw",Survey (FNDDS)
"Egg, white, cooked, fat added",Survey (FNDDS)
"Egg, white, cooked, no added fat",Survey (FNDDS)
"Egg, white, cooked, NS as to fat",Survey (FNDDS)
"Egg, white, dried",Foundation
"Egg, white, dried",SR Legacy
"Egg, white, dried, flakes, stabilized, glucose reduced",SR Legacy
"Egg, white, dried, powder, stabilized, glucose reduced",SR Legacy
"Egg, white, dried, stabilized, glucose reduced",SR Legacy
"Egg, white, raw, fresh",SR Legacy
"Egg, white, raw, frozen, pasteurized",SR Legacy
"Egg, white, raw, frozen, pasteurized",Foundation
"Egg, whole, baked, fat added",Survey (FNDDS)
"Egg, whole, baked, no added fat",Survey (FNDDS)
"Egg, whole, baked, NS as to fat",Survey (FNDDS)
"Egg, whole, boiled or poached",Survey (FNDDS)
"Egg, whole, cooked, fried",SR Legacy
"Egg, whole, cooked, hard-boiled",SR Legacy
"Egg, whole, cooked, NS as to cooking method",Survey (FNDDS)
"Egg, whole, cooked, omelet",SR Legacy
"Egg, whole, cooked, poached",SR Legacy
"Egg, whole, cooked, scrambled",SR Legacy
"Egg, whole, dried",SR Legacy
"Egg, whole, dried",Foundation
"Egg, whole, dried, stabilized, glucose reduced",SR Legacy
"Egg, whole, fried no added fat",Survey (FNDDS)
"Egg, whole, fried with animal fat or meat drippings",Survey (FNDDS)
"Egg, whole, fried with butter",Survey (FNDDS)
"Egg, whole, fried with cooking spray",Survey (FNDDS)
"Egg, whole, fried with margarine",Survey (FNDDS)
"Egg, whole, fried with oil",Survey (FNDDS)
"Egg, whole, fried, from fast food / restaurant",Survey (FNDDS)
"Egg, whole, fried, NS as to fat",Survey (FNDDS)
"Egg, whole, fried, NS as to fat type",Survey (FNDDS)
"Egg, whole, pickled",Survey (FNDDS)
"Egg, whole, raw",Survey (FNDDS)
"Egg, whole, raw, fresh",SR Legacy
"Egg, whole, raw, frozen, pasteurized",Foundation
"Egg, whole, raw, frozen, pasteurized (Includes foods for USDA's Food Distribution Program)",SR Legacy
"Egg, whole, raw, frozen, salted, pasteurized",SR Legacy
"Egg, yolk only, cooked, fat added",Survey (FNDDS)
"Egg, yolk only, cooked, no added fat",Survey (FNDDS)
"Egg, yolk only, cooked, NS as to fat",Survey (FNDDS)
"Egg, yolk only, raw",Survey (FNDDS)
"Egg, yolk, dried",SR Legacy
"Egg, yolk, dried",Foundation
"Egg, yolk, raw, fresh",SR Legacy
"Egg, yolk, raw, frozen, pasteurized",Foundation
"Egg, yolk, raw, frozen, pasteurized",SR Legacy
"Egg, yolk, raw, frozen, salted, pasteurized",SR Legacy
"Egg, yolk, raw, frozen, sugared, pasteurized",SR Legacy
Eggnog,Survey (FNDDS)
Eggnog,SR Legacy
"Eggnog, alcoholic",Survey (FNDDS)
Eggplant and meat casserole,Survey (FNDDS)
Eggplant dip,Survey (FNDDS)
"Eggplant parmesan casserole, regular",Survey (FNDDS)
Eggplant with cheese and tomato sauce,Survey (FNDDS)
"Eggplant, cooked, as ingredient",Survey (FNDDS)
"Eggplant, cooked, boiled, drained, with salt",SR Legacy
"Eggplant, cooked, boiled, drained, without salt",SR Legacy
"Eggplant, cooked, fat added",Survey (FNDDS)
"Eggplant, cooked, no added fat",Survey (FNDDS)
"Eggplant, pickled",SR Legacy
"Eggplant, pickled",Survey (FNDDS)
"Eggplant, raw",Survey (FNDDS)
"Eggplant, raw",SR Legacy
"Eggplant, raw",Foundation
"Eggs, Grade A, Large, egg white",Foundation
"Eggs, Grade A, Large, egg whole",Foundation
"Eggs, Grade A, Large, egg yolk",Foundation
"Eggs, scrambled, frozen mixture",SR Legacy
"Einkorn, grain, dry, raw",Foundation
"Elderberries, raw",SR Legacy
"Elk, free range, ground, cooked patties (Shoshone Bannock)",SR Legacy
"Elk, free range, ground, raw (Shoshone Bannock)",SR Legacy
"Elk, free range, roast, eye of round, cooked (Shoshone Bannock)",SR Legacy
"Elk, free range, roast, eye of round, raw (Shoshone Bannock)",SR Legacy
"Empanada, beef",Survey (FNDDS)
"Empanada, beef, with vegetables",Survey (FNDDS)
"Empanada, chicken",Survey (FNDDS)
"Empanada, chicken, with vegetables",Survey (FNDDS)
"Empanada, fruit",Survey (FNDDS)
"Empanada, NFS",Survey (FNDDS)
"Empanada, no meat",Survey (FNDDS)
"Emu, fan fillet, cooked, broiled",SR Legacy
"Emu, fan fillet, raw",SR Legacy
"Emu, flat fillet, raw",SR Legacy
"Emu, full rump, cooked, broiled",SR Legacy
"Emu, full rump, raw",SR Legacy
"Emu, ground, cooked, pan-broiled",SR Legacy
"Emu, ground, raw",SR Legacy
"Emu, inside drum, raw",SR Legacy
"Emu, inside drums, cooked, broiled",SR Legacy
"Emu, outside drum, raw",SR Legacy
"Emu, oyster, raw",SR Legacy
"Emu, top loin, cooked, broiled",SR Legacy
"Enchilada sauce, green",Survey (FNDDS)
"Enchilada sauce, red",Survey (FNDDS)
"Enchilada, beef",Survey (FNDDS)
"Enchilada, chicken",Survey (FNDDS)
"Enchilada, NFS",Survey (FNDDS)
"Enchilada, no meat",Survey (FNDDS)
"Enchilada, pork",Survey (FNDDS)
"Endive, raw",SR Legacy
Energy Drink,Survey (FNDDS)
Energy drink (Full Throttle),Survey (FNDDS)
Energy drink (Monster),Survey (FNDDS)
Energy drink (Mountain Dew AMP),Survey (FNDDS)
Energy drink (No Fear Motherload),Survey (FNDDS)
Energy drink (No Fear),Survey (FNDDS)
Energy drink (NOS),Survey (FNDDS)
Energy drink (Ocean Spray Cran-Energy Juice Drink),Survey (FNDDS)
Energy drink (Red Bull),Survey (FNDDS)
Energy drink (Rockstar),Survey (FNDDS)
Energy drink (SoBe Energize Energy Juice Drink),Survey (FNDDS)
Energy drink (Vault),Survey (FNDDS)
Energy drink (XS Gold Plus),Survey (FNDDS)
Energy drink (XS),Survey (FNDDS)
"Energy drink, low calorie (Monster)",Survey (FNDDS)
"Energy drink, sugar free",Survey (FNDDS)
"Energy drink, sugar free (Monster)",Survey (FNDDS)
"Energy drink, sugar free (Mountain Dew AMP)",Survey (FNDDS)
"Energy drink, sugar free (No Fear)",Survey (FNDDS)
"Energy drink, sugar free (Rockstar)",Survey (FNDDS)
"Energy drink, sugar free (Vault)",Survey (FNDDS)
"Energy drink, sugar-free (NOS)",Survey (FNDDS)
"Energy drink, sugar-free (Red Bull)",Survey (FNDDS)
"English muffins, plain, enriched, without calcium propionate(includes sourdough)",SR Legacy
"English muffins, plain, unenriched, with calcium propionate (includes sourdough)",SR Legacy
"English muffins, plain, unenriched, without calcium propionate (includes sourdough)",SR Legacy
"English muffins, whole grain white",SR Legacy
"Epazote, raw",SR Legacy
"Eppaw, raw",SR Legacy
Escargot,Survey (FNDDS)
"Escarole, cooked",Survey (FNDDS)
"Escarole, cooked, boiled, drained, no salt added",SR Legacy
"Fajita, beef or pork",Survey (FNDDS)
"Fajita, chicken",Survey (FNDDS)
"Fajita, NFS",Survey (FNDDS)
"Fajita, shrimp",Survey (FNDDS)
"Fajita, vegetable",Survey (FNDDS)
Falafel,Survey (FNDDS)
Falafel sandwich,Survey (FNDDS)
"Falafel, home-prepared",SR Legacy
"Farro, pearled, dry, raw",Foundation
"Fast food, biscuit",SR Legacy
"Fast Food, Pizza Chain, 14"" pizza, cheese topping, regular crust",SR Legacy
"Fast Food, Pizza Chain, 14"" pizza, cheese topping, stuffed crust",SR Legacy
"Fast Food, Pizza Chain, 14"" pizza, cheese topping, thick crust",SR Legacy
"Fast Food, Pizza Chain, 14"" pizza, cheese topping, thin crust",SR Legacy
"Fast Food, Pizza Chain, 14"" pizza, meat and vegetable topping, regular crust",SR Legacy
"Fast Food, Pizza Chain, 14"" pizza, pepperoni topping, regular crust",SR Legacy
"Fast Food, Pizza Chain, 14"" pizza, pepperoni topping, thick crust",SR Legacy
"Fast Food, Pizza Chain, 14"" pizza, pepperoni topping, thin crust",SR Legacy
"Fast Food, Pizza Chain, 14"" pizza, sausage topping, regular crust",SR Legacy
"Fast Food, Pizza Chain, 14"" pizza, sausage topping, thick crust",SR Legacy
"Fast Food, Pizza Chain, 14"" pizza, sausage topping, thin crust",SR Legacy
"Fast foods, bagel, with breakfast steak, egg, cheese, and condiments",SR Legacy
"Fast foods, bagel, with egg, sausage patty, cheese, and condiments",SR Legacy
"Fast foods, biscuit, with crispy chicken fillet",SR Legacy
"Fast foods, biscuit, with egg and bacon",SR Legacy
"Fast foods, biscuit, with egg and ham",SR Legacy
"Fast Foods, biscuit, with egg and sausage",SR Legacy
"Fast foods, biscuit, with egg, cheese, and bacon",SR Legacy
"Fast foods, biscuit, with ham",SR Legacy
"Fast foods, biscuit, with sausage",SR Legacy
"Fast foods, breadstick, soft, prepared with garlic and parmesan cheese",SR Legacy
"Fast foods, breakfast burrito, with egg, cheese, and sausage",SR Legacy
"Fast foods, burrito, with beans",SR Legacy
"Fast foods, burrito, with beans and beef",SR Legacy
"Fast foods, burrito, with beans and cheese",SR Legacy
"Fast foods, burrito, with beans, cheese, and beef",SR Legacy
"Fast foods, cheeseburger, double, regular patty and bun, with condiments",SR Legacy
"Fast foods, cheeseburger; double, large patty; with condiments",SR Legacy
"Fast Foods, cheeseburger; double, large patty; with condiments, vegetables and mayonnaise",SR Legacy
"Fast foods, cheeseburger; double, regular patty; double decker bun with condiments and special sauce",SR Legacy
"Fast foods, cheeseburger; double, regular patty; with condiments",SR Legacy
"Fast foods, cheeseburger; single, large patty; plain",SR Legacy
"Fast foods, cheeseburger; single, large patty; with condiments",SR Legacy
"Fast foods, cheeseburger; single, large patty; with condiments, vegetables and mayonnaise",SR Legacy
"Fast foods, cheeseburger; single, regular patty, with condiments",SR Legacy
"Fast foods, cheeseburger; single, regular patty, with condiments and vegetables",SR Legacy
"Fast foods, cheeseburger; single, regular patty; plain",SR Legacy
"Fast foods, chicken fillet sandwich, plain with pickles",SR Legacy
"Fast foods, chicken tenders",SR Legacy
"Fast foods, chicken, breaded and fried, boneless pieces, plain",SR Legacy
"Fast foods, coleslaw",SR Legacy
"Fast Foods, crispy chicken filet sandwich, with lettuce and mayonnaise",SR Legacy
"Fast foods, crispy chicken in tortilla, with lettuce, cheese, and ranch sauce",SR Legacy
"Fast foods, crispy chicken, bacon, and tomato club sandwich, with cheese, lettuce, and mayonnaise",SR Legacy
"Fast foods, croissant, with egg, cheese, and bacon",SR Legacy
"Fast foods, croissant, with egg, cheese, and ham",SR Legacy
"Fast foods, croissant, with egg, cheese, and sausage",SR Legacy
"Fast foods, egg, scrambled",SR Legacy
"Fast foods, english muffin, with cheese and sausage",SR Legacy
"Fast foods, english muffin, with egg, cheese, and canadian bacon",SR Legacy
"Fast foods, english muffin, with egg, cheese, and sausage",SR Legacy
"Fast foods, fish sandwich, with tartar sauce",SR Legacy
"Fast foods, fish sandwich, with tartar sauce and cheese",SR Legacy
"Fast foods, french toast sticks",SR Legacy
"Fast Foods, Fried Chicken, Breast, meat and skin and breading",SR Legacy
"Fast Foods, Fried Chicken, Breast, meat only, skin and breading removed",SR Legacy
"Fast Foods, Fried Chicken, Drumstick, meat and skin with breading",SR Legacy
"Fast Foods, Fried Chicken, Drumstick, meat only, skin and breading removed",SR Legacy
"Fast Foods, Fried Chicken, Skin and breading from all pieces",SR Legacy
"Fast Foods, Fried Chicken, Thigh, meat and skin and breading",SR Legacy
"Fast Foods, Fried Chicken, Thigh, meat only, skin and breading removed",SR Legacy
"Fast Foods, Fried Chicken, Wing, meat and skin and breading",SR Legacy
"Fast Foods, Fried Chicken, Wing, meat only, skin and breading removed",SR Legacy
"Fast foods, griddle cake sandwich, egg, cheese, and bacon",SR Legacy
"Fast foods, griddle cake sandwich, egg, cheese, and sausage",SR Legacy
"Fast foods, griddle cake sandwich, sausage",SR Legacy
"Fast Foods, grilled chicken filet sandwich, with lettuce, tomato and spread",SR Legacy
"Fast foods, grilled chicken in tortilla, with lettuce, cheese, and ranch sauce",SR Legacy
"Fast foods, grilled chicken, bacon and tomato club sandwich, with cheese, lettuce, and mayonnaise",SR Legacy
"Fast foods, hamburger, large, single patty, with condiments",SR Legacy
"Fast foods, hamburger; double, large patty; with condiments, vegetables and mayonnaise",SR Legacy
"Fast foods, hamburger; single, large patty; with condiments, vegetables and mayonnaise",SR Legacy
"Fast foods, hamburger; single, regular patty; double decker bun with condiments and special sauce",SR Legacy
"Fast foods, hamburger; single, regular patty; plain",SR Legacy
"Fast foods, hamburger; single, regular patty; with condiments",SR Legacy
"Fast foods, hush puppies",SR Legacy
"Fast foods, miniature cinnamon rolls",SR Legacy
"Fast foods, nachos, with cheese",SR Legacy
"Fast foods, nachos, with cheese, beans, ground beef, and tomatoes",SR Legacy
"Fast foods, onion rings, breaded and fried",SR Legacy
"Fast foods, potato, french fried in vegetable oil",SR Legacy
"Fast foods, potato, mashed",SR Legacy
"Fast foods, potatoes, hash browns, round pieces or patty",SR Legacy
"Fast foods, quesadilla, with chicken",SR Legacy
"Fast foods, roast beef sandwich, plain",SR Legacy
"Fast foods, shrimp, breaded and fried",SR Legacy
"Fast foods, strawberry banana smoothie made with ice and low-fat yogurt",SR Legacy
"Fast foods, submarine sandwich, bacon, lettuce, and tomato on white bread",SR Legacy
"Fast foods, submarine sandwich, cold cut on white bread with lettuce and tomato",SR Legacy
"Fast foods, submarine sandwich, ham on white bread with lettuce and tomato",SR Legacy
"Fast foods, submarine sandwich, meatball marinara on white bread",SR Legacy
"Fast foods, submarine sandwich, oven roasted chicken on white bread with lettuce and tomato",SR Legacy
"Fast foods, submarine sandwich, roast beef on white bread with lettuce and tomato",SR Legacy
"Fast foods, submarine sandwich, steak and cheese on white bread with cheese, lettuce and tomato",SR Legacy
"Fast foods, submarine sandwich, sweet onion chicken teriyaki on white bread with lettuce, tomato and sweet onion sauce",SR Legacy
"Fast foods, submarine sandwich, tuna on white bread with lettuce and tomato",SR Legacy
"Fast foods, submarine sandwich, turkey breast on white bread with lettuce and tomato",SR Legacy
"Fast foods, submarine sandwich, turkey, roast beef and ham on white bread with lettuce and tomato",SR Legacy
"Fast foods, sundae, caramel",SR Legacy
"Fast foods, sundae, hot fudge",SR Legacy
"Fast foods, sundae, strawberry",SR Legacy
"Fast foods, taco with beef, cheese and lettuce, hard shell",SR Legacy
"Fast foods, taco with beef, cheese and lettuce, soft",SR Legacy
"Fast foods, taco with chicken, lettuce and cheese, soft",SR Legacy
"Fast foods, vanilla, light, soft-serve ice cream, with cone",SR Legacy
"Fat back, cooked",Survey (FNDDS)
"Fat free ice cream, no sugar added, flavors other than chocolate",SR Legacy
"Fat, beef tallow",SR Legacy
"Fat, chicken",SR Legacy
"Fat, goose",SR Legacy
"Fat, turkey",SR Legacy
"Fava beans, cooked",Survey (FNDDS)
"Feijoa, raw",SR Legacy
"Fennel bulb, cooked",Survey (FNDDS)
"Fennel bulb, raw",Survey (FNDDS)
"Fennel, bulb, raw",SR Legacy
"Fiddlehead ferns, frozen, unprepared",SR Legacy
"Fiddlehead ferns, raw",SR Legacy
"Fig, canned",Survey (FNDDS)
"Fig, dried",Survey (FNDDS)
"Fig, raw",Survey (FNDDS)
"Figs, canned, extra heavy syrup pack, solids and liquids",SR Legacy
"Figs, canned, heavy syrup pack, solids and liquids",SR Legacy
"Figs, canned, light syrup pack, solids and liquids",SR Legacy
"Figs, canned, water pack, solids and liquids",SR Legacy
"Figs, dried, stewed",SR Legacy
"Figs, dried, uncooked",Foundation
"Figs, dried, uncooked",SR Legacy
"Figs, raw",SR Legacy
"Fireweed, leaves, raw",SR Legacy
"Fireweed, young leaves, raw (Alaska Native)",SR Legacy
"Firni, Indian pudding",Survey (FNDDS)
Fish and noodles with mushroom sauce,Survey (FNDDS)
Fish and rice with cream sauce,Survey (FNDDS)
Fish and rice with mushroom sauce,Survey (FNDDS)
Fish and rice with tomato-based sauce,Survey (FNDDS)
"Fish and vegetables excluding  carrots, broccoli, and dark-green leafy; no potatoes, soy-based sauce",Survey (FNDDS)
"Fish and vegetables excluding carrots, broccoli, and dark- green leafy; no potatoes, tomato-based sauce",Survey (FNDDS)
"Fish and vegetables including carrots, broccoli, and/or dark-green leafy; no potatoes, soy-based sauce",Survey (FNDDS)
"Fish and vegetables including carrots, broccoli, and/or dark-green leafy; no potatoes, tomato-based sauce",Survey (FNDDS)
Fish broth,SR Legacy
Fish curry,Survey (FNDDS)
Fish curry with rice,Survey (FNDDS)
"Fish fillet, fried as ingredient in sandwiches",Survey (FNDDS)
"Fish in lemon-butter sauce with starch item, vegetable, frozen meal",Survey (FNDDS)
"Fish oil, cod liver",SR Legacy
"Fish oil, herring",SR Legacy
"Fish oil, menhaden",SR Legacy
"Fish oil, menhaden, fully hydrogenated",SR Legacy
"Fish oil, salmon",SR Legacy
"Fish oil, sardine",SR Legacy
"Fish sandwich, fried, from fast food",Survey (FNDDS)
"Fish sandwich, fried, from fast food, with cheese",Survey (FNDDS)
"Fish sandwich, fried, on wheat bun",Survey (FNDDS)
"Fish sandwich, fried, on wheat bun, with cheese",Survey (FNDDS)
"Fish sandwich, fried, on white bun",Survey (FNDDS)
"Fish sandwich, fried, on white bun, with cheese",Survey (FNDDS)
"Fish sandwich, from school cafeteria",Survey (FNDDS)
"Fish sandwich, grilled",Survey (FNDDS)
"Fish sandwich, NFS",Survey (FNDDS)
Fish sauce,Survey (FNDDS)
"Fish shish kabob with vegetables, excluding potatoes",Survey (FNDDS)
Fish timbale or mousse,Survey (FNDDS)
"Fish with cream or white sauce, not tuna or lobster",Survey (FNDDS)
Fish with tomato-based sauce,Survey (FNDDS)
Fish wrap sandwich,Survey (FNDDS)
"Fish, anchovy",Survey (FNDDS)
"Fish, anchovy, european, canned in oil, drained solids",SR Legacy
"Fish, anchovy, european, raw",SR Legacy
"Fish, bass, baked or broiled",Survey (FNDDS)
"Fish, bass, baked or broiled, coated",Survey (FNDDS)
"Fish, bass, fresh water, mixed species, raw",SR Legacy
"Fish, bass, freshwater, mixed species, cooked, dry heat",SR Legacy
"Fish, bass, fried",Survey (FNDDS)
"Fish, bass, grilled",Survey (FNDDS)
"Fish, bass, NFS",Survey (FNDDS)
"Fish, bass, steamed",Survey (FNDDS)
"Fish, bass, striped, cooked, dry heat",SR Legacy
"Fish, bass, striped, raw",SR Legacy
"Fish, blackfish, whole (Alaska Native)",SR Legacy
"Fish, bluefish, cooked, dry heat",SR Legacy
"Fish, bluefish, raw",SR Legacy
"Fish, burbot, cooked, dry heat",SR Legacy
"Fish, burbot, raw",SR Legacy
"Fish, butterfish, cooked, dry heat",SR Legacy
"Fish, butterfish, raw",SR Legacy
"Fish, cake or patty",Survey (FNDDS)
"Fish, canned",Survey (FNDDS)
"Fish, carp",Survey (FNDDS)
"Fish, carp, cooked, dry heat",SR Legacy
"Fish, carp, raw",SR Legacy
"Fish, catfish, baked or broiled",Survey (FNDDS)
"Fish, catfish, baked or broiled, coated",Survey (FNDDS)
"Fish, catfish, channel, cooked, breaded and fried",SR Legacy
"Fish, catfish, channel, farmed, cooked, dry heat",SR Legacy
"Fish, catfish, channel, farmed, raw",SR Legacy
"Fish, catfish, channel, wild, cooked, dry heat",SR Legacy
"Fish, catfish, channel, wild, raw",SR Legacy
"Fish, catfish, farm raised, raw",Foundation
"Fish, catfish, fried",Survey (FNDDS)
"Fish, catfish, grilled",Survey (FNDDS)
"Fish, catfish, NFS",Survey (FNDDS)
"Fish, catfish, steamed",Survey (FNDDS)
"Fish, caviar, black and red, granular",SR Legacy
"Fish, cisco, raw",SR Legacy
"Fish, cisco, smoked",SR Legacy
"Fish, cod, Atlantic, canned, solids and liquid",SR Legacy
"Fish, cod, Atlantic, cooked, dry heat",SR Legacy
"Fish, cod, Atlantic, dried and salted",SR Legacy
"Fish, cod, Atlantic, raw",SR Legacy
"Fish, cod, Atlantic, wild caught, raw",Foundation
"Fish, cod, baked or broiled",Survey (FNDDS)
"Fish, cod, baked or broiled, coated",Survey (FNDDS)
"Fish, cod, fried",Survey (FNDDS)
"Fish, cod, grilled",Survey (FNDDS)
"Fish, cod, NFS",Survey (FNDDS)
"Fish, cod, Pacific, cooked",SR Legacy
"Fish, cod, Pacific, cooked, dry heat (may contain additives to retain moisture)",SR Legacy
"Fish, cod, Pacific, raw (may have been previously frozen)",SR Legacy
"Fish, cod, steamed",Survey (FNDDS)
"Fish, cooked, as ingredient",Survey (FNDDS)
"Fish, croaker",Survey (FNDDS)
"Fish, croaker, Atlantic, cooked, breaded and fried",SR Legacy
"Fish, croaker, Atlantic, raw",SR Legacy
"Fish, cusk, cooked, dry heat",SR Legacy
"Fish, cusk, raw",SR Legacy
"Fish, devilfish, meat (Alaska Native)",SR Legacy
"Fish, drum, freshwater, cooked, dry heat",SR Legacy
"Fish, drum, freshwater, raw",SR Legacy
"Fish, eel",Survey (FNDDS)
"Fish, eel, mixed species, cooked, dry heat",SR Legacy
"Fish, eel, mixed species, raw",SR Legacy
"Fish, fish sticks, frozen, prepared",SR Legacy
"Fish, flatfish (flounder and sole species), cooked, dry heat",SR Legacy
"Fish, flatfish (flounder and sole species), raw",SR Legacy
"Fish, flounder, baked or broiled",Survey (FNDDS)
"Fish, flounder, baked or broiled, coated",Survey (FNDDS)
"Fish, flounder, fried",Survey (FNDDS)
"Fish, flounder, grilled",Survey (FNDDS)
"Fish, flounder, NFS",Survey (FNDDS)
"Fish, flounder, steamed",Survey (FNDDS)
"Fish, gefiltefish, commercial, sweet recipe",SR Legacy
"Fish, grouper, mixed species, cooked, dry heat",SR Legacy
"Fish, grouper, mixed species, raw",SR Legacy
"Fish, haddock, baked or broiled",Survey (FNDDS)
"Fish, haddock, baked or broiled, coated",Survey (FNDDS)
"Fish, haddock, cooked, dry heat",SR Legacy
"Fish, haddock, fried",Survey (FNDDS)
"Fish, haddock, grilled",Survey (FNDDS)
"Fish, haddock, NFS",Survey (FNDDS)
"Fish, haddock, raw",Foundation
"Fish, haddock, raw",SR Legacy
"Fish, haddock, smoked",SR Legacy
"Fish, haddock, steamed",Survey (FNDDS)
"Fish, halibut",Survey (FNDDS)
"Fish, halibut, Atlantic and Pacific, cooked, dry heat",SR Legacy
"Fish, halibut, Atlantic and Pacific, raw",SR Legacy
"Fish, halibut, cooked, with skin (Alaska Native)",SR Legacy
"Fish, halibut, greenland, cooked, dry heat",SR Legacy
"Fish, halibut, Greenland, raw",SR Legacy
"Fish, halibut, raw, with skin (Alaska Native)",SR Legacy
"Fish, herring",Survey (FNDDS)
"Fish, herring eggs on giant kelp, Pacific (Alaska Native)",SR Legacy
"Fish, herring eggs, Pacific, dry (Alaska Native)",SR Legacy
"Fish, herring eggs, Pacific, plain (Alaska Native)",SR Legacy
"Fish, herring, Atlantic, cooked, dry heat",SR Legacy
"Fish, herring, Atlantic, kippered",SR Legacy
"Fish, herring, Atlantic, pickled",SR Legacy
"Fish, herring, Atlantic, raw",SR Legacy
"Fish, herring, Pacific, cooked, dry heat",SR Legacy
"Fish, herring, Pacific, flesh, air-dried, packed in oil (Alaska Native)",SR Legacy
"Fish, herring, Pacific, raw",SR Legacy
"Fish, ling, cooked, dry heat",SR Legacy
"Fish, ling, raw",SR Legacy
"Fish, lingcod, cooked, dry heat",SR Legacy
"Fish, lingcod, liver (Alaska Native)",SR Legacy
"Fish, lingcod, meat, raw (Alaska Native)",SR Legacy
"Fish, lingcod, raw",SR Legacy
"Fish, mackerel, Atlantic, cooked, dry heat",SR Legacy
"Fish, mackerel, Atlantic, raw",SR Legacy
"Fish, mackerel, baked or broiled",Survey (FNDDS)
"Fish, mackerel, baked or broiled, coated",Survey (FNDDS)
"Fish, mackerel, canned",Survey (FNDDS)
"Fish, mackerel, fried",Survey (FNDDS)
"Fish, mackerel, grilled",Survey (FNDDS)
"Fish, mackerel, jack, canned, drained solids",SR Legacy
"Fish, mackerel, king, cooked, dry heat",SR Legacy
"Fish, mackerel, king, raw",SR Legacy
"Fish, mackerel, NFS",Survey (FNDDS)
"Fish, mackerel, Pacific and jack, mixed species, cooked, dry heat",SR Legacy
"Fish, mackerel, Pacific and jack, mixed species, raw",SR Legacy
"Fish, mackerel, salted",SR Legacy
"Fish, mackerel, spanish, cooked, dry heat",SR Legacy
"Fish, mackerel, spanish, raw",SR Legacy
"Fish, mahimahi, cooked, dry heat",SR Legacy
"Fish, mahimahi, raw",SR Legacy
"Fish, milkfish, cooked, dry heat",SR Legacy
"Fish, milkfish, raw",SR Legacy
"Fish, monkfish, cooked, dry heat",SR Legacy
"Fish, monkfish, raw",SR Legacy
"Fish, mullet",Survey (FNDDS)
"Fish, mullet, striped, cooked, dry heat",SR Legacy
"Fish, mullet, striped, raw",SR Legacy
"Fish, NFS",Survey (FNDDS)
"Fish, noodles, and vegetables excluding carrots, broccoli, and dark-green leafy; cheese sauce",Survey (FNDDS)
"Fish, noodles, and vegetables including carrots, broccoli, and/or dark green leafy; cheese sauce",Survey (FNDDS)
"Fish, NS as to type, baked or broiled",Survey (FNDDS)
"Fish, NS as to type, baked or broiled, coated",Survey (FNDDS)
"Fish, NS as to type, fried",Survey (FNDDS)
"Fish, NS as to type, steamed",Survey (FNDDS)
"Fish, ocean perch, Atlantic, cooked, dry heat",SR Legacy
"Fish, ocean perch, Atlantic, raw",SR Legacy
"Fish, perch, baked or broiled",Survey (FNDDS)
"Fish, perch, baked or broiled, coated",Survey (FNDDS)
"Fish, perch, fried",Survey (FNDDS)
"Fish, perch, grilled",Survey (FNDDS)
"Fish, perch, mixed species, cooked, dry heat",SR Legacy
"Fish, perch, mixed species, raw",SR Legacy
"Fish, perch, NFS",Survey (FNDDS)
"Fish, perch, steamed",Survey (FNDDS)
"Fish, pickled",Survey (FNDDS)
"Fish, pike",Survey (FNDDS)
"Fish, pike, northern, cooked, dry heat",SR Legacy
"Fish, pike, northern, liver (Alaska Native)",SR Legacy
"Fish, pike, northern, raw",SR Legacy
"Fish, pike, walleye, cooked, dry heat",SR Legacy
"Fish, pike, walleye, raw",SR Legacy
"Fish, pollock, Alaska, cooked",SR Legacy
"Fish, pollock, Alaska, cooked, dry heat (may contain additives to retain moisture)",SR Legacy
"Fish, pollock, Alaska, raw",SR Legacy
"Fish, pollock, Alaska, raw (may contain additives to retain moisture)",SR Legacy
"Fish, pollock, Atlantic, cooked, dry heat",SR Legacy
"Fish, pollock, Atlantic, raw",SR Legacy
"Fish, pollock, raw",Foundation
"Fish, pompano, baked or broiled",Survey (FNDDS)
"Fish, pompano, baked or broiled, coated",Survey (FNDDS)
"Fish, pompano, florida, cooked, dry heat",SR Legacy
"Fish, pompano, florida, raw",SR Legacy
"Fish, pompano, fried",Survey (FNDDS)
"Fish, pompano, grilled",Survey (FNDDS)
"Fish, pompano, NFS",Survey (FNDDS)
"Fish, pompano, steamed",Survey (FNDDS)
"Fish, pout, ocean, cooked, dry heat",SR Legacy
"Fish, pout, ocean, raw",SR Legacy
"Fish, raw",Survey (FNDDS)
"Fish, rockfish, Pacific, mixed species, cooked, dry heat",SR Legacy
"Fish, rockfish, Pacific, mixed species, raw",SR Legacy
"Fish, roe, mixed species, cooked, dry heat",SR Legacy
"Fish, roe, mixed species, raw",SR Legacy
"Fish, roughy, orange, cooked, dry heat",SR Legacy
"Fish, roughy, orange, raw",SR Legacy
"Fish, sablefish, cooked, dry heat",SR Legacy
"Fish, sablefish, raw",SR Legacy
"Fish, sablefish, smoked",SR Legacy
"Fish, salmon cake or patty",Survey (FNDDS)
"Fish, salmon, Atlantic, farm raised, raw",Foundation
"Fish, salmon, Atlantic, farmed, cooked, dry heat",SR Legacy
"Fish, salmon, Atlantic, farmed, raw",SR Legacy
"Fish, salmon, Atlantic, wild, cooked, dry heat",SR Legacy
"Fish, salmon, Atlantic, wild, raw",SR Legacy
"Fish, salmon, baked or broiled",Survey (FNDDS)
"Fish, salmon, baked or broiled, coated",Survey (FNDDS)
"Fish, salmon, canned",Survey (FNDDS)
"Fish, salmon, chinook, cooked, dry heat",SR Legacy
"Fish, salmon, chinook, raw",SR Legacy
"Fish, salmon, chinook, smoked",SR Legacy
"Fish, salmon, chinook, smoked, (lox), regular",SR Legacy
"Fish, salmon, chum, canned, drained solids with bone",SR Legacy
"Fish, salmon, chum, canned, without salt, drained solids with bone",SR Legacy
"Fish, salmon, chum, cooked, dry heat",SR Legacy
"Fish, salmon, chum, dried (Alaska Native)",SR Legacy
"Fish, salmon, chum, raw",SR Legacy
"Fish, Salmon, Chum, raw (Alaska Native)",SR Legacy
"Fish, salmon, coho (silver), raw (Alaska Native)",SR Legacy
"Fish, salmon, coho, farmed, cooked, dry heat",SR Legacy
"Fish, salmon, coho, farmed, raw",SR Legacy
"Fish, salmon, coho, wild, cooked, dry heat",SR Legacy
"Fish, salmon, coho, wild, cooked, moist heat",SR Legacy
"Fish, salmon, coho, wild, raw",SR Legacy
"Fish, salmon, fried",Survey (FNDDS)
"Fish, salmon, grilled",Survey (FNDDS)
"Fish, salmon, king (chinook), raw (Alaska Native)",SR Legacy
"Fish, salmon, king, chinook, kippered, canned (Alaska Native)",SR Legacy
"Fish, salmon, king, chinook, liver (Alaska Native)",SR Legacy
"Fish, salmon, king, chinook, smoked and canned (Alaska Native)",SR Legacy
"Fish, salmon, king, chinook, smoked, brined (Alaska Native)",SR Legacy
"Fish, salmon, king, with skin, kippered, (Alaska Native)",SR Legacy
"Fish, salmon, NFS",Survey (FNDDS)
"Fish, salmon, pink, canned, drained solids",SR Legacy
"Fish, Salmon, pink, canned, drained solids, without skin and bones",SR Legacy
"Fish, salmon, pink, canned, total can contents",SR Legacy
"Fish, salmon, pink, canned, without salt, solids with bone and liquid",SR Legacy
"Fish, salmon, pink, cooked, dry heat",SR Legacy
"Fish, salmon, pink, raw",SR Legacy
"Fish, salmon, raw",Survey (FNDDS)
"Fish, salmon, red, (sockeye), canned, smoked (Alaska Native)",SR Legacy
"Fish, salmon, red, (sockeye), kippered (Alaska Native)",SR Legacy
"Fish, salmon, red, canned, bones removed (Alaska Native)",SR Legacy
"Fish, salmon, smoked",Survey (FNDDS)
"Fish, salmon, sockeye (red), raw (Alaska Native)",SR Legacy
"Fish, salmon, sockeye, canned, drained solids",SR Legacy
"Fish, salmon, sockeye, canned, without salt, drained solids with bone",SR Legacy
"Fish, salmon, sockeye, cooked, dry heat",SR Legacy
"Fish, salmon, sockeye, raw",SR Legacy
"Fish, salmon, sockeye, wild caught, raw",Foundation
"Fish, salmon, steamed",Survey (FNDDS)
"Fish, salmon, tipnuk, fermented (Alaska Native)",SR Legacy
"Fish, sardine, Atlantic, canned in oil, drained solids with bone",SR Legacy
"Fish, sardine, Pacific, canned in tomato sauce, drained solids with bone",SR Legacy
"Fish, sardines, canned",Survey (FNDDS)
"Fish, scup, cooked, dry heat",SR Legacy
"Fish, scup, raw",SR Legacy
"Fish, sea bass, mixed species, cooked, dry heat",SR Legacy
"Fish, sea bass, mixed species, raw",SR Legacy
"Fish, seatrout, mixed species, cooked, dry heat",SR Legacy
"Fish, seatrout, mixed species, raw",SR Legacy
"Fish, shad, american, cooked, dry heat",SR Legacy
"Fish, shad, american, raw",SR Legacy
"Fish, shark",Survey (FNDDS)
"Fish, shark, mixed species, cooked, batter-dipped and fried",SR Legacy
"Fish, shark, mixed species, raw",SR Legacy
"Fish, sheefish, raw (Alaska Native)",SR Legacy
"Fish, sheepshead, cooked, dry heat",SR Legacy
"Fish, sheepshead, raw",SR Legacy
"Fish, smelt, rainbow, cooked, dry heat",SR Legacy
"Fish, smelt, rainbow, raw",SR Legacy
"Fish, smoked",Survey (FNDDS)
"Fish, snapper",Survey (FNDDS)
"Fish, snapper, mixed species, cooked, dry heat",SR Legacy
"Fish, snapper, mixed species, raw",SR Legacy
"Fish, spot, cooked, dry heat",SR Legacy
"Fish, spot, raw",SR Legacy
"Fish, stick",Survey (FNDDS)
"Fish, sturgeon, mixed species, cooked, dry heat",SR Legacy
"Fish, sturgeon, mixed species, raw",SR Legacy
"Fish, sturgeon, mixed species, smoked",SR Legacy
"Fish, sucker, white, cooked, dry heat",SR Legacy
"Fish, sucker, white, raw",SR Legacy
"Fish, sunfish, pumpkin seed, cooked, dry heat",SR Legacy
"Fish, sunfish, pumpkin seed, raw",SR Legacy
"Fish, surimi",SR Legacy
"Fish, swordfish",Survey (FNDDS)
"Fish, swordfish, cooked, dry heat",SR Legacy
"Fish, swordfish, raw",SR Legacy
"Fish, tilapia, baked or broiled",Survey (FNDDS)
"Fish, tilapia, baked or broiled, coated",Survey (FNDDS)
"Fish, tilapia, cooked, dry heat",SR Legacy
"Fish, tilapia, farm raised, raw",Foundation
"Fish, tilapia, fried",Survey (FNDDS)
"Fish, tilapia, grilled",Survey (FNDDS)
"Fish, tilapia, NFS",Survey (FNDDS)
"Fish, tilapia, raw",SR Legacy
"Fish, tilapia, steamed",Survey (FNDDS)
"Fish, tilefish, cooked, dry heat",SR Legacy
"Fish, tilefish, raw",SR Legacy
"Fish, tofu, and vegetables, tempura",Survey (FNDDS)
"Fish, trout, baked or broiled",Survey (FNDDS)
"Fish, trout, baked or broiled, coated",Survey (FNDDS)
"Fish, trout, brook, raw, New York State",SR Legacy
"Fish, trout, fried",Survey (FNDDS)
"Fish, trout, grilled",Survey (FNDDS)
"Fish, trout, mixed species, cooked, dry heat",SR Legacy
"Fish, trout, mixed species, raw",SR Legacy
"Fish, trout, NFS",Survey (FNDDS)
"Fish, trout, rainbow, farmed, cooked, dry heat",SR Legacy
"Fish, trout, rainbow, farmed, raw",SR Legacy
"Fish, trout, rainbow, wild, cooked, dry heat",SR Legacy
"Fish, trout, rainbow, wild, raw",SR Legacy
"Fish, trout, steamed",Survey (FNDDS)
"Fish, tuna salad",SR Legacy
"Fish, tuna, canned",Survey (FNDDS)
"Fish, tuna, cooked",Survey (FNDDS)
"Fish, tuna, fresh, bluefin, cooked, dry heat",SR Legacy
"Fish, tuna, fresh, bluefin, raw",SR Legacy
"Fish, tuna, fresh, skipjack, raw",SR Legacy
"Fish, tuna, fresh, yellowfin, raw",SR Legacy
"Fish, tuna, light, canned in oil, drained solids",SR Legacy
"Fish, tuna, light, canned in oil, without salt, drained solids",SR Legacy
"Fish, tuna, light, canned in water, drained solids",Foundation
"Fish, tuna, light, canned in water, drained solids (Includes foods for USDA's Food Distribution Program)",SR Legacy
"Fish, tuna, light, canned in water, without salt, drained solids",SR Legacy
"Fish, tuna, NFS",Survey (FNDDS)
"Fish, tuna, raw",Survey (FNDDS)
"Fish, tuna, skipjack, fresh, cooked, dry heat",SR Legacy
"Fish, tuna, white, canned in oil, drained solids",SR Legacy
"Fish, tuna, white, canned in oil, without salt, drained solids",SR Legacy
"Fish, tuna, white, canned in water, drained solids",SR Legacy
"Fish, tuna, white, canned in water, without salt, drained solids",SR Legacy
"Fish, tuna, yellowfin, fresh, cooked, dry heat",SR Legacy
"Fish, turbot, european, cooked, dry heat",SR Legacy
"Fish, turbot, european, raw",SR Legacy
"Fish, white, mixed species, baked or broiled",Survey (FNDDS)
"Fish, white, mixed species, baked or broiled, coated",Survey (FNDDS)
"Fish, white, mixed species, fried",Survey (FNDDS)
"Fish, white, mixed species, grilled",Survey (FNDDS)
"Fish, white, mixed species, NFS",Survey (FNDDS)
"Fish, white, mixed species, steamed",Survey (FNDDS)
"Fish, whitefish, broad, head, eyes, cheeks and soft bones (Alaska Native)",SR Legacy
"Fish, whitefish, broad, liver (Alaska Native)",SR Legacy
"Fish, whitefish, dried (Alaska Native)",SR Legacy
"Fish, whitefish, eggs (Alaska Native)",SR Legacy
"Fish, whitefish, mixed species, cooked, dry heat",SR Legacy
"Fish, whitefish, mixed species, raw",SR Legacy
"Fish, whitefish, mixed species, raw (Alaska Native)",SR Legacy
"Fish, whitefish, mixed species, smoked",SR Legacy
"Fish, whiting, baked or broiled",Survey (FNDDS)
"Fish, whiting, baked or broiled, coated",Survey (FNDDS)
"Fish, whiting, fried",Survey (FNDDS)
"Fish, whiting, grilled",Survey (FNDDS)
"Fish, whiting, mixed species, cooked, dry heat",SR Legacy
"Fish, whiting, mixed species, raw",SR Legacy
"Fish, whiting, NFS",Survey (FNDDS)
"Fish, whiting, steamed",Survey (FNDDS)
"Fish, wolffish, Atlantic, cooked, dry heat",SR Legacy
"Fish, wolffish, Atlantic, raw",SR Legacy
"Fish, yellowtail, mixed species, cooked, dry heat",SR Legacy
"Fish, yellowtail, mixed species, raw",SR Legacy
Flan,Survey (FNDDS)
"Flan, caramel custard, dry mix",SR Legacy
"Flan, caramel custard, dry mix, prepared with 2% milk",SR Legacy
"Flan, caramel custard, dry mix, prepared with whole milk",SR Legacy
Flavored pasta,Survey (FNDDS)
Flavored rice and pasta mixture,Survey (FNDDS)
"Flavored rice and pasta mixture, reduced sodium",Survey (FNDDS)
Flavored rice mixture,Survey (FNDDS)
Flavored rice mixture with cheese,Survey (FNDDS)
"Flavored rice, brown and wild",Survey (FNDDS)
Flax seeds,Survey (FNDDS)
Flaxseed oil,Survey (FNDDS)
"Flaxseed, ground",Foundation
Flounder with crab stuffing,Survey (FNDDS)
"Flour, 00",Foundation
"Flour, almond",Foundation
"Flour, amaranth",Foundation
"Flour, barley",Foundation
"Flour, bread, white, enriched, unbleached",Foundation
"Flour, buckwheat",Foundation
"Flour, cassava",Foundation
"Flour, chestnut",Foundation
"Flour, coconut",Foundation
"Flour, corn, yellow, fine meal, enriched",Foundation
"Flour, oat, whole grain",Foundation
"Flour, pastry, unenriched, unbleached",Foundation
"Flour, potato",Foundation
"Flour, quinoa",Foundation
"Flour, rice, brown",Foundation
"Flour, rice, glutinous",Foundation
"Flour, rice, white, unenriched",Foundation
"Flour, rye",Foundation
"Flour, semolina, coarse and semi-coarse",Foundation
"Flour, semolina, fine",Foundation
"Flour, sorghum",Foundation
"Flour, soy, defatted",Foundation
"Flour, soy, full-fat",Foundation
"Flour, spelt, whole grain",Foundation
"Flour, wheat, all-purpose, enriched, bleached",Foundation
"Flour, wheat, all-purpose, enriched, unbleached",Foundation
"Flour, wheat, all-purpose, unenriched, unbleached",Foundation
"Flour, whole wheat, unenriched",Foundation
"Flowers or blossoms of sesbania, squash, or lily, cooked",Survey (FNDDS)
"Fluid replacement, 5% glucose in water",Survey (FNDDS)
"Fluid replacement, electrolyte solution",Survey (FNDDS)
"Fluid replacement, electrolyte solution (include PEDIALYTE)",SR Legacy
"Focaccia, Italian flatbread, plain",SR Legacy
"Focaccia, Italian, plain",Survey (FNDDS)
"Fonio, grain, dry, raw",Foundation
"Formulated bar, high fiber, chewy, oats and chocolate",SR Legacy
"Formulated bar, LUNA BAR, NUTZ OVER CHOCOLATE",SR Legacy
"Formulated bar, MARS SNACKFOOD US, COCOAVIA, Chocolate Almond Snack Bar",SR Legacy
"Formulated bar, MARS SNACKFOOD US, COCOAVIA, Chocolate Blueberry Snack Bar",SR Legacy
"Formulated bar, MARS SNACKFOOD US, SNICKERS MARATHON Chewy Chocolate Peanut Bar",SR Legacy
"Formulated bar, MARS SNACKFOOD US, SNICKERS MARATHON Double Chocolate Nut Bar",SR Legacy
"Formulated bar, MARS SNACKFOOD US, SNICKERS MARATHON Energy Bar, all flavors",SR Legacy
"Formulated bar, MARS SNACKFOOD US, SNICKERS MARATHON Honey Nut Oat Bar",SR Legacy
"Formulated bar, MARS SNACKFOOD US, SNICKERS MARATHON MULTIGRAIN CRUNCH BAR",SR Legacy
"Formulated bar, MARS SNACKFOOD US, SNICKERS MARATHON Protein Performance Bar, Caramel Nut Rush",SR Legacy
"Formulated bar, POWER BAR, chocolate",SR Legacy
"Formulated bar, SLIM-FAST OPTIMA meal bar, milk chocolate peanut",SR Legacy
"Formulated Bar, SOUTH BEACH protein bar",SR Legacy
"Formulated bar, ZONE PERFECT CLASSIC CRUNCH BAR, mixed flavors",SR Legacy
"Frankfurter, beef, heated",SR Legacy
"Frankfurter, beef, low fat",SR Legacy
"Frankfurter, beef, pork, and turkey, fat free",SR Legacy
"Frankfurter, beef, unheated",Foundation
"Frankfurter, beef, unheated",SR Legacy
"Frankfurter, chicken",SR Legacy
"Frankfurter, low sodium",SR Legacy
"Frankfurter, meat",SR Legacy
"Frankfurter, meat and poultry, cooked, boiled",SR Legacy
"Frankfurter, meat and poultry, cooked, grilled",SR Legacy
"Frankfurter, meat and poultry, low fat",SR Legacy
"Frankfurter, meat and poultry, unheated",SR Legacy
"Frankfurter, meat, heated",SR Legacy
"Frankfurter, meatless",SR Legacy
"Frankfurter, pork",SR Legacy
"Frankfurter, turkey",SR Legacy
Frankfurters or hot dogs and sauerkraut,Survey (FNDDS)
Frankfurters or hot dogs with tomato-based sauce,Survey (FNDDS)
Freezer pop,Survey (FNDDS)
French dip sandwich,Survey (FNDDS)
French or Catalina dressing,Survey (FNDDS)
"French or Catalina dressing, fat free",Survey (FNDDS)
"French or Catalina dressing, light",Survey (FNDDS)
French toast sticks,Survey (FNDDS)
"French toast sticks, fast food / restaurant",Survey (FNDDS)
"French toast sticks, school",Survey (FNDDS)
"French toast, fast food / restaurant",Survey (FNDDS)
"French toast, frozen",Survey (FNDDS)
"French toast, frozen, ready-to-heat",SR Legacy
"French toast, gluten free",Survey (FNDDS)
"French toast, NFS",Survey (FNDDS)
"French toast, plain",Survey (FNDDS)
"French toast, prepared from recipe, made with low fat (2%) milk",SR Legacy
"French toast, school",Survey (FNDDS)
"French toast, whole grain",Survey (FNDDS)
Frescavena,Survey (FNDDS)
Fried broccoli,Survey (FNDDS)
Fried cauliflower,Survey (FNDDS)
Fried eggplant,Survey (FNDDS)
"Fried fish with sauce, Puerto Rican style",Survey (FNDDS)
Fried green beans,Survey (FNDDS)
Fried green tomatoes,Survey (FNDDS)
Fried mushrooms,Survey (FNDDS)
Fried okra,Survey (FNDDS)
Fried onion rings,Survey (FNDDS)
Fried seafood sandwich,Survey (FNDDS)
"Fried stuffed potatoes, Puerto Rican style",Survey (FNDDS)
"Fried summer squash, yellow or green",Survey (FNDDS)
"Frijoles rojos volteados (Refried beans, red, canned)",SR Legacy
Frito pie,Survey (FNDDS)
"Fritter, corn",Survey (FNDDS)
"Fritter, fruit",Survey (FNDDS)
"Fritter, plain",Survey (FNDDS)
Frog legs,Survey (FNDDS)
"Frog legs, raw",SR Legacy
"Frostings, chocolate, creamy, dry mix",SR Legacy
"Frostings, chocolate, creamy, dry mix, prepared with butter",SR Legacy
"Frostings, chocolate, creamy, dry mix, prepared with margarine",SR Legacy
"Frostings, chocolate, creamy, ready-to-eat",SR Legacy
"Frostings, coconut-nut, ready-to-eat",SR Legacy
"Frostings, cream cheese-flavor, ready-to-eat",SR Legacy
"Frostings, glaze, chocolate, prepared-from-recipe, with butter, NFSMI Recipe No. C-32",SR Legacy
"Frostings, glaze, prepared-from-recipe",SR Legacy
"Frostings, vanilla, creamy, dry mix",SR Legacy
"Frostings, vanilla, creamy, dry mix, prepared with margarine",SR Legacy
"Frostings, vanilla, creamy, ready-to-eat",SR Legacy
"Frostings, white, fluffy, dry mix",SR Legacy
"Frostings, white, fluffy, dry mix, prepared with water",SR Legacy
Frozen coffee drink,Survey (FNDDS)
"Frozen coffee drink, decaffeinated",Survey (FNDDS)
"Frozen coffee drink, decaffeinated, nonfat",Survey (FNDDS)
"Frozen coffee drink, decaffeinated, nonfat, with whipped cream",Survey (FNDDS)
"Frozen coffee drink, decaffeinated, with non-dairy milk",Survey (FNDDS)
"Frozen coffee drink, decaffeinated, with non-dairy milk and whipped cream",Survey (FNDDS)
"Frozen coffee drink, decaffeinated, with whipped cream",Survey (FNDDS)
"Frozen coffee drink, nonfat",Survey (FNDDS)
"Frozen coffee drink, nonfat, with whipped cream",Survey (FNDDS)
"Frozen coffee drink, with non-dairy milk",Survey (FNDDS)
"Frozen coffee drink, with non-dairy milk and whipped cream",Survey (FNDDS)
"Frozen coffee drink, with whipped cream",Survey (FNDDS)
Frozen daiquiri,Survey (FNDDS)
"Frozen dessert, non-dairy",Survey (FNDDS)
"Frozen dinner, NFS",Survey (FNDDS)
Frozen fruit juice bar,Survey (FNDDS)
"Frozen fruit juice bar, no sugar added",Survey (FNDDS)
Frozen margarita,Survey (FNDDS)
Frozen mocha coffee drink,Survey (FNDDS)
"Frozen mocha coffee drink, decaffeinated",Survey (FNDDS)
"Frozen mocha coffee drink, decaffeinated, nonfat",Survey (FNDDS)
"Frozen mocha coffee drink, decaffeinated, nonfat, with whipped cream",Survey (FNDDS)
"Frozen mocha coffee drink, decaffeinated, with non-dairy milk",Survey (FNDDS)
"Frozen mocha coffee drink, decaffeinated, with non-dairy milk and whipped cream",Survey (FNDDS)
"Frozen mocha coffee drink, decaffeinated, with whipped cream",Survey (FNDDS)
"Frozen mocha coffee drink, nonfat",Survey (FNDDS)
"Frozen mocha coffee drink, nonfat, with whipped cream",Survey (FNDDS)
"Frozen mocha coffee drink, with non-dairy milk",Survey (FNDDS)
"Frozen mocha coffee drink, with non-dairy milk and whipped cream",Survey (FNDDS)
"Frozen mocha coffee drink, with whipped cream",Survey (FNDDS)
"Frozen novelties, fruit and juice bars",SR Legacy
"Frozen novelties, ice cream type, chocolate or caramel covered, with nuts",SR Legacy
"Frozen novelties, ice cream type, sundae, prepackaged",SR Legacy
"Frozen novelties, ice cream type, vanilla ice cream, light, no sugar added, chocolate coated",SR Legacy
"Frozen novelties, ice type, fruit, no sugar added",SR Legacy
"Frozen novelties, ice type, italian, restaurant-prepared",SR Legacy
"Frozen novelties, ice type, lime",SR Legacy
"Frozen novelties, ice type, pineapple-coconut",SR Legacy
"Frozen novelties, ice type, pop",SR Legacy
"Frozen novelties, ice type, pop, with low calorie sweetener",SR Legacy
"Frozen novelties, ice type, sugar free, orange, cherry, and grape POPSICLE pops",SR Legacy
"Frozen novelties, juice type, juice with cream",SR Legacy
"Frozen novelties, juice type, orange",SR Legacy
"Frozen novelties, juice type, POPSICLE SCRIBBLERS",SR Legacy
"Frozen novelties, KLONDIKE, SLIM-A-BEAR Chocolate Cone",SR Legacy
"Frozen novelties, KLONDIKE, SLIM-A-BEAR Fudge Bar, 98% fat free, no sugar added",SR Legacy
"Frozen novelties, KLONDIKE, SLIM-A-BEAR Vanilla Sandwich",SR Legacy
"Frozen novelties, KLONDIKE, SLIM-A-BEAR, No Sugar Added, Stickless Bar",SR Legacy
"Frozen novelties, No Sugar Added CREAMSICLE Pops",SR Legacy
"Frozen novelties, No Sugar Added, FUDGSICLE pops",SR Legacy
"Frozen novelties, Sugar Free, CREAMSICLE Pops",SR Legacy
"Frozen yogurt bar, chocolate",Survey (FNDDS)
"Frozen yogurt bar, vanilla",Survey (FNDDS)
"Frozen yogurt cone, chocolate",Survey (FNDDS)
"Frozen yogurt cone, chocolate, waffle cone",Survey (FNDDS)
"Frozen yogurt cone, vanilla",Survey (FNDDS)
"Frozen yogurt cone, vanilla, waffle cone",Survey (FNDDS)
Frozen yogurt sandwich,Survey (FNDDS)
"Frozen yogurt, chocolate",Survey (FNDDS)
"Frozen yogurt, NFS",Survey (FNDDS)
"Frozen yogurt, soft serve, chocolate",Survey (FNDDS)
"Frozen yogurt, soft serve, vanilla",Survey (FNDDS)
"Frozen yogurt, vanilla",Survey (FNDDS)
"Frozen yogurts, chocolate",SR Legacy
"Frozen yogurts, chocolate, nonfat milk, sweetened without sugar",SR Legacy
"Frozen yogurts, chocolate, soft-serve",SR Legacy
"Frozen yogurts, flavors other than chocolate",SR Legacy
"Frozen yogurts, vanilla, soft-serve",SR Legacy
"Fruit and vegetable smoothie, added protein",Survey (FNDDS)
"Fruit and vegetable smoothie, bottled",Survey (FNDDS)
"Fruit and vegetable smoothie, no dairy",Survey (FNDDS)
"Fruit and vegetable smoothie, non-dairy",Survey (FNDDS)
"Fruit and vegetable smoothie, non-dairy, added protein",Survey (FNDDS)
"Fruit and vegetable smoothie, with dairy",Survey (FNDDS)
Fruit butter,Survey (FNDDS)
"Fruit butters, apple",SR Legacy
"Fruit cocktail, (peach and pineapple and pear and grape and cherry), canned, extra heavy syrup, solids and liquids",SR Legacy
"Fruit cocktail, (peach and pineapple and pear and grape and cherry), canned, extra light syrup, solids and liquids",SR Legacy
"Fruit cocktail, (peach and pineapple and pear and grape and cherry), canned, heavy syrup, solids and liquids",SR Legacy
"Fruit cocktail, (peach and pineapple and pear and grape and cherry), canned, juice pack, solids and liquids",SR Legacy
"Fruit cocktail, (peach and pineapple and pear and grape and cherry), canned, light syrup, solids and liquids",SR Legacy
"Fruit cocktail, (peach and pineapple and pear and grape and cherry), canned, water pack, solids and liquids",SR Legacy
"Fruit cocktail, canned, heavy syrup, drained",SR Legacy
"Fruit cocktail, canned, in syrup",Survey (FNDDS)
"Fruit cocktail, canned, juice pack",Survey (FNDDS)
"Fruit cocktail, canned, NFS",Survey (FNDDS)
Fruit dressing,Survey (FNDDS)
Fruit flavored drink,Survey (FNDDS)
"Fruit flavored drink, diet",Survey (FNDDS)
"Fruit flavored drink, powdered, not reconstituted",Survey (FNDDS)
"Fruit flavored drink, powdered, not reconstituted, diet",Survey (FNDDS)
"Fruit flavored drink, powdered, reconstituted",Survey (FNDDS)
"Fruit flavored drink, powdered, reconstituted, diet",Survey (FNDDS)
"Fruit flavored drink, with high vitamin C",Survey (FNDDS)
"Fruit flavored drink, with high vitamin C, diet",Survey (FNDDS)
"Fruit flavored drink, with high vitamin C, powdered, not reconstituted",Survey (FNDDS)
"Fruit flavored drink, with high vitamin C, powdered, reconstituted",Survey (FNDDS)
"Fruit flavored drink, with high vitamin C, powdered, reconstituted, diet",Survey (FNDDS)
"Fruit juice blend, 100% juice",Survey (FNDDS)
"Fruit juice blend, citrus, 100% juice",Survey (FNDDS)
Fruit juice drink,Survey (FNDDS)
Fruit juice drink (Capri Sun),Survey (FNDDS)
Fruit juice drink (Sunny D),Survey (FNDDS)
"Fruit juice drink, added calcium (Sunny D)",Survey (FNDDS)
"Fruit juice drink, citrus, carbonated",Survey (FNDDS)
"Fruit juice drink, diet",Survey (FNDDS)
"Fruit juice drink, light",Survey (FNDDS)
"Fruit juice drink, noncitrus, carbonated",Survey (FNDDS)
"Fruit juice drink, with high vitamin C",Survey (FNDDS)
"Fruit juice drink, with high vitamin C, light",Survey (FNDDS)
"Fruit juice smoothie, BOLTHOUSE FARMS, BERRY BOOST",SR Legacy
"Fruit juice smoothie, BOLTHOUSE FARMS, GREEN GOODNESS",SR Legacy
"Fruit juice smoothie, BOLTHOUSE FARMS, strawberry banana",SR Legacy
"Fruit juice smoothie, NAKED JUICE, BLUE MACHINE",SR Legacy
"Fruit juice smoothie, NAKED JUICE, GREEN MACHINE",SR Legacy
"Fruit juice smoothie, NAKED JUICE, MIGHTY MANGO",SR Legacy
"Fruit juice smoothie, NAKED JUICE, strawberry banana",SR Legacy
"Fruit juice smoothie, ODWALLA, ORIGINAL SUPERFOOD",SR Legacy
"Fruit juice smoothie, ODWALLA, strawberry banana",SR Legacy
"Fruit juice, acai blend",Survey (FNDDS)
"Fruit juice, NFS",Survey (FNDDS)
"Fruit mixture, frozen",Survey (FNDDS)
"Fruit nectar, NFS",Survey (FNDDS)
"Fruit punch, alcoholic",Survey (FNDDS)
"Fruit punch, made with fruit juice and soda",Survey (FNDDS)
"Fruit salad, (peach and pear and apricot and pineapple and cherry), canned, extra heavy syrup, solids and liquids",SR Legacy
"Fruit salad, (peach and pear and apricot and pineapple and cherry), canned, juice pack, solids and liquids",SR Legacy
"Fruit salad, (peach and pear and apricot and pineapple and cherry), canned, light syrup, solids and liquids",SR Legacy
"Fruit salad, (peach and pear and apricot and pineapple and cherry), canned, water pack, solids and liquids",SR Legacy
"Fruit salad, (pineapple and papaya and banana and guava), tropical, canned, heavy syrup, solids and liquids",SR Legacy
"Fruit salad, excluding citrus fruits, with marshmallows",Survey (FNDDS)
"Fruit salad, excluding citrus fruits, with nondairy whipped topping",Survey (FNDDS)
"Fruit salad, excluding citrus fruits, with pudding",Survey (FNDDS)
"Fruit salad, excluding citrus fruits, with salad dressing or mayonnaise",Survey (FNDDS)
"Fruit salad, excluding citrus fruits, with whipped cream",Survey (FNDDS)
"Fruit salad, fresh or raw, excluding citrus fruits, no dressing",Survey (FNDDS)
"Fruit salad, fresh or raw, including citrus fruits, no dressing",Survey (FNDDS)
"Fruit salad, including citrus fruit, with whipped cream",Survey (FNDDS)
"Fruit salad, including citrus fruits, with marshmallows",Survey (FNDDS)
"Fruit salad, including citrus fruits, with nondairy whipped topping",Survey (FNDDS)
"Fruit salad, including citrus fruits, with pudding",Survey (FNDDS)
"Fruit salad, including citrus fruits, with salad dressing or mayonnaise",Survey (FNDDS)
"Fruit smoothie juice drink, no dairy",Survey (FNDDS)
"Fruit smoothie juice drink, with dairy",Survey (FNDDS)
"Fruit smoothie, bottled",Survey (FNDDS)
"Fruit smoothie, light",Survey (FNDDS)
"Fruit smoothie, NFS",Survey (FNDDS)
"Fruit smoothie, with whole fruit and dairy",Survey (FNDDS)
"Fruit smoothie, with whole fruit and dairy, added protein",Survey (FNDDS)
"Fruit smoothie, with whole fruit, no dairy",Survey (FNDDS)
"Fruit smoothie, with whole fruit, no dairy, added protein",Survey (FNDDS)
"Fruit smoothie, with whole fruit, non-dairy",Survey (FNDDS)
Fruit syrup,SR Legacy
"Fruit, chocolate covered",Survey (FNDDS)
"Fruit, NFS",Survey (FNDDS)
"Fruit, pickled",Survey (FNDDS)
Fry sauce,Survey (FNDDS)
"Frybread, made with lard (Apache)",SR Legacy
"Frybread, made with lard (Navajo)",SR Legacy
Fudgesicle,Survey (FNDDS)
"Fudgesicle, light",Survey (FNDDS)
Fufu,Survey (FNDDS)
"Fungi, Cloud ears, dried",SR Legacy
Funnel cake with sugar,Survey (FNDDS)
Funnel cake with sugar and fruit,Survey (FNDDS)
Fuzzy Navel,Survey (FNDDS)
"Game meat , bison, ground, raw",SR Legacy
"Game meat , bison, top sirloin, separable lean only, 1"" steak, cooked, broiled",SR Legacy
"Game meat, antelope, cooked, roasted",SR Legacy
"Game meat, antelope, raw",SR Legacy
"Game meat, bear, cooked, simmered",SR Legacy
"Game meat, bear, raw",SR Legacy
"Game meat, beaver, cooked, roasted",SR Legacy
"Game meat, beaver, raw",SR Legacy
"Game meat, beefalo, composite of cuts, cooked, roasted",SR Legacy
"Game meat, beefalo, composite of cuts, raw",SR Legacy
"Game meat, bison, chuck, shoulder clod, separable lean only, cooked, braised",SR Legacy
"Game meat, bison, chuck, shoulder clod, separable lean only, raw",SR Legacy
"Game meat, bison, ground, cooked, pan-broiled",SR Legacy
"Game meat, bison, ribeye, separable lean only, 1"" steak, cooked, broiled",SR Legacy
"Game meat, bison, ribeye, separable lean only, trimmed to 0"" fat, raw",SR Legacy
"Game meat, bison, separable lean only, cooked, roasted",SR Legacy
"Game meat, bison, separable lean only, raw",SR Legacy
"Game meat, bison, shoulder clod, separable lean only, trimmed to 0"" fat, raw",SR Legacy
"Game meat, bison, top round, separable lean only, 1"" steak, cooked, broiled",SR Legacy
"Game meat, bison, top round, separable lean only, 1"" steak, raw",SR Legacy
"Game meat, bison, top sirloin, separable lean only, trimmed to 0"" fat, raw",SR Legacy
"Game meat, boar, wild, cooked, roasted",SR Legacy
"Game meat, boar, wild, raw",SR Legacy
"Game meat, buffalo, water, cooked, roasted",SR Legacy
"Game meat, buffalo, water, raw",SR Legacy
"Game meat, caribou, cooked, roasted",SR Legacy
"Game meat, caribou, raw",SR Legacy
"Game meat, deer, cooked, roasted",SR Legacy
"Game meat, deer, ground, cooked, pan-broiled",SR Legacy
"Game meat, deer, ground, raw",SR Legacy
"Game meat, deer, loin, separable lean only, 1"" steak, cooked, broiled",SR Legacy
"Game meat, deer, raw",SR Legacy
"Game meat, deer, shoulder clod, separable lean only, cooked, braised",SR Legacy
"Game meat, deer, tenderloin, separable lean only, cooked, broiled",SR Legacy
"Game meat, deer, top round, separable lean only, 1"" steak, cooked, broiled",SR Legacy
"Game meat, elk, cooked, roasted",SR Legacy
"Game meat, elk, ground, cooked, pan-broiled",SR Legacy
"Game meat, elk, ground, raw",SR Legacy
"Game meat, elk, loin, separable lean only, cooked, broiled",SR Legacy
"Game meat, elk, raw",SR Legacy
"Game meat, elk, round, separable lean only, cooked, broiled",SR Legacy
"Game meat, elk, tenderloin, separable lean only, cooked, broiled",SR Legacy
"Game meat, goat, cooked, roasted",SR Legacy
"Game meat, goat, raw",SR Legacy
"Game meat, horse, cooked, roasted",SR Legacy
"Game meat, horse, raw",SR Legacy
"Game meat, moose, cooked, roasted",SR Legacy
"Game meat, moose, raw",SR Legacy
"Game meat, muskrat, cooked, roasted",SR Legacy
"Game meat, muskrat, raw",SR Legacy
"Game meat, opossum, cooked, roasted",SR Legacy
"Game meat, rabbit, domesticated, composite of cuts, cooked, roasted",SR Legacy
"Game meat, rabbit, domesticated, composite of cuts, cooked, stewed",SR Legacy
"Game meat, rabbit, domesticated, composite of cuts, raw",SR Legacy
"Game meat, rabbit, wild, cooked, stewed",SR Legacy
"Game meat, rabbit, wild, raw",SR Legacy
"Game meat, raccoon, cooked, roasted",SR Legacy
"Game meat, squirrel, cooked, roasted",SR Legacy
"Game meat, squirrel, raw",SR Legacy
"Garlic bread, from fast food / restaurant",Survey (FNDDS)
"Garlic bread, from frozen",Survey (FNDDS)
"Garlic bread, frozen",SR Legacy
"Garlic bread, NFS",Survey (FNDDS)
"Garlic bread, with melted cheese, from fast food / restaurant",Survey (FNDDS)
"Garlic bread, with melted cheese, from frozen",Survey (FNDDS)
"Garlic bread, with parmesan cheese, from fast food / restaurant",Survey (FNDDS)
"Garlic bread, with parmesan cheese, from frozen",Survey (FNDDS)
Garlic sauce,Survey (FNDDS)
"Garlic, cooked",Survey (FNDDS)
"Garlic, raw",Survey (FNDDS)
"Garlic, raw",Foundation
"Garlic, raw",SR Legacy
Gefilte fish,Survey (FNDDS)
Gelatin dessert,Survey (FNDDS)
Gelatin dessert with fruit,Survey (FNDDS)
"Gelatin dessert, sugar free",Survey (FNDDS)
"Gelatin dessert, sugar free, with fruit",Survey (FNDDS)
"Gelatin desserts, dry mix",SR Legacy
"Gelatin desserts, dry mix, prepared with water",SR Legacy
"Gelatin desserts, dry mix, reduced calorie, with aspartame",SR Legacy
"Gelatin desserts, dry mix, reduced calorie, with aspartame, added phosphorus, potassium, sodium, vitamin C",SR Legacy
"Gelatin desserts, dry mix, reduced calorie, with aspartame, no added sodium",SR Legacy
"Gelatin desserts, dry mix, reduced calorie, with aspartame, prepared with water",SR Legacy
"Gelatin desserts, dry mix, with added ascorbic acid, sodium-citrate and salt",SR Legacy
Gelatin salad with vegetables,Survey (FNDDS)
"Gelatin shot, alcoholic",Survey (FNDDS)
"Gelatins, dry powder, unsweetened",SR Legacy
"Gelato, chocolate",Survey (FNDDS)
"Gelato, vanilla",Survey (FNDDS)
General Tso chicken,Survey (FNDDS)
"George Weston Bakeries, Brownberry Sage and Onion Stuffing Mix, dry",SR Legacy
"George Weston Bakeries, Thomas English Muffins",SR Legacy
"Ghee, clarified butter",Survey (FNDDS)
Gimlet,Survey (FNDDS)
Gin,Survey (FNDDS)
Gin and tonic,Survey (FNDDS)
Gin fizz,Survey (FNDDS)
"Ginger root, pickled",Survey (FNDDS)
"Ginger root, pickled, canned, with artificial sweetener",SR Legacy
"Ginger root, raw",SR Legacy
Gizzard,Survey (FNDDS)
Glug,Survey (FNDDS)
"Glutino, Gluten Free Cookies, Chocolate Vanilla Creme",SR Legacy
"Glutino, Gluten Free Cookies, Vanilla Creme",SR Legacy
"Glutino, Gluten Free Wafers, Lemon Flavored",SR Legacy
"Glutino, Gluten Free Wafers, Milk Chocolate",SR Legacy
"Gnocchi, cheese",Survey (FNDDS)
"Gnocchi, potato",Survey (FNDDS)
Goat,Survey (FNDDS)
Goat milk,Survey (FNDDS)
"Goji berries, dried",SR Legacy
"Goose egg, cooked",Survey (FNDDS)
"Goose, domesticated, meat and skin, cooked, roasted",SR Legacy
"Goose, domesticated, meat and skin, raw",SR Legacy
"Goose, domesticated, meat only, cooked, roasted",SR Legacy
"Goose, domesticated, meat only, raw",SR Legacy
"Goose, liver, raw",SR Legacy
"Goose, wild, roasted",Survey (FNDDS)
"Gooseberries, canned, light syrup pack, solids and liquids",SR Legacy
"Gooseberries, raw",SR Legacy
"Gordita, cheese only",Survey (FNDDS)
"Gordita, meat",Survey (FNDDS)
"Gordita, meat, with beans",Survey (FNDDS)
"Gordita, with beans",Survey (FNDDS)
"Gordita/sope shell, plain, no filling",Survey (FNDDS)
"Gourd, dishcloth (towelgourd), cooked, boiled, drained, with salt",SR Legacy
"Gourd, dishcloth (towelgourd), cooked, boiled, drained, without salt",SR Legacy
"Gourd, dishcloth (towelgourd), raw",SR Legacy
"Gourd, white-flowered (calabash), cooked, boiled, drained, with salt",SR Legacy
"Gourd, white-flowered (calabash), cooked, boiled, drained, without salt",SR Legacy
"Gourd, white-flowered (calabash), raw",SR Legacy
Graham crackers,Survey (FNDDS)
Graham crackers (Teddy Grahams),Survey (FNDDS)
"Graham crackers, chocolate covered",Survey (FNDDS)
"Graham crackers, reduced fat",Survey (FNDDS)
"Graham crackers, sandwich, with filling",Survey (FNDDS)
"Granola bar, soft, milk chocolate coated, peanut butter",SR Legacy
"Grape juice drink, light",Survey (FNDDS)
"Grape juice, 100%",Survey (FNDDS)
"Grape juice, 100%, with calcium added",Survey (FNDDS)
"Grape juice, canned or bottled, unsweetened, with added ascorbic acid",SR Legacy
"Grape juice, canned or bottled, unsweetened, with added ascorbic acid and calcium",SR Legacy
"Grape juice, canned or bottled, unsweetened, without added ascorbic acid",SR Legacy
"Grape juice, purple, with added vitamin C, from concentrate, shelf stable",Foundation
"Grape juice, white, with added vitamin C, from concentrate, shelf stable",Foundation
Grape leaves stuffed with rice,Survey (FNDDS)
"Grape leaves, canned",SR Legacy
"Grape leaves, raw",SR Legacy
"Grapefruit juice, 100%, canned, bottled or in a carton",Survey (FNDDS)
"Grapefruit juice, 100%, freshly squeezed",Survey (FNDDS)
"Grapefruit juice, 100%, NS as to form",Survey (FNDDS)
"Grapefruit juice, 100%, with calcium added",Survey (FNDDS)
"Grapefruit juice, pink or red, with added calcium",SR Legacy
"Grapefruit juice, pink, raw",SR Legacy
"Grapefruit juice, red, not fortified, not from concentrate, refrigerated",Foundation
"Grapefruit juice, white, bottled, unsweetened, OCEAN SPRAY",SR Legacy
"Grapefruit juice, white, canned or bottled, unsweetened",Foundation
"Grapefruit juice, white, canned or bottled, unsweetened",SR Legacy
"Grapefruit juice, white, canned, sweetened",SR Legacy
"Grapefruit juice, white, frozen concentrate, unsweetened, diluted with 3 volume water",SR Legacy
"Grapefruit juice, white, frozen concentrate, unsweetened, undiluted",SR Legacy
"Grapefruit juice, white, raw",SR Legacy
"Grapefruit, canned",Survey (FNDDS)
"Grapefruit, raw",Survey (FNDDS)
"Grapefruit, raw, pink and red and white, all areas",SR Legacy
"Grapefruit, raw, pink and red, all areas",SR Legacy
"Grapefruit, raw, pink and red, California and Arizona",SR Legacy
"Grapefruit, raw, pink and red, Florida",SR Legacy
"Grapefruit, raw, white, all areas",SR Legacy
"Grapefruit, raw, white, California",SR Legacy
"Grapefruit, raw, white, Florida",SR Legacy
"Grapefruit, sections, canned, juice pack, solids and liquids",SR Legacy
"Grapefruit, sections, canned, light syrup pack, solids and liquids",SR Legacy
"Grapefruit, sections, canned, water pack, solids and liquids",SR Legacy
"Grapes, american type (slip skin), raw",SR Legacy
"Grapes, canned, thompson seedless, heavy syrup pack, solids and liquids",SR Legacy
"Grapes, canned, thompson seedless, water pack, solids and liquids",SR Legacy
"Grapes, green, seedless, raw",Foundation
"Grapes, muscadine, raw",SR Legacy
"Grapes, raw",Survey (FNDDS)
"Grapes, red or green (European type, such as Thompson seedless), raw",SR Legacy
"Grapes, red, seedless, raw",Foundation
"Gravy, au jus, canned",SR Legacy
"Gravy, au jus, dry",SR Legacy
"Gravy, beef",Survey (FNDDS)
"Gravy, beef, canned, ready-to-serve",SR Legacy
"Gravy, beef, fat free",Survey (FNDDS)
"Gravy, brown instant, dry",SR Legacy
"Gravy, brown, dry",SR Legacy
"Gravy, CAMPBELL'S, chicken",SR Legacy
"Gravy, chicken, canned or bottled, ready-to-serve",SR Legacy
"Gravy, chicken, dry",SR Legacy
"Gravy, for use with vegetables",Survey (FNDDS)
"Gravy, HEINZ Home Style, classic chicken",SR Legacy
"Gravy, HEINZ Home Style, savory beef",SR Legacy
"Gravy, instant beef, dry",SR Legacy
"Gravy, instant turkey, dry",SR Legacy
"Gravy, made with soy sauce",Survey (FNDDS)
"Gravy, meat or poultry, low sodium, prepared",SR Legacy
"Gravy, mushroom, canned",SR Legacy
"Gravy, mushroom, dry, powder",SR Legacy
"Gravy, NFS",Survey (FNDDS)
"Gravy, onion, dry, mix",SR Legacy
"Gravy, pork, dry, powder",SR Legacy
"Gravy, poultry",Survey (FNDDS)
"Gravy, poultry, fat free",Survey (FNDDS)
"Gravy, turkey, canned, ready-to-serve",SR Legacy
"Gravy, turkey, dry",SR Legacy
"Gravy, unspecified type, dry",SR Legacy
"Gravy, vegetarian",Survey (FNDDS)
"Greek Salad, no dressing",Survey (FNDDS)
Green bean casserole,Survey (FNDDS)
"Green beans, canned, cooked with butter or margarine",Survey (FNDDS)
"Green beans, canned, cooked with oil",Survey (FNDDS)
"Green beans, canned, cooked, fat added, NS as to fat type",Survey (FNDDS)
"Green beans, canned, cooked, no added fat",Survey (FNDDS)
"Green beans, canned, reduced sodium, cooked with butter or margarine",Survey (FNDDS)
"Green beans, canned, reduced sodium, cooked with oil",Survey (FNDDS)
"Green beans, canned, reduced sodium, cooked, fat added, NS as to fat type",Survey (FNDDS)
"Green beans, canned, reduced sodium, cooked, no added fat",Survey (FNDDS)
"Green beans, cooked, as ingredient",Survey (FNDDS)
"Green beans, cooked, from restaurant",Survey (FNDDS)
"Green beans, cooked, Szechuan-style",Survey (FNDDS)
"Green beans, fresh, cooked with butter or margarine",Survey (FNDDS)
"Green beans, fresh, cooked with oil",Survey (FNDDS)
"Green beans, fresh, cooked, fat added, NS as to fat type",Survey (FNDDS)
"Green beans, fresh, cooked, no added fat",Survey (FNDDS)
"Green beans, frozen, cooked with butter or margarine",Survey (FNDDS)
"Green beans, frozen, cooked with oil",Survey (FNDDS)
"Green beans, frozen, cooked, fat added, NS as to fat type",Survey (FNDDS)
"Green beans, frozen, cooked, no added fat",Survey (FNDDS)
"Green beans, NS as to form, cooked",Survey (FNDDS)
"Green beans, pickled",Survey (FNDDS)
"Green beans, raw",Survey (FNDDS)
"Green onion, (scallion), bulb and greens, root removed, raw",Foundation
"Green peas, canned, cooked with butter or margarine",Survey (FNDDS)
"Green peas, canned, cooked with oil",Survey (FNDDS)
"Green peas, canned, cooked, fat added, NS as to fat type",Survey (FNDDS)
"Green peas, canned, cooked, no added fat",Survey (FNDDS)
"Green peas, canned, reduced sodium, cooked with butter or margarine",Survey (FNDDS)
"Green peas, canned, reduced sodium, cooked with oil",Survey (FNDDS)
"Green peas, canned, reduced sodium, cooked, fat added, NS as to fat type",Survey (FNDDS)
"Green peas, canned, reduced sodium, cooked, no added fat",Survey (FNDDS)
"Green peas, cooked, from restaurant",Survey (FNDDS)
"Green peas, fresh, cooked with butter or margarine",Survey (FNDDS)
"Green peas, fresh, cooked with oil",Survey (FNDDS)
"Green peas, fresh, cooked, fat added, NS as to fat type",Survey (FNDDS)
"Green peas, fresh, cooked, no added fat",Survey (FNDDS)
"Green peas, frozen, cooked with butter or margarine",Survey (FNDDS)
"Green peas, frozen, cooked with oil",Survey (FNDDS)
"Green peas, frozen, cooked, fat added, NS as to fat type",Survey (FNDDS)
"Green peas, frozen, cooked, no added fat",Survey (FNDDS)
"Green peas, NS as to form, cooked",Survey (FNDDS)
"Green peas, raw",Survey (FNDDS)
"Green pepper, cooked, as ingredient",Survey (FNDDS)
"Green plantain with cracklings, Puerto Rican style",Survey (FNDDS)
Greens with ham or pork,Survey (FNDDS)
"Greens, canned, cooked",Survey (FNDDS)
"Greens, fresh, cooked, fat added",Survey (FNDDS)
"Greens, fresh, cooked, no added fat",Survey (FNDDS)
"Greens, frozen, cooked, fat added",Survey (FNDDS)
"Greens, frozen, cooked, no added fat",Survey (FNDDS)
"Greens, NS as to form, cooked",Survey (FNDDS)
Greyhound,Survey (FNDDS)
"Grilled cheese sandwich, American cheese, on wheat bread",Survey (FNDDS)
"Grilled cheese sandwich, American cheese, on white bread",Survey (FNDDS)
"Grilled cheese sandwich, cheddar cheese, on wheat bread",Survey (FNDDS)
"Grilled cheese sandwich, cheddar cheese, on white bread",Survey (FNDDS)
"Grilled cheese sandwich, NFS",Survey (FNDDS)
"Grilled cheese sandwich, reduced fat cheese, on wheat bread",Survey (FNDDS)
"Grilled cheese sandwich, reduced fat cheese, on white bread",Survey (FNDDS)
"Grits, instant, made with water, fat added",Survey (FNDDS)
"Grits, instant, made with water, no added fat",Survey (FNDDS)
"Grits, instant, made with water, NS as to fat",Survey (FNDDS)
"Grits, NFS",Survey (FNDDS)
"Grits, regular or quick, made with water, fat added",Survey (FNDDS)
"Grits, regular or quick, made with water, no added fat",Survey (FNDDS)
"Grits, regular or quick, made with water, NS as to fat",Survey (FNDDS)
"Grits, with cheese, fat added",Survey (FNDDS)
"Grits, with cheese, no added fat",Survey (FNDDS)
"Grits, with cheese, NS as to fat",Survey (FNDDS)
"Groundcherries, (cape-gooseberries or poha), raw",SR Legacy
Groundhog,Survey (FNDDS)
Guacamole with tomatoes,Survey (FNDDS)
"Guacamole, NFS",Survey (FNDDS)
"Guanabana nectar, canned",SR Legacy
Guava nectar,Survey (FNDDS)
"Guava nectar, canned, with added ascorbic acid",SR Legacy
"Guava nectar, with sucralose, canned",SR Legacy
Guava paste,Survey (FNDDS)
"Guava sauce, cooked",SR Legacy
"Guava, raw",Survey (FNDDS)
"Guavas, common, raw",SR Legacy
"Guavas, strawberry, raw",SR Legacy
"Guinea hen, meat and skin, raw",SR Legacy
"Guinea hen, meat only, raw",SR Legacy
"Guisada, beef",Survey (FNDDS)
"Guisada, pork",Survey (FNDDS)
Gumbo with rice,Survey (FNDDS)
"Gumbo, no rice",Survey (FNDDS)
"Gums, seed gums (includes locust bean, guar)",SR Legacy
Gyro sandwich,Survey (FNDDS)
Ham,Survey (FNDDS)
Ham and cheese loaf or roll,SR Legacy
Ham and cheese spread,SR Legacy
Ham and noodles with cream or white sauce,Survey (FNDDS)
"Ham and noodles, no sauce",Survey (FNDDS)
Ham and rice with mushroom sauce,Survey (FNDDS)
"Ham and vegetables excluding carrots, broccoli, and dark-green leafy; no potatoes, no sauce",Survey (FNDDS)
"Ham and vegetables including carrots broccoli, and/or dark- green leafy; no potatoes, no sauce",Survey (FNDDS)
Ham biscuit sandwich,Survey (FNDDS)
Ham croquette,Survey (FNDDS)
"Ham luncheon meat, loaf type",Survey (FNDDS)
Ham or pork and potatoes with cheese sauce,Survey (FNDDS)
Ham or pork and potatoes with gravy,Survey (FNDDS)
"Ham or pork and rice, no sauce",Survey (FNDDS)
Ham or pork salad,Survey (FNDDS)
Ham or pork with gravy,Survey (FNDDS)
Ham or pork with mushroom sauce,Survey (FNDDS)
Ham or pork with stuffing,Survey (FNDDS)
Ham or pork with tomato-based sauce,Survey (FNDDS)
"Ham or pork, noodles and vegetables excluding carrots, broccoli, and dark-green leafy; cheese sauce",Survey (FNDDS)
"Ham or pork, noodles and vegetables excluding carrots, broccoli, and dark-green leafy; no sauce",Survey (FNDDS)
"Ham or pork, noodles, and vegetables including carrots, broccoli, and/or dark-green leafy; no sauce",Survey (FNDDS)
"Ham or pork, noodles, and vegetables including carrots, broccoli, and/or dark-green leafy; tomato-based sauce",Survey (FNDDS)
Ham salad sandwich on wheat,Survey (FNDDS)
Ham salad sandwich on white,Survey (FNDDS)
Ham salad spread,SR Legacy
Ham salad spread,Survey (FNDDS)
Ham sandwich on wheat,Survey (FNDDS)
"Ham sandwich on wheat, with cheese",Survey (FNDDS)
Ham sandwich on white,Survey (FNDDS)
"Ham sandwich on white, with cheese",Survey (FNDDS)
"Ham sandwich or sub, restaurant",Survey (FNDDS)
"Ham sandwich or sub, with cheese, restaurant",Survey (FNDDS)
Ham sandwich wrap,Survey (FNDDS)
Ham stroganoff,Survey (FNDDS)
"Ham, canned",Survey (FNDDS)
"Ham, chopped, canned",SR Legacy
"Ham, chopped, not canned",SR Legacy
"Ham, for use with vegetables",Survey (FNDDS)
"Ham, ground",Survey (FNDDS)
"Ham, honey, smoked, cooked",SR Legacy
"Ham, minced",SR Legacy
"Ham, potatoes, and vegetables excluding carrots, broccoli, and dark-green leafy; no sauce",Survey (FNDDS)
"Ham, potatoes, and vegetables including carrots, broccoli, and/or dark-green leafy; no sauce",Survey (FNDDS)
"Ham, prepackaged or deli, luncheon meat",Survey (FNDDS)
"Ham, prepackaged or deli, luncheon meat, reduced sodium",Survey (FNDDS)
"Ham, prosciutto",Survey (FNDDS)
"Ham, sliced, pre-packaged, deli meat (96%fat free, water added)",SR Legacy
"Ham, sliced, pre-packaged, deli meat (96%fat free, water added)",Foundation
"Ham, sliced, regular (approximately 11% fat)",SR Legacy
"Ham, sliced, restaurant",Foundation
"Ham, smoked, extra lean, low sodium",SR Legacy
"Ham, turkey, sliced, extra lean, prepackaged or deli",SR Legacy
Hamburger (Burger King),Survey (FNDDS)
Hamburger (McDonalds),Survey (FNDDS)
Hamburger slider,Survey (FNDDS)
"Hamburger slider, from fast food",Survey (FNDDS)
"Hamburger wrap sandwich, from fast food",Survey (FNDDS)
"Hamburger, from fast food, 1 large patty",Survey (FNDDS)
"Hamburger, from fast food, 1 medium patty",Survey (FNDDS)
"Hamburger, from fast food, 1 small patty",Survey (FNDDS)
"Hamburger, from school cafeteria",Survey (FNDDS)
"Hamburger, NFS",Survey (FNDDS)
"Hamburger, on wheat bun, 1 large patty",Survey (FNDDS)
"Hamburger, on wheat bun, 1 medium patty",Survey (FNDDS)
"Hamburger, on wheat bun, 1 small patty",Survey (FNDDS)
"Hamburger, on white bun, 1 large patty",Survey (FNDDS)
"Hamburger, on white bun, 1 medium patty",Survey (FNDDS)
"Hamburger, on white bun, 1 small patty",Survey (FNDDS)
Hard cider,Survey (FNDDS)
Hard seltzer,Survey (FNDDS)
"Hash, NS as to type of meat",Survey (FNDDS)
Haupia,Survey (FNDDS)
"Hayacas, Puerto Rican style",Survey (FNDDS)
Hazelnuts,Survey (FNDDS)
"Hazelnuts, beaked (Northern Plains Indians)",SR Legacy
Head cheese,Survey (FNDDS)
"Headcheese, pork",SR Legacy
Heart,Survey (FNDDS)
"Hearts of palm, canned",SR Legacy
"Hearts of palm, raw",SR Legacy
"Heinz, Weight Watcher, Chocolate Eclair, frozen",SR Legacy
Hog maws,Survey (FNDDS)
Hoisin sauce,Survey (FNDDS)
Hollandaise sauce,Survey (FNDDS)
"Hominy, canned, white",SR Legacy
"Hominy, canned, yellow",SR Legacy
"Hominy, cooked",Survey (FNDDS)
Honey,SR Legacy
Honey,Survey (FNDDS)
Honey butter,Survey (FNDDS)
Honey mustard dip,Survey (FNDDS)
Honey mustard dressing,Survey (FNDDS)
"Honey mustard dressing, fat free",Survey (FNDDS)
"Honey mustard dressing, light",Survey (FNDDS)
"Honey roll sausage, beef",SR Legacy
"Honeydew melon, raw",Survey (FNDDS)
"Horchata, made with milk",Survey (FNDDS)
"Horchata, made with water",Survey (FNDDS)
"HORMEL ALWAYS TENDER, Boneless Pork Loin, Fresh Pork",SR Legacy
"HORMEL ALWAYS TENDER, Center Cut Chops, Fresh Pork",SR Legacy
"HORMEL ALWAYS TENDER, Pork Loin Filets, Lemon Garlic-Flavored",SR Legacy
"HORMEL ALWAYS TENDER, Pork Tenderloin, Peppercorn-Flavored",SR Legacy
"HORMEL ALWAYS TENDER, Pork Tenderloin, Teriyaki-Flavored",SR Legacy
HORMEL Canadian Style Bacon,SR Legacy
Hormel Pillow Pak Sliced Turkey Pepperoni,SR Legacy
"HORMEL, Cure 81 Ham",SR Legacy
Horned melon (Kiwano),SR Legacy
Horseradish,Survey (FNDDS)
Horseradish sauce,Survey (FNDDS)
"Horseradish, prepared",SR Legacy
"Hot chocolate / cocoa, dry mix , made with non-dairy milk",Survey (FNDDS)
"Hot chocolate / cocoa, dry mix, made with lowfat (1%) or fat free (skim) milk",Survey (FNDDS)
"Hot chocolate / cocoa, dry mix, made with water",Survey (FNDDS)
"Hot chocolate / cocoa, dry mix, made with water, with whipped cream",Survey (FNDDS)
"Hot chocolate / cocoa, dry mix, made with whole or reduced fat (2%) milk",Survey (FNDDS)
"Hot chocolate / cocoa, dry mix, reduced sugar, made with lowfat (1%) or fat free (skim) milk",Survey (FNDDS)
"Hot chocolate / cocoa, dry mix, reduced sugar, made with non-dairy milk",Survey (FNDDS)
"Hot chocolate / cocoa, dry mix, reduced sugar, made with water",Survey (FNDDS)
"Hot chocolate / cocoa, dry mix, reduced sugar, made with whole or reduced fat (2%) milk",Survey (FNDDS)
"Hot chocolate / cocoa, made with lowfat (1%) or fat free (skim) milk",Survey (FNDDS)
"Hot chocolate / cocoa, made with non-dairy milk",Survey (FNDDS)
"Hot chocolate / cocoa, made with whole or reduced fat (2%) milk",Survey (FNDDS)
"Hot chocolate / cocoa, NFS",Survey (FNDDS)
"Hot chocolate / cocoa, reduced sugar, made with lowfat (1%) or fat free (skim) milk",Survey (FNDDS)
"Hot chocolate / cocoa, reduced sugar, made with non-dairy milk",Survey (FNDDS)
"Hot chocolate / cocoa, reduced sugar, made with whole or reduced fat (2%) milk",Survey (FNDDS)
"Hot chocolate / cocoa, with whipped cream",Survey (FNDDS)
"Hot dog sandwich, beef, on wheat bread",Survey (FNDDS)
"Hot dog sandwich, beef, on wheat bun",Survey (FNDDS)
"Hot dog sandwich, beef, on white bread",Survey (FNDDS)
"Hot dog sandwich, beef, on white bun",Survey (FNDDS)
"Hot dog sandwich, meat and poultry, on wheat bread",Survey (FNDDS)
"Hot dog sandwich, meat and poultry, on wheat bun",Survey (FNDDS)
"Hot dog sandwich, meat and poultry, on white bread",Survey (FNDDS)
"Hot dog sandwich, meat and poultry, on white bun",Survey (FNDDS)
"Hot dog sandwich, NFS, on wheat bread",Survey (FNDDS)
"Hot dog sandwich, NFS, on wheat bun",Survey (FNDDS)
"Hot dog sandwich, NFS, on white bread",Survey (FNDDS)
"Hot dog sandwich, NFS, on white bun",Survey (FNDDS)
"Hot dog sandwich, reduced fat, on wheat bread",Survey (FNDDS)
"Hot dog sandwich, reduced fat, on wheat bun",Survey (FNDDS)
"Hot dog sandwich, reduced fat, on white bread",Survey (FNDDS)
"Hot dog sandwich, reduced fat, on white bun",Survey (FNDDS)
"Hot dog sandwich, turkey, on wheat bread",Survey (FNDDS)
"Hot dog sandwich, turkey, on wheat bun",Survey (FNDDS)
"Hot dog sandwich, turkey, on white bread",Survey (FNDDS)
"Hot dog sandwich, turkey, on white bun",Survey (FNDDS)
"Hot dog sandwich, vegetarian, on bread",Survey (FNDDS)
"Hot dog sandwich, vegetarian, on bun",Survey (FNDDS)
"Hot dog, beef",Survey (FNDDS)
"Hot dog, meat and poultry",Survey (FNDDS)
"Hot dog, NFS",Survey (FNDDS)
"Hot dog, reduced fat",Survey (FNDDS)
"Hot dog, turkey",Survey (FNDDS)
"Hot dog, vegetarian",Survey (FNDDS)
Hot pepper sauce,Survey (FNDDS)
"HOT POCKETS Ham 'N Cheese Stuffed Sandwich, frozen",SR Legacy
"HOT POCKETS, CROISSANT POCKETS Chicken, Broccoli, and Cheddar Stuffed Sandwich, frozen",SR Legacy
"HOT POCKETS, meatballs & mozzarella stuffed sandwich, frozen",SR Legacy
Hot Thai sauce,Survey (FNDDS)
HOUSE FOODS Premium Firm Tofu,SR Legacy
HOUSE FOODS Premium Soft Tofu,SR Legacy
"Huckleberries, raw (Alaska Native)",SR Legacy
Huevos rancheros,Survey (FNDDS)
"Hummus, commercial",SR Legacy
"Hummus, commercial",Foundation
"Hummus, flavored",Survey (FNDDS)
"Hummus, home prepared",SR Legacy
"Hummus, plain",Survey (FNDDS)
Hunan beef,Survey (FNDDS)
"HUNGRY MAN, Salisbury Steak With Gravy, frozen, unprepared",SR Legacy
"Hush puppies, prepared from recipe",SR Legacy
Hush puppy,Survey (FNDDS)
"Hyacinth beans, mature seeds, cooked, boiled, with salt",SR Legacy
"Hyacinth beans, mature seeds, cooked, boiled, without salt",SR Legacy
"Hyacinth beans, mature seeds, raw",SR Legacy
"Hyacinth-beans, immature seeds, cooked, boiled, drained, with salt",SR Legacy
"Hyacinth-beans, immature seeds, cooked, boiled, drained, without salt",SR Legacy
"Hyacinth-beans, immature seeds, raw",SR Legacy
"Ice cream bar, chocolate",Survey (FNDDS)
"Ice cream bar, covered with chocolate and nuts",SR Legacy
"Ice cream bar, stick or nugget, with crunch coating",SR Legacy
"Ice cream bar, vanilla",Survey (FNDDS)
"Ice cream bar, vanilla, chocolate coated",Survey (FNDDS)
Ice cream cake,Survey (FNDDS)
Ice cream candy bar,Survey (FNDDS)
"Ice cream cone, chocolate covered, with nuts, flavors other than chocolate",SR Legacy
"Ice cream cone, chocolate, prepackaged",Survey (FNDDS)
"Ice cream cone, NFS",Survey (FNDDS)
"Ice cream cone, scooped, chocolate",Survey (FNDDS)
"Ice cream cone, scooped, chocolate, waffle cone",Survey (FNDDS)
"Ice cream cone, scooped, vanilla",Survey (FNDDS)
"Ice cream cone, scooped, vanilla, waffle cone",Survey (FNDDS)
"Ice cream cone, soft serve, chocolate",Survey (FNDDS)
"Ice cream cone, soft serve, chocolate, waffle cone",Survey (FNDDS)
"Ice cream cone, soft serve, vanilla",Survey (FNDDS)
"Ice cream cone, soft serve, vanilla, waffle cone",Survey (FNDDS)
"Ice cream cone, vanilla, prepackaged",Survey (FNDDS)
"Ice cream cones, cake or wafer-type",SR Legacy
"Ice cream cones, sugar, rolled-type",SR Legacy
Ice cream cookie sandwich,Survey (FNDDS)
Ice cream cookie sandwich,SR Legacy
Ice cream sandwich,SR Legacy
"Ice cream sandwich, chocolate",Survey (FNDDS)
"Ice cream sandwich, made with light ice cream, vanilla",SR Legacy
"Ice cream sandwich, vanilla",Survey (FNDDS)
"Ice cream sandwich, vanilla, light, no sugar added",SR Legacy
"Ice cream soda, chocolate",Survey (FNDDS)
"Ice cream soda, flavors other than chocolate",Survey (FNDDS)
Ice cream sundae cone,SR Legacy
"Ice cream sundae, caramel topping",Survey (FNDDS)
"Ice cream sundae, fruit topping",Survey (FNDDS)
"Ice cream sundae, hot fudge topping",Survey (FNDDS)
"Ice cream sundae, NFS",Survey (FNDDS)
"Ice cream, bar or stick, chocolate covered",SR Legacy
"Ice cream, chocolate",Survey (FNDDS)
"Ice cream, chocolate, with additional ingredients",Survey (FNDDS)
"Ice cream, fried",Survey (FNDDS)
"Ice cream, light, soft serve, chocolate",SR Legacy
"Ice cream, lowfat, no sugar added, cone, added peanuts and chocolate sauce",SR Legacy
"Ice cream, NFS",Survey (FNDDS)
"Ice cream, soft serve, chocolate",Survey (FNDDS)
"Ice cream, soft serve, chocolate",SR Legacy
"Ice cream, soft serve, vanilla",Survey (FNDDS)
"Ice cream, vanilla",Survey (FNDDS)
"Ice cream, vanilla, with additional ingredients",Survey (FNDDS)
"Ice creams, BREYERS, 98% Fat Free Chocolate",SR Legacy
"Ice creams, BREYERS, 98% Fat Free Vanilla",SR Legacy
"Ice creams, BREYERS, All Natural Light French Chocolate",SR Legacy
"Ice creams, BREYERS, All Natural Light French Vanilla",SR Legacy
"Ice creams, BREYERS, All Natural Light Mint Chocolate Chip",SR Legacy
"Ice creams, BREYERS, All Natural Light Vanilla",SR Legacy
"Ice creams, BREYERS, All Natural Light Vanilla Chocolate Strawberry",SR Legacy
"Ice creams, BREYERS, No Sugar Added, Butter Pecan",SR Legacy
"Ice creams, BREYERS, No Sugar Added, Chocolate Caramel",SR Legacy
"Ice creams, BREYERS, No Sugar Added, French Vanilla",SR Legacy
"Ice creams, BREYERS, No Sugar Added, Vanilla",SR Legacy
"Ice creams, BREYERS, No Sugar Added, Vanilla Chocolate Strawberry",SR Legacy
"Ice creams, BREYERS, No Sugar Added, Vanilla Fudge Twirl",SR Legacy
"Ice creams, chocolate",SR Legacy
"Ice creams, chocolate, light",SR Legacy
"Ice creams, chocolate, light, no sugar added",SR Legacy
"Ice creams, chocolate, rich",SR Legacy
"Ice creams, french vanilla, soft-serve",SR Legacy
"Ice creams, regular, low carbohydrate, chocolate",SR Legacy
"Ice creams, regular, low carbohydrate, vanilla",SR Legacy
"Ice creams, strawberry",SR Legacy
"Ice creams, vanilla",SR Legacy
"Ice creams, vanilla, fat free",SR Legacy
"Ice creams, vanilla, light",SR Legacy
"Ice creams, vanilla, light, no sugar added",SR Legacy
"Ice creams, vanilla, light, soft-serve",SR Legacy
"Ice creams, vanilla, rich",SR Legacy
"Iced Coffee, brewed",Survey (FNDDS)
"Iced Coffee, brewed, decaffeinated",Survey (FNDDS)
"Iced Coffee, pre-lightened and pre-sweetened",Survey (FNDDS)
Iced Tea / Lemonade juice drink,Survey (FNDDS)
"Iced Tea / Lemonade juice drink, diet",Survey (FNDDS)
"Iced Tea / Lemonade juice drink, light",Survey (FNDDS)
"Icing, chocolate",Survey (FNDDS)
"Icing, white",Survey (FNDDS)
Idli,Survey (FNDDS)
Imitation cheese,Survey (FNDDS)
"Imitation cheese, american or cheddar, low cholesterol",SR Legacy
Imitation crab meat,Survey (FNDDS)
"Incaparina, dry mix (corn and soy flours), unprepared",SR Legacy
Industrial oil as ingredient in food,Survey (FNDDS)
"Infant formula, ABBOTT NUTRITION, ALIMENTUM ADVANCE, with iron, powder, not reconstituted, with DHA and ARA",SR Legacy
"Infant formula, ABBOTT NUTRITION, SIMILAC NEOSURE, ready-to-feed, with ARA and DHA",SR Legacy
"Infant formula, ABBOTT NUTRITION, SIMILAC, ADVANCE, with iron, liquid concentrate, not reconstituted",SR Legacy
"Infant formula, ABBOTT NUTRITION, SIMILAC, ADVANCE, with iron, powder, not reconstituted",SR Legacy
"Infant formula, ABBOTT NUTRITION, SIMILAC, ADVANCE, with iron, ready-to-feed",SR Legacy
"Infant formula, ABBOTT NUTRITION, SIMILAC, ALIMENTUM, ADVANCE, ready-to-feed, with ARA and DHA",SR Legacy
"Infant formula, ABBOTT NUTRITION, SIMILAC, ALIMENTUM, with iron, ready-to-feed",SR Legacy
"Infant formula, ABBOTT NUTRITION, SIMILAC, Expert Care, Diarrhea, ready- to- feed with ARA and DHA",SR Legacy
"Infant formula, ABBOTT NUTRITION, SIMILAC, For Spit Up, powder, with ARA and DHA",SR Legacy
"Infant formula, ABBOTT NUTRITION, SIMILAC, For Spit Up, ready-to-feed, with ARA and DHA",SR Legacy
"Infant formula, ABBOTT NUTRITION, SIMILAC, GO AND GROW, powder, with ARA and DHA",SR Legacy
"Infant formula, ABBOTT NUTRITION, SIMILAC, GO AND GROW, ready-to-feed, with ARA and DHA",SR Legacy
"Infant formula, ABBOTT NUTRITION, SIMILAC, ISOMIL, ADVANCE with iron, liquid concentrate",SR Legacy
"Infant formula, ABBOTT NUTRITION, SIMILAC, ISOMIL, ADVANCE with iron, powder, not reconstituted",SR Legacy
"Infant formula, ABBOTT NUTRITION, SIMILAC, ISOMIL, ADVANCE with iron, ready-to-feed",SR Legacy
"Infant formula, ABBOTT NUTRITION, SIMILAC, ISOMIL, with iron, liquid concentrate",SR Legacy
"Infant formula, ABBOTT NUTRITION, SIMILAC, ISOMIL, with iron, powder, not reconstituted",SR Legacy
"Infant formula, ABBOTT NUTRITION, SIMILAC, ISOMIL, with iron, ready-to-feed",SR Legacy
"Infant formula, ABBOTT NUTRITION, SIMILAC, NEOSURE, powder, with ARA and DHA",SR Legacy
"Infant formula, ABBOTT NUTRITION, SIMILAC, PM 60/40, powder not reconstituted",SR Legacy
"Infant formula, ABBOTT NUTRITION, SIMILAC, SENSITIVE (LACTOSE FREE) ready-to-feed, with ARA and DHA",SR Legacy
"Infant formula, ABBOTT NUTRITION, SIMILAC, SENSITIVE, (LACTOSE FREE), liquid concentrate, with ARA and DHA",SR Legacy
"Infant formula, ABBOTT NUTRITION, SIMILAC, SENSITIVE, (LACTOSE FREE), powder, with ARA and DHA",SR Legacy
"Infant formula, ABBOTT NUTRITION, SIMILAC, with iron, liquid concentrate, not reconstituted",SR Legacy
"Infant formula, ABBOTT NUTRITION, SIMILAC, with iron, powder, not reconstituted",SR Legacy
"Infant formula, amino acids",Survey (FNDDS)
"Infant formula, Enfamil AR, powder, made with water",Survey (FNDDS)
"Infant formula, Enfamil AR, ready-to-feed",Survey (FNDDS)
"Infant formula, Enfamil Gentlease, powder, made with baby water",Survey (FNDDS)
"Infant formula, Enfamil Gentlease, powder, made with bottled water",Survey (FNDDS)
"Infant formula, Enfamil Gentlease, powder, made with tap water",Survey (FNDDS)
"Infant formula, Enfamil Gentlease, ready-to-feed",Survey (FNDDS)
"Infant formula, Enfamil Infant, powder, made with baby water",Survey (FNDDS)
"Infant formula, Enfamil Infant, powder, made with bottled water",Survey (FNDDS)
"Infant formula, Enfamil Infant, powder, made with tap water",Survey (FNDDS)
"Infant formula, Enfamil Infant, ready-to-feed",Survey (FNDDS)
"Infant formula, Enfamil Nutramigen, powder, made with water",Survey (FNDDS)
"Infant formula, Enfamil Nutramigen, ready-to-feed",Survey (FNDDS)
"Infant formula, Enfamil Pregestimil, powder, made with water",Survey (FNDDS)
"Infant formula, Enfamil Pregestimil, ready-to-feed",Survey (FNDDS)
"Infant formula, Enfamil ProSobee, powder, made with baby water",Survey (FNDDS)
"Infant formula, Enfamil ProSobee, powder, made with bottled water",Survey (FNDDS)
"Infant formula, Enfamil ProSobee, powder, made with tap water",Survey (FNDDS)
"Infant formula, Enfamil ProSobee, ready-to-feed",Survey (FNDDS)
"Infant formula, Enfamil, NFS",Survey (FNDDS)
"Infant Formula, GERBER GOOD START 2, GENTLE PLUS, powder",SR Legacy
"Infant Formula, GERBER GOOD START 2, GENTLE PLUS, ready-to-feed",SR Legacy
"Infant formula, Gerber Good Start Gentle, Stage 1, powder, made with baby water",Survey (FNDDS)
"Infant formula, Gerber Good Start Gentle, Stage 1, powder, made with bottled water",Survey (FNDDS)
"Infant formula, Gerber Good Start Gentle, Stage 1, powder, made with tap water",Survey (FNDDS)
"Infant formula, Gerber Good Start Gentle, Stage 1, ready-to-feed",Survey (FNDDS)
"Infant formula, Gerber Good Start Gentle, Stage 2",Survey (FNDDS)
"Infant formula, Gerber Good Start Soy, Stage 1, powder, made with baby water",Survey (FNDDS)
"Infant formula, Gerber Good Start Soy, Stage 1, powder, made with bottled water",Survey (FNDDS)
"Infant formula, Gerber Good Start Soy, Stage 1, powder, made with tap water",Survey (FNDDS)
"Infant formula, Gerber Good Start Soy, Stage 1, ready-to-feed",Survey (FNDDS)
"Infant formula, GERBER, GOOD START 2 SOY, with iron, powder",SR Legacy
"Infant formula, GERBER, GOOD START 2 Soy, with iron, ready-to-feed",SR Legacy
"Infant formula, GERBER, GOOD START 2, PROTECT PLUS, powder",SR Legacy
"Infant formula, GERBER, GOOD START 2, PROTECT PLUS, ready-to-feed",SR Legacy
"Infant formula, GERBER, GOOD START, PROTECT PLUS, powder",SR Legacy
"Infant formula, GERBER, GOOD START, PROTECT PLUS, ready-to-feed",SR Legacy
"Infant formula, Gerber, NFS",Survey (FNDDS)
"Infant formula, low iron",Survey (FNDDS)
"Infant formula, MEAD JOHNSON, Enfamil 24, ready to feed, with ARA and DHA",SR Legacy
"Infant formula, MEAD JOHNSON, Enfamil Enspire Powder, with ARA and DHA, not reconstituted",SR Legacy
"Infant formula, MEAD JOHNSON, Enfamil for Supplementing, powder, with ARA and DHA, not reconstituted",SR Legacy
"Infant formula, MEAD JOHNSON, Enfamil for Supplementing, ready to feed, with ARA and DHA",SR Legacy
"Infant Formula, MEAD JOHNSON, ENFAMIL GENTLEASE, with iron, prepared from powder",SR Legacy
"Infant formula, MEAD JOHNSON, ENFAMIL LIPIL, with iron, ready-to-feed, with ARA and DHA",SR Legacy
"Infant formula, MEAD JOHNSON, Enfamil Premature 30 Calories, ready to feed, with ARA and DHA",SR Legacy
"Infant formula, MEAD JOHNSON, Enfamil Premature High Protein 24 Calories, ready to feed, with ARA and DHA",SR Legacy
"Infant formula, MEAD JOHNSON, Enfamil Reguline Powder, with ARA and DHA, not reconstituted",SR Legacy
"Infant formula, MEAD JOHNSON, Enfamil Reguline, ready to feed, with ARA and DHA",SR Legacy
"Infant formula, MEAD JOHNSON, ENFAMIL, AR, powder, with ARA and DHA",SR Legacy
"Infant formula, MEAD JOHNSON, ENFAMIL, AR, ready-to-feed, with ARA and DHA",SR Legacy
"Infant Formula, MEAD JOHNSON, ENFAMIL, ENFACARE, ready-to-feed, with ARA and DHA",SR Legacy
"Infant formula, MEAD JOHNSON, ENFAMIL, ENFACARE, with iron, powder, with ARA and DHA",SR Legacy
"Infant formula, MEAD JOHNSON, ENFAMIL, ENFAGROW, GENTLEASE, Toddler transitions, with ARA and DHA, powder",SR Legacy
"Infant formula, MEAD JOHNSON, ENFAMIL, Enfagrow, Soy, Toddler ready-to-feed",SR Legacy
"Infant formula, MEAD JOHNSON, ENFAMIL, ENFAGROW, Soy, Toddler transitions, with ARA and DHA,  powder",SR Legacy
"Infant Formula, MEAD JOHNSON, ENFAMIL, GENTLEASE, with ARA and DHA powder not reconstituted",SR Legacy
"Infant formula, MEAD JOHNSON, ENFAMIL, Infant, ready-to-feed, with ARA and DHA",SR Legacy
"Infant formula, MEAD JOHNSON, ENFAMIL, Infant, with iron, liquid concentrate, with ARA and DHA, reconstituted",SR Legacy
"Infant formula, MEAD JOHNSON, ENFAMIL, Infant, with iron, powder, with ARA and DHA",SR Legacy
"Infant formula, MEAD JOHNSON, ENFAMIL, LIPIL, low iron, liquid concentrate, with ARA and DHA",SR Legacy
"Infant formula, MEAD JOHNSON, ENFAMIL, LIPIL, low iron, ready to feed, with ARA and DHA",SR Legacy
"Infant Formula, MEAD JOHNSON, ENFAMIL, Newborn, with ARA and DHA, powder",SR Legacy
"Infant Formula, MEAD JOHNSON, ENFAMIL, Newborn, with DHA and ARA, ready-to-feed",SR Legacy
"Infant formula, MEAD JOHNSON, ENFAMIL, NUTRAMIGEN AA, ready-to-feed",SR Legacy
"Infant formula, MEAD JOHNSON, ENFAMIL, NUTRAMIGEN WITH LGG, with iron, powder, not reconstituted, with ARA and DHA",SR Legacy
"Infant formula, MEAD JOHNSON, ENFAMIL, NUTRAMIGEN, PurAmino, powder, not reconstituted",SR Legacy
"Infant formula, MEAD JOHNSON, ENFAMIL, NUTRAMIGEN, with iron, liquid concentrate not reconstituted, with ARA and DHA",SR Legacy
"Infant formula, MEAD JOHNSON, ENFAMIL, NUTRAMIGEN, with iron, ready-to-feed, with ARA and DHA",SR Legacy
"Infant formula, MEAD JOHNSON, ENFAMIL, Premature, 20 calories ready-to-feed Low iron",SR Legacy
"Infant formula, MEAD JOHNSON, ENFAMIL, Premature, 24 calories ready-to-feed Low iron",SR Legacy
"Infant formula, MEAD JOHNSON, ENFAMIL, Premature, with iron, 20 calories, ready-to-feed",SR Legacy
"Infant formula, MEAD JOHNSON, ENFAMIL, Premature, with iron, 24 calories, ready-to-feed",SR Legacy
"Infant Formula, MEAD JOHNSON, ENFAMIL, Premium LIPIL, Infant, Liquid concentrate, not reconstituted",SR Legacy
"Infant Formula, MEAD JOHNSON, ENFAMIL, Premium LIPIL, Infant, powder",SR Legacy
"Infant Formula, MEAD JOHNSON, ENFAMIL, Premium, Infant, Liquid concentrate, not reconstituted",SR Legacy
"Infant Formula, MEAD JOHNSON, ENFAMIL, Premium, Infant, powder",SR Legacy
"Infant Formula, MEAD JOHNSON, ENFAMIL, Premium, Infant, ready-to-feed",SR Legacy
"Infant formula, MEAD JOHNSON, ENFAMIL, PROSOBEE, liquid concentrate, reconstituted, with ARA and DHA",SR Legacy
"Infant formula, MEAD JOHNSON, ENFAMIL, PROSOBEE, with iron, powder, not reconstituted, with ARA and DHA",SR Legacy
"Infant formula, MEAD JOHNSON, ENFAMIL, with iron, powder",SR Legacy
"Infant formula, MEAD JOHNSON, Gentlease, ready to feed, with ARA and DHA",SR Legacy
"Infant formula, MEAD JOHNSON, NEXT STEP PROSOBEE, powder, not reconstituted",SR Legacy
"Infant formula, MEAD JOHNSON, NEXT STEP, PROSOBEE LIPIL, powder, with ARA and DHA",SR Legacy
"Infant formula, MEAD JOHNSON, NEXT STEP, PROSOBEE, LIPIL, ready to feed, with ARA and DHA",SR Legacy
"Infant formula, MEAD JOHNSON, Pregestimil 20 Calories, ready to feed, with ARA and DHA",SR Legacy
"Infant formula, MEAD JOHNSON, Pregestimil 24 Calories, ready to feed, with ARA and DHA",SR Legacy
"Infant formula, MEAD JOHNSON, PREGESTIMIL, with iron, powder, with ARA and DHA, not reconstituted",SR Legacy
"Infant formula, MEAD JOHNSON, PREGESTIMIL, with iron, with ARA and DHA, prepared from powder",SR Legacy
"Infant formula, MEAD JOHNSON, PROSOBEE, with iron, ready to feed, with ARA and DHA",SR Legacy
"Infant formula, MEAD JOHNSON, PROSOBEE, with iron, ready-to-feed",SR Legacy
"Infant formula, MEAD JOHNSON,NEXT STEP PROSOBEE, prepared from powder",SR Legacy
"Infant formula, NESTLE, GOOD START ESSENTIALS SOY, with iron, powder",SR Legacy
"Infant formula, NESTLE, GOOD START SOY, with ARA and DHA, powder",SR Legacy
"Infant formula, NESTLE, GOOD START SOY, with DHA and ARA, liquid concentrate",SR Legacy
"Infant formula, NESTLE, GOOD START SOY, with DHA and ARA, ready-to-feed",SR Legacy
"Infant formula, NESTLE, GOOD START SUPREME, with iron, DHA and ARA, prepared from liquid concentrate",SR Legacy
"Infant formula, NESTLE, GOOD START SUPREME, with iron, DHA and ARA, ready-to-feed",SR Legacy
"Infant formula, NESTLE, GOOD START SUPREME, with iron, liquid concentrate, not reconstituted",SR Legacy
"Infant formula, NESTLE, GOOD START SUPREME, with iron, powder",SR Legacy
"Infant formula, NFS",Survey (FNDDS)
"Infant formula, organic, powder, made with water",Survey (FNDDS)
"Infant formula, organic, ready-to-feed",Survey (FNDDS)
"Infant formula, PBM PRODUCTS, store brand, liquid concentrate, not reconstituted",SR Legacy
"Infant formula, PBM PRODUCTS, store brand, powder",SR Legacy
"Infant formula, PBM PRODUCTS, store brand, ready-to-feed",SR Legacy
"Infant formula, PBM PRODUCTS, store brand, soy, liquid concentrate, not reconstituted",SR Legacy
"Infant formula, PBM PRODUCTS, store brand, soy, powder",SR Legacy
"Infant formula, PBM PRODUCTS, store brand, soy, ready-to-feed",SR Legacy
"Infant formula, premature, powder, made with water",Survey (FNDDS)
"Infant formula, premature, ready-to-feed",Survey (FNDDS)
"Infant formula, Similac Advance, powder, made with baby water",Survey (FNDDS)
"Infant formula, Similac Advance, powder, made with bottled water",Survey (FNDDS)
"Infant formula, Similac Advance, powder, made with tap water",Survey (FNDDS)
"Infant formula, Similac Advance, ready-to-feed",Survey (FNDDS)
"Infant formula, Similac Alimentum, powder, made with water",Survey (FNDDS)
"Infant formula, Similac Alimentum, ready-to-feed",Survey (FNDDS)
"Infant formula, Similac for Diarrhea",Survey (FNDDS)
"Infant formula, Similac for Spit-Up, powder, made with water",Survey (FNDDS)
"Infant formula, Similac for Spit-Up, ready-to-feed",Survey (FNDDS)
"Infant formula, Similac Isomil Soy, powder, made with baby water",Survey (FNDDS)
"Infant formula, Similac Isomil Soy, powder, made with bottled water",Survey (FNDDS)
"Infant formula, Similac Isomil Soy, powder, made with tap water",Survey (FNDDS)
"Infant formula, Similac Isomil Soy, ready-to-feed",Survey (FNDDS)
"Infant formula, Similac Sensitive, powder, made with baby water",Survey (FNDDS)
"Infant formula, Similac Sensitive, powder, made with bottled water",Survey (FNDDS)
"Infant formula, Similac Sensitive, powder, made with tap water",Survey (FNDDS)
"Infant formula, Similac Sensitive, ready-to-feed",Survey (FNDDS)
"Infant formula, Similac, NFS",Survey (FNDDS)
"Infant formula, store brand, added rice",Survey (FNDDS)
"Infant formula, store brand, advantage or tender, powder, made with baby water",Survey (FNDDS)
"Infant formula, store brand, advantage or tender, powder, made with bottled water",Survey (FNDDS)
"Infant formula, store brand, advantage or tender, powder, made with tap water",Survey (FNDDS)
"Infant formula, store brand, gentle or sensitivity",Survey (FNDDS)
"Infant formula, store brand, soy",Survey (FNDDS)
"Injera, Ethiopian bread",Survey (FNDDS)
"Interstate Brands Corp, Wonder Hamburger Rolls",SR Legacy
"Italian dressing, fat free",Survey (FNDDS)
"Italian dressing, light",Survey (FNDDS)
"Italian dressing, made with vinegar and oil",Survey (FNDDS)
Italian Ice,Survey (FNDDS)
"Italian Ice, no sugar added",Survey (FNDDS)
Italian sandwich on wheat,Survey (FNDDS)
Italian sandwich on white,Survey (FNDDS)
"Italian sandwich or sub, restaurant",Survey (FNDDS)
Italian sausage,Survey (FNDDS)
Italian sausage sandwich on wheat,Survey (FNDDS)
Italian sausage sandwich on white,Survey (FNDDS)
"Jackfruit, canned, syrup pack",SR Legacy
"Jackfruit, raw",SR Legacy
Jagerbomb,Survey (FNDDS)
"Jai, Monk's Food",Survey (FNDDS)
Jam,Survey (FNDDS)
"Jam or jelly, fruit juice sweetened",Survey (FNDDS)
"Jam or jelly, NFS",Survey (FNDDS)
"Jam or jelly, reduced sugar",Survey (FNDDS)
"Jam or jelly, sugar free",Survey (FNDDS)
Jambalaya with meat and rice,Survey (FNDDS)
Jams and preserves,SR Legacy
"Jams and preserves, apricot",SR Legacy
"Jams and preserves, no sugar (with sodium saccharin), any flavor",SR Legacy
"Jams, preserves, marmalade, reduced sugar",SR Legacy
"Jams, preserves, marmalades, sweetened with fruit juice",SR Legacy
"Java-plum, (jambolan), raw",SR Legacy
Jellies,SR Legacy
"Jellies, no sugar (with sodium saccharin), any flavors",SR Legacy
"Jellies, reduced sugar, home preserved",SR Legacy
Jelly,Survey (FNDDS)
"Jelly sandwich, NFS",Survey (FNDDS)
"Jelly sandwich, on wheat bread",Survey (FNDDS)
"Jelly sandwich, on white bread",Survey (FNDDS)
"Jellyfish, dried, salted",SR Legacy
"Jerusalem-artichokes, raw",SR Legacy
"Jew's ear, (pepeao), raw",SR Legacy
"Jicama, raw",Survey (FNDDS)
"JIMMY DEAN, Sausage, Egg, and Cheese Breakfast Biscuit, frozen, unprepared",SR Legacy
Johnnycake,Survey (FNDDS)
"Juice, apple and grape blend, with added ascorbic acid",SR Legacy
"Juice, apple, grape and pear blend, with added ascorbic acid and calcium",SR Legacy
"Juice, pomegranate, from concentrate, shelf-stable",Foundation
"Juice, prune, shelf-stable",Foundation
"Juice, tart cherry, from concentrate, shelf-stable",Foundation
"Jujube, Chinese, fresh, dried",SR Legacy
"Jujube, raw",SR Legacy
"Jute, potherb, cooked, boiled, drained, with salt",SR Legacy
"Jute, potherb, cooked, boiled, drained, without salt",SR Legacy
"Jute, potherb, raw",SR Legacy
"Kale, cooked, boiled, drained, with salt",SR Legacy
"Kale, cooked, boiled, drained, without salt",SR Legacy
"Kale, fresh, cooked, fat added",Survey (FNDDS)
"Kale, fresh, cooked, no added fat",Survey (FNDDS)
"Kale, frozen, cooked, boiled, drained, with salt",SR Legacy
"Kale, frozen, cooked, boiled, drained, without salt",SR Legacy
"Kale, frozen, cooked, boiled, drained, without salt",Foundation
"Kale, frozen, cooked, fat added",Survey (FNDDS)
"Kale, frozen, cooked, no added fat",Survey (FNDDS)
"Kale, frozen, unprepared",SR Legacy
"Kale, NS as to form, cooked",Survey (FNDDS)
"Kale, raw",SR Legacy
"Kale, raw",Survey (FNDDS)
"Kale, raw",Foundation
Kamikaze,Survey (FNDDS)
"Kanpyo, (dried gourd strips)",SR Legacy
"Keebler, Keebler Chocolate Graham SELECTS",SR Legacy
Kefir,Survey (FNDDS)
"Kefir, lowfat, plain, LIFEWAY",SR Legacy
"Kefir, lowfat, strawberry, LIFEWAY",SR Legacy
"Keikitos (muffins), Latino bakery item",SR Legacy
Ketchup,Survey (FNDDS)
"Ketchup, reduced sodium",Survey (FNDDS)
"Ketchup, restaurant",Foundation
"KFC, biscuit",SR Legacy
"KFC, Coleslaw",SR Legacy
"KFC, Crispy Chicken Strips",SR Legacy
"KFC, Fried Chicken, EXTRA CRISPY, Breast, meat and skin with breading",SR Legacy
"KFC, Fried Chicken, EXTRA CRISPY, Breast, meat only, skin and breading removed",SR Legacy
"KFC, Fried Chicken, EXTRA CRISPY, Drumstick, meat and skin with breading",SR Legacy
"KFC, Fried Chicken, EXTRA CRISPY, Drumstick, meat only, skin and breading removed",SR Legacy
"KFC, Fried Chicken, EXTRA CRISPY, Skin and Breading",SR Legacy
"KFC, Fried Chicken, EXTRA CRISPY, Thigh, meat and skin with breading",SR Legacy
"KFC, Fried Chicken, EXTRA CRISPY, Thigh, meat only, skin and breading removed",SR Legacy
"KFC, Fried Chicken, EXTRA CRISPY, Wing, meat and skin with breading",SR Legacy
"KFC, Fried Chicken, EXTRA CRISPY, Wing, meat only, skin and breading removed",SR Legacy
"KFC, Fried Chicken, ORIGINAL RECIPE, Breast, meat and skin with breading",SR Legacy
"KFC, Fried Chicken, ORIGINAL RECIPE, Breast, meat only, skin and breading removed",SR Legacy
"KFC, Fried Chicken, ORIGINAL RECIPE, Drumstick, meat and skin with breading",SR Legacy
"KFC, Fried Chicken, ORIGINAL RECIPE, Drumstick, meat only, skin and breading removed",SR Legacy
"KFC, Fried Chicken, ORIGINAL RECIPE, Skin and Breading",SR Legacy
"KFC, Fried Chicken, ORIGINAL RECIPE, Thigh, meat and skin with breading",SR Legacy
"KFC, Fried Chicken, ORIGINAL RECIPE, Thigh, meat only, skin and breading removed",SR Legacy
"KFC, Fried Chicken, ORIGINAL RECIPE, Wing, meat and skin with breading",SR Legacy
"KFC, Fried Chicken, ORIGINAL RECIPE, Wing, meat only, skin and breading removed",SR Legacy
"KFC, Popcorn Chicken",SR Legacy
"Khorasan, grain, dry, raw",Foundation
"Kibby, Puerto Rican style",Survey (FNDDS)
Kidney,Survey (FNDDS)
Kidney beans and brown rice,Survey (FNDDS)
"Kidney beans and rice, from fast food / restaurant",Survey (FNDDS)
Kidney beans and white rice,Survey (FNDDS)
Kidney beans with meat,Survey (FNDDS)
"Kidney beans, from canned, fat added",Survey (FNDDS)
"Kidney beans, from canned, no added fat",Survey (FNDDS)
"Kidney beans, from canned, reduced sodium",Survey (FNDDS)
"Kidney beans, from dried, fat added",Survey (FNDDS)
"Kidney beans, from dried, no added fat",Survey (FNDDS)
"Kidney beans, from fast food / restaurant",Survey (FNDDS)
"Kidney beans, NFS",Survey (FNDDS)
"Kielbasa, fully cooked, grilled",SR Legacy
"Kielbasa, fully cooked, pan-fried",SR Legacy
"Kielbasa, fully cooked, unheated",SR Legacy
"Kielbasa, Polish, turkey and beef, smoked",SR Legacy
Kimchi,Survey (FNDDS)
"Kiwi fruit, raw",Survey (FNDDS)
"Kiwifruit (kiwi), green, peeled, raw",Foundation
"Kiwifruit, green, raw",Foundation
"Kiwifruit, green, raw",SR Legacy
"Kiwifruit, ZESPRI SunGold, raw",SR Legacy
"Knackwurst, knockwurst, pork, beef",SR Legacy
Knish,Survey (FNDDS)
Knockwurst,Survey (FNDDS)
"Kohlrabi, cooked",Survey (FNDDS)
"Kohlrabi, cooked, boiled, drained, with salt",SR Legacy
"Kohlrabi, cooked, boiled, drained, without salt",SR Legacy
"Kohlrabi, raw",SR Legacy
"Kohlrabi, raw",Survey (FNDDS)
Korean dressing or marinade,Survey (FNDDS)
KRAFT BREAKSTONE'S FREE Fat Free Sour Cream,SR Legacy
KRAFT BREAKSTONE'S Reduced Fat Sour Cream,SR Legacy
KRAFT CHEEZ WHIZ LIGHT Pasteurized Process Cheese Product,SR Legacy
KRAFT CHEEZ WHIZ Pasteurized Process Cheese Sauce,SR Legacy
"Kraft Foods, Shake N Bake Original Recipe, Coating for Pork, dry",SR Legacy
KRAFT FREE Singles American Nonfat Pasteurized Process Cheese Product,SR Legacy
KRAFT VELVEETA LIGHT Reduced Fat Pasteurized Process Cheese Product,SR Legacy
KRAFT VELVEETA Pasteurized Process Cheese Spread,SR Legacy
"Kraft, Stove Top Stuffing Mix Chicken Flavor",SR Legacy
"Kumquat, raw",Survey (FNDDS)
"Kumquats, raw",SR Legacy
Kung Pao beef,Survey (FNDDS)
Kung pao chicken,Survey (FNDDS)
Kung Pao pork,Survey (FNDDS)
Kung Pao shrimp,Survey (FNDDS)
"Ladoo, round ball",Survey (FNDDS)
Lamb or mutton and noodles with gravy,Survey (FNDDS)
Lamb or mutton and potatoes with gravy,Survey (FNDDS)
Lamb or mutton and potatoes with tomato-based sauce,Survey (FNDDS)
Lamb or mutton loaf,Survey (FNDDS)
Lamb or mutton with gravy,Survey (FNDDS)
"Lamb or mutton, rice, and vegetables  including carrots, broccoli, and/or dark-green leafy; gravy",Survey (FNDDS)
"Lamb or mutton, rice, and vegetables excluding carrots, broccoli, and dark-green leafy; gravy",Survey (FNDDS)
"Lamb or mutton, rice, and vegetables including carrots, broccoli, and/or dark-green leafy; tomato-based sauce",Survey (FNDDS)
"Lamb shish kabob with vegetables, excluding potatoes",Survey (FNDDS)
"Lamb, Australian, ground,  85% lean / 15% fat, raw",SR Legacy
"Lamb, Australian, imported, fresh, composite of trimmed retail cuts, separable lean and fat, trimmed to 1/8"" fat, cooked",SR Legacy
"Lamb, Australian, imported, fresh, composite of trimmed retail cuts, separable lean and fat, trimmed to 1/8"" fat, raw",SR Legacy
"Lamb, Australian, imported, fresh, composite of trimmed retail cuts, separable lean only, trimmed to 1/8"" fat, cooked",SR Legacy
"Lamb, Australian, imported, fresh, composite of trimmed retail cuts, separable lean only, trimmed to 1/8"" fat, raw",SR Legacy
"Lamb, Australian, imported, fresh, external fat, cooked",SR Legacy
"Lamb, Australian, imported, fresh, external fat, raw",SR Legacy
"Lamb, Australian, imported, fresh, foreshank, separable lean and fat, trimmed to 1/8"" fat, cooked, braised",SR Legacy
"Lamb, Australian, imported, fresh, foreshank, separable lean and fat, trimmed to 1/8"" fat, raw",SR Legacy
"Lamb, Australian, imported, fresh, foreshank, separable lean only, trimmed to 1/8"" fat, cooked, braised",SR Legacy
"Lamb, Australian, imported, fresh, foreshank, separable lean only, trimmed to 1/8"" fat, raw",SR Legacy
"Lamb, Australian, imported, fresh, leg, bottom, boneless, separable lean and fat, trimmed to 1/8"" fat, cooked, roasted",SR Legacy
"Lamb, Australian, imported, fresh, leg, bottom, boneless, separable lean and fat, trimmed to 1/8"" fat, raw",SR Legacy
"Lamb, Australian, imported, fresh, leg, bottom, boneless, separable lean only, trimmed to 1/8"" fat, cooked, roasted",SR Legacy
"Lamb, Australian, imported, fresh, leg, bottom, boneless, separable lean only, trimmed to 1/8"" fat, raw",SR Legacy
"Lamb, Australian, imported, fresh, leg, center slice, bone-in, separable lean and fat, trimmed to 1/8"" fat, cooked, broiled",SR Legacy
"Lamb, Australian, imported, fresh, leg, center slice, bone-in, separable lean and fat, trimmed to 1/8"" fat, raw",SR Legacy
"Lamb, Australian, imported, fresh, leg, center slice, bone-in, separable lean only, trimmed to 1/8"" fat, cooked, broiled",SR Legacy
"Lamb, Australian, imported, fresh, leg, center slice, bone-in, separable lean only, trimmed to 1/8"" fat, raw",SR Legacy
"Lamb, Australian, imported, fresh, leg, hindshank, heel on, bone-in, separable lean and fat, trimmed to 1/8"" fat, cooked, braised",SR Legacy
"Lamb, Australian, imported, fresh, leg, hindshank, heel on, bone-in, separable lean and fat, trimmed to 1/8"" fat, raw",SR Legacy
"Lamb, Australian, imported, fresh, leg, hindshank, heel on, bone-in, separable lean only, trimmed to 1/8"" fat, cooked, braised",SR Legacy
"Lamb, Australian, imported, fresh, leg, hindshank, heel on, bone-in, separable lean only, trimmed to 1/8"" fat, raw",SR Legacy
"Lamb, Australian, imported, fresh, leg, shank half, separable lean and fat, trimmed to 1/8"" fat, cooked, roasted",SR Legacy
"Lamb, Australian, imported, fresh, leg, shank half, separable lean and fat, trimmed to 1/8"" fat, raw",SR Legacy
"Lamb, Australian, imported, fresh, leg, shank half, separable lean only, trimmed to 1/8"" fat, cooked, roasted",SR Legacy
"Lamb, Australian, imported, fresh, leg, shank half, separable lean only, trimmed to 1/8"" fat, raw",SR Legacy
"Lamb, Australian, imported, fresh, leg, sirloin chops, boneless, separable lean and fat, trimmed to 1/8"" fat, cooked, broiled",SR Legacy
"Lamb, Australian, imported, fresh, leg, sirloin chops, boneless, separable lean and fat, trimmed to 1/8"" fat, raw",SR Legacy
"Lamb, Australian, imported, fresh, leg, sirloin chops, boneless, separable lean only, trimmed to 1/8"" fat, cooked, broiled",SR Legacy
"Lamb, Australian, imported, fresh, leg, sirloin chops, boneless, separable lean only, trimmed to 1/8"" fat, raw",SR Legacy
"Lamb, Australian, imported, fresh, leg, sirloin half, boneless, separable lean and fat, trimmed to 1/8"" fat, cooked, roasted",SR Legacy
"Lamb, Australian, imported, fresh, leg, sirloin half, boneless, separable lean and fat, trimmed to 1/8"" fat, raw",SR Legacy
"Lamb, Australian, imported, fresh, leg, sirloin half, boneless, separable lean only, trimmed to 1/8"" fat, cooked, roasted",SR Legacy
"Lamb, Australian, imported, fresh, leg, sirloin half, boneless, separable lean only, trimmed to 1/8"" fat, raw",SR Legacy
"Lamb, Australian, imported, fresh, leg, trotter off, bone-in, separable lean and fat, trimmed to 1/8"" fat, cooked, roasted",SR Legacy
"Lamb, Australian, imported, fresh, leg, trotter off, bone-in, separable lean and fat, trimmed to 1/8"" fat, raw",SR Legacy
"Lamb, Australian, imported, fresh, leg, trotter off, bone-in, separable lean only, trimmed to 1/8"" fat, cooked, roasted",SR Legacy
"Lamb, Australian, imported, fresh, leg, trotter off, bone-in, separable lean only, trimmed to 1/8"" fat, raw",SR Legacy
"Lamb, Australian, imported, fresh, leg, whole (shank and sirloin), separable lean and fat, trimmed to 1/8"" fat, cooked, roasted",SR Legacy
"Lamb, Australian, imported, fresh, leg, whole (shank and sirloin), separable lean and fat, trimmed to 1/8"" fat, raw",SR Legacy
"Lamb, Australian, imported, fresh, leg, whole (shank and sirloin), separable lean only, trimmed to 1/8"" fat, cooked, roasted",SR Legacy
"Lamb, Australian, imported, fresh, leg, whole (shank and sirloin), separable lean only, trimmed to 1/8"" fat, raw",SR Legacy
"Lamb, Australian, imported, fresh, loin, separable lean and fat, trimmed to 1/8"" fat, cooked, broiled",SR Legacy
"Lamb, Australian, imported, fresh, loin, separable lean and fat, trimmed to 1/8"" fat, raw",SR Legacy
"Lamb, Australian, imported, fresh, loin, separable lean only, trimmed to 1/8"" fat, cooked, broiled",SR Legacy
"Lamb, Australian, imported, fresh, loin, separable lean only, trimmed to 1/8"" fat, raw",SR Legacy
"Lamb, Australian, imported, fresh, rack, roast, frenched, bone-in, separable lean and fat, trimmed to 1/8"" fat, cooked, roasted",SR Legacy
"Lamb, Australian, imported, fresh, rack, roast, frenched, bone-in, separable lean only, trimmed to 1/8"" fat, cooked, roasted",SR Legacy
"Lamb, Australian, imported, fresh, rack, roast, frenched, denuded, bone-in, separable lean and fat, trimmed to 0"" fat, cooked, roasted",SR Legacy
"Lamb, Australian, imported, fresh, rack, roast, frenched, denuded, bone-in, separable lean only, trimmed to 0"" fat, cooked, roasted",SR Legacy
"Lamb, Australian, imported, fresh, rib chop, frenched, bone-in, separable lean and fat, trimmed to 1/8"" fat, cooked, grilled",SR Legacy
"Lamb, Australian, imported, fresh, rib chop, frenched, bone-in, separable lean only, trimmed to 1/8"" fat, cooked, grilled",SR Legacy
"Lamb, Australian, imported, fresh, rib chop, frenched, denuded, bone-in, separable lean and fat, trimmed to 0"" fat, cooked, grilled",SR Legacy
"Lamb, Australian, imported, fresh, rib chop, frenched, denuded, bone-in, separable lean only, trimmed to 0"" fat, cooked, grilled",SR Legacy
"Lamb, Australian, imported, fresh, rib chop/rack roast, frenched, bone-in, separable lean and fat, trimmed to 1/8"" fat, raw",SR Legacy
"Lamb, Australian, imported, fresh, rib chop/rack roast, frenched, bone-in, separable lean only, trimmed to 1/8"" fat, raw",SR Legacy
"Lamb, Australian, imported, fresh, seam fat, cooked",SR Legacy
"Lamb, Australian, imported, fresh, seam fat, raw",SR Legacy
"Lamb, Australian, imported, fresh, separable fat, cooked",SR Legacy
"Lamb, Australian, imported, fresh, separable fat, raw",SR Legacy
"Lamb, Australian, imported, fresh, shoulder ,blade, separable lean only, trimmed to 1/8"" fat, cooked, broiled",SR Legacy
"Lamb, Australian, imported, fresh, shoulder, arm, separable lean and fat, trimmed to 1/8"" fat, cooked, braised",SR Legacy
"Lamb, Australian, imported, fresh, shoulder, arm, separable lean and fat, trimmed to 1/8"" fat, raw",SR Legacy
"Lamb, Australian, imported, fresh, shoulder, arm, separable lean only,   trimmed to 1/8"" fat, cooked, braised",SR Legacy
"Lamb, Australian, imported, fresh, shoulder, arm, separable lean only, trimmed to 1/8"" fat, raw",SR Legacy
"Lamb, Australian, imported, fresh, shoulder, blade, separable lean and fat, trimmed to 1/8"" fat, cooked, broiled",SR Legacy
"Lamb, Australian, imported, fresh, shoulder, blade, separable lean and fat, trimmed to 1/8"" fat, raw",SR Legacy
"Lamb, Australian, imported, fresh, shoulder, blade, separable lean only, trimmed to 1/8"" fat, raw",SR Legacy
"Lamb, Australian, imported, fresh, shoulder, whole (arm and blade), separable lean and fat, trimmed to 1/8"" fat, cooked",SR Legacy
"Lamb, Australian, imported, fresh, shoulder, whole (arm and blade), separable lean and fat, trimmed to 1/8"" fat, raw",SR Legacy
"Lamb, Australian, imported, fresh, shoulder, whole (arm and blade), separable lean only,   trimmed to 1/8"" fat, raw",SR Legacy
"Lamb, Australian, imported, fresh, shoulder, whole (arm and blade), separable lean only, trimmed to 1/8"" fat, cooked",SR Legacy
"Lamb, Australian, imported, fresh, tenderloin, boneless, separable lean and fat, trimmed to 1/8"" fat, cooked, roasted",SR Legacy
"Lamb, Australian, imported, fresh, tenderloin, boneless, separable lean and fat, trimmed to 1/8"" fat, raw",SR Legacy
"Lamb, Australian, imported, fresh, tenderloin, boneless, separable lean only, trimmed to 1/8"" fat, cooked, roasted",SR Legacy
"Lamb, Australian, imported, fresh, tenderloin, boneless, separable lean only, trimmed to 1/8"" fat, raw",SR Legacy
"Lamb, chop",Survey (FNDDS)
"Lamb, composite of trimmed retail cuts, separable fat, trimmed to 1/4"" fat, choice, cooked",SR Legacy
"Lamb, composite of trimmed retail cuts, separable fat, trimmed to 1/4"" fat, choice, raw",SR Legacy
"Lamb, composite of trimmed retail cuts, separable lean and fat, trimmed to 1/4"" fat, choice, cooked",SR Legacy
"Lamb, composite of trimmed retail cuts, separable lean and fat, trimmed to 1/4"" fat, choice, raw",SR Legacy
"Lamb, composite of trimmed retail cuts, separable lean and fat, trimmed to 1/8"" fat, choice, cooked",SR Legacy
"Lamb, composite of trimmed retail cuts, separable lean and fat, trimmed to 1/8"" fat, choice, raw",SR Legacy
"Lamb, composite of trimmed retail cuts, separable lean only, trimmed to 1/4"" fat, choice, cooked",SR Legacy
"Lamb, composite of trimmed retail cuts, separable lean only, trimmed to 1/4"" fat, choice, raw",SR Legacy
"Lamb, cubed for stew or kabob (leg and shoulder), separable lean only, trimmed to 1/4"" fat, cooked, braised",SR Legacy
"Lamb, cubed for stew or kabob (leg and shoulder), separable lean only, trimmed to 1/4"" fat, cooked, broiled",SR Legacy
"Lamb, cubed for stew or kabob (leg and shoulder), separable lean only, trimmed to 1/4"" fat, raw",SR Legacy
"Lamb, foreshank, separable lean and fat, trimmed to 1/4"" fat, choice, cooked, braised",SR Legacy
"Lamb, foreshank, separable lean and fat, trimmed to 1/4"" fat, choice, raw",SR Legacy
"Lamb, foreshank, separable lean and fat, trimmed to 1/8"" fat, choice, raw",SR Legacy
"Lamb, foreshank, separable lean and fat, trimmed to 1/8"" fat, cooked, braised",SR Legacy
"Lamb, foreshank, separable lean only, trimmed to 1/4"" fat, choice, cooked, braised",SR Legacy
"Lamb, foreshank, separable lean only, trimmed to 1/4"" fat, choice, raw",SR Legacy
"Lamb, ground",Survey (FNDDS)
"Lamb, ground, cooked, broiled",SR Legacy
"Lamb, ground, raw",SR Legacy
"Lamb, ground, raw",Foundation
"Lamb, leg, shank half, separable lean and fat, trimmed to 1/4"" fat, choice, cooked, roasted",SR Legacy
"Lamb, leg, shank half, separable lean and fat, trimmed to 1/4"" fat, choice, raw",SR Legacy
"Lamb, leg, shank half, separable lean and fat, trimmed to 1/8"" fat, choice, cooked, roasted",SR Legacy
"Lamb, leg, shank half, separable lean and fat, trimmed to 1/8"" fat, choice, raw",SR Legacy
"Lamb, leg, shank half, separable lean only, trimmed to 1/4"" fat, choice, cooked, roasted",SR Legacy
"Lamb, leg, shank half, separable lean only, trimmed to 1/4"" fat, choice, raw",SR Legacy
"Lamb, leg, sirloin half, separable lean and fat, trimmed to 1/4"" fat, choice, cooked, roasted",SR Legacy
"Lamb, leg, sirloin half, separable lean and fat, trimmed to 1/4"" fat, choice, raw",SR Legacy
"Lamb, leg, sirloin half, separable lean and fat, trimmed to 1/8"" fat, choice, cooked, roasted",SR Legacy
"Lamb, leg, sirloin half, separable lean and fat, trimmed to 1/8"" fat, choice, raw",SR Legacy
"Lamb, leg, sirloin half, separable lean only, trimmed to 1/4"" fat, choice, cooked, roasted",SR Legacy
"Lamb, leg, sirloin half, separable lean only, trimmed to 1/4"" fat, choice, raw",SR Legacy
"Lamb, leg, whole (shank and sirloin), separable lean and fat, trimmed to 1/4"" fat, choice, cooked, roasted",SR Legacy
"Lamb, leg, whole (shank and sirloin), separable lean and fat, trimmed to 1/4"" fat, choice, raw",SR Legacy
"Lamb, leg, whole (shank and sirloin), separable lean and fat, trimmed to 1/8"" fat, choice, cooked, roasted",SR Legacy
"Lamb, leg, whole (shank and sirloin), separable lean and fat, trimmed to 1/8"" fat, choice, raw",SR Legacy
"Lamb, leg, whole (shank and sirloin), separable lean only, trimmed to 1/4"" fat, choice, cooked, roasted",SR Legacy
"Lamb, leg, whole (shank and sirloin), separable lean only, trimmed to 1/4"" fat, choice, raw",SR Legacy
"Lamb, loin, separable lean and fat, trimmed to 1/4"" fat, choice, cooked, broiled",SR Legacy
"Lamb, loin, separable lean and fat, trimmed to 1/4"" fat, choice, cooked, roasted",SR Legacy
"Lamb, loin, separable lean and fat, trimmed to 1/4"" fat, choice, raw",SR Legacy
"Lamb, loin, separable lean and fat, trimmed to 1/8"" fat, choice, cooked, broiled",SR Legacy
"Lamb, loin, separable lean and fat, trimmed to 1/8"" fat, choice, cooked, roasted",SR Legacy
"Lamb, loin, separable lean and fat, trimmed to 1/8"" fat, choice, raw",SR Legacy
"Lamb, loin, separable lean only, trimmed to 1/4"" fat, choice, cooked, broiled",SR Legacy
"Lamb, loin, separable lean only, trimmed to 1/4"" fat, choice, cooked, roasted",SR Legacy
"Lamb, loin, separable lean only, trimmed to 1/4"" fat, choice, raw",SR Legacy
"Lamb, New Zealand, imported, brains, cooked, soaked and fried",SR Legacy
"Lamb, New Zealand, imported, brains, raw",SR Legacy
"Lamb, New Zealand, imported, breast, separable lean only, cooked, braised",SR Legacy
"Lamb, New Zealand, imported, breast, separable lean only, raw",SR Legacy
"Lamb, New Zealand, imported, chump, boneless, separable lean only, cooked, fast roasted",SR Legacy
"Lamb, New Zealand, imported, chump, boneless, separable lean only, raw",SR Legacy
"Lamb, New Zealand, imported, flap, boneless, separable lean and fat, cooked, braised",SR Legacy
"Lamb, New Zealand, imported, flap, boneless, separable lean and fat, raw",SR Legacy
"Lamb, New Zealand, imported, flap, boneless, separable lean only, cooked, braised",SR Legacy
"Lamb, New Zealand, imported, flap, boneless, separable lean only, raw",SR Legacy
"Lamb, New Zealand, imported, fore-shank, separable lean and fat, cooked, braised",SR Legacy
"Lamb, New Zealand, imported, fore-shank, separable lean and fat, raw",SR Legacy
"Lamb, New Zealand, imported, fore-shank, separable lean only, cooked, braised",SR Legacy
"Lamb, New Zealand, imported, fore-shank, separable lean only, raw",SR Legacy
"Lamb, New Zealand, imported, frozen, composite of trimmed retail cuts, separable fat, cooked",SR Legacy
"Lamb, New Zealand, imported, frozen, composite of trimmed retail cuts, separable fat, raw",SR Legacy
"Lamb, New Zealand, imported, frozen, composite of trimmed retail cuts, separable lean and fat, cooked",SR Legacy
"Lamb, New Zealand, imported, frozen, composite of trimmed retail cuts, separable lean and fat, raw",SR Legacy
"Lamb, New Zealand, imported, frozen, composite of trimmed retail cuts, separable lean and fat, trimmed to 1/8"" fat, cooked",SR Legacy
"Lamb, New Zealand, imported, frozen, composite of trimmed retail cuts, separable lean and fat, trimmed to 1/8"" fat, raw",SR Legacy
"Lamb, New Zealand, imported, frozen, composite of trimmed retail cuts, separable lean only, cooked",SR Legacy
"Lamb, New Zealand, imported, frozen, composite of trimmed retail cuts, separable lean only, raw",SR Legacy
"Lamb, New Zealand, imported, frozen, foreshank, separable lean and fat, trimmed to 1/8"" fat, cooked, braised",SR Legacy
"Lamb, New Zealand, imported, frozen, foreshank, separable lean and fat, trimmed to 1/8"" fat, raw",SR Legacy
"Lamb, New Zealand, imported, frozen, leg, whole (shank and sirloin), separable lean and fat, cooked, roasted",SR Legacy
"Lamb, New Zealand, imported, frozen, leg, whole (shank and sirloin), separable lean and fat, trimmed to 1/8"" fat, cooked, roasted",SR Legacy
"Lamb, New Zealand, imported, frozen, leg, whole (shank and sirloin), separable lean and fat, trimmed to 1/8"" fat, raw",SR Legacy
"Lamb, New Zealand, imported, frozen, leg, whole (shank and sirloin), separable lean only, cooked, roasted",SR Legacy
"Lamb, New Zealand, imported, frozen, loin, separable lean and fat, cooked, broiled",SR Legacy
"Lamb, New Zealand, imported, frozen, loin, separable lean and fat, trimmed to 1/8"" fat, cooked, broiled",SR Legacy
"Lamb, New Zealand, imported, frozen, loin, separable lean and fat, trimmed to 1/8"" fat, raw",SR Legacy
"Lamb, New Zealand, imported, frozen, loin, separable lean only, cooked, broiled",SR Legacy
"Lamb, New Zealand, imported, frozen, rib, separable lean and fat, trimmed to 1/8"" fat, cooked, roasted",SR Legacy
"Lamb, new zealand, imported, frozen, rib, separable lean and fat, trimmed to 1/8"" fat, raw",SR Legacy
"Lamb, New Zealand, imported, frozen, shoulder, whole (arm and blade), separable lean and fat, cooked, braised",SR Legacy
"Lamb, New Zealand, imported, frozen, shoulder, whole (arm and blade), separable lean and fat, trimmed to 1/8"" fat, cooked, braised",SR Legacy
"Lamb, New Zealand, imported, frozen, shoulder, whole (arm and blade), separable lean and fat, trimmed to 1/8"" fat, raw",SR Legacy
"Lamb, New Zealand, imported, frozen, shoulder, whole (arm and blade), separable lean only, cooked, braised",SR Legacy
"Lamb, New Zealand, imported, ground lamb, cooked, braised",SR Legacy
"Lamb, New Zealand, imported, ground lamb, raw",SR Legacy
"Lamb, New Zealand, imported, heart, cooked, soaked and simmered",SR Legacy
"Lamb, New Zealand, imported, heart, raw",SR Legacy
"Lamb, New Zealand, imported, hind-shank, separable lean and fat, cooked, braised",SR Legacy
"Lamb, New Zealand, imported, hind-shank, separable lean and fat, raw",SR Legacy
"Lamb, New Zealand, imported, hind-shank, separable lean only, cooked, braised",SR Legacy
"Lamb, New Zealand, imported, hind-shank, separable lean only, raw",SR Legacy
"Lamb, New Zealand, imported, Intermuscular fat, cooked",SR Legacy
"Lamb, New Zealand, imported, Intermuscular fat, raw",SR Legacy
"Lamb, New Zealand, imported, kidney, cooked, soaked and fried",SR Legacy
"Lamb, New Zealand, imported, kidney, raw",SR Legacy
"Lamb, New Zealand, imported, leg chop/steak, bone-in, separable lean and fat, cooked, fast fried",SR Legacy
"Lamb, New Zealand, imported, leg chop/steak, bone-in, separable lean and fat, raw",SR Legacy
"Lamb, New Zealand, imported, leg chop/steak, bone-in, separable lean only, cooked, fast fried",SR Legacy
"Lamb, New Zealand, imported, leg chop/steak, bone-in, separable lean only, raw",SR Legacy
"Lamb, New Zealand, imported, liver, cooked, soaked and fried",SR Legacy
"Lamb, New Zealand, imported, liver, raw",SR Legacy
"Lamb, New Zealand, imported, loin chop, separable lean and fat, cooked, fast fried",SR Legacy
"Lamb, New Zealand, imported, loin chop, separable lean and fat, raw",SR Legacy
"Lamb, New Zealand, imported, loin chop, separable lean only, cooked, fast fried",SR Legacy
"Lamb, New Zealand, imported, loin chop, separable lean only, raw",SR Legacy
"Lamb, New Zealand, imported, loin saddle, separable lean and fat, cooked, fast roasted",SR Legacy
"Lamb, New Zealand, imported, loin saddle, separable lean and fat, raw",SR Legacy
"Lamb, New Zealand, imported, loin saddle, separable lean only, cooked, fast roasted",SR Legacy
"Lamb, New Zealand, imported, loin saddle, separable lean only, raw",SR Legacy
"Lamb, New Zealand, imported, loin, boneless, separable lean and fat, cooked, fast roasted",SR Legacy
"Lamb, New Zealand, imported, loin, boneless, separable lean and fat, raw",SR Legacy
"Lamb, New Zealand, imported, loin, boneless, separable lean only, cooked, fast roasted",SR Legacy
"Lamb, New Zealand, imported, loin, boneless, separable lean only, raw",SR Legacy
"Lamb, New Zealand, imported, neck chops, separable lean and fat, cooked, braised",SR Legacy
"Lamb, New Zealand, imported, neck chops, separable lean and fat, raw",SR Legacy
"Lamb, New Zealand, imported, neck chops, separable lean only, cooked, braised",SR Legacy
"Lamb, New Zealand, imported, neck chops, separable lean only, raw",SR Legacy
"Lamb, New Zealand, imported, netted shoulder, rolled, boneless, separable lean and fat, cooked, slow roasted",SR Legacy
"Lamb, New Zealand, imported, netted shoulder, rolled, boneless, separable lean and fat, raw",SR Legacy
"Lamb, New Zealand, imported, netted shoulder, rolled, boneless, separable lean only, cooked, slow roasted",SR Legacy
"Lamb, New Zealand, imported, netted shoulder, rolled, boneless, separable lean only, raw",SR Legacy
"Lamb, New Zealand, imported, rack - fully frenched, separable lean and fat, cooked, fast roasted",SR Legacy
"Lamb, New Zealand, imported, rack - fully frenched, separable lean and fat, raw",SR Legacy
"Lamb, New Zealand, imported, rack - fully frenched, separable lean only, cooked, fast roasted",SR Legacy
"Lamb, New Zealand, imported, rack - fully frenched, separable lean only, raw",SR Legacy
"Lamb, New Zealand, imported, rack - partly frenched, separable lean and fat, cooked, fast roasted",SR Legacy
"Lamb, New Zealand, imported, rack - partly frenched, separable lean and fat, raw",SR Legacy
"Lamb, New Zealand, imported, rack - partly frenched, separable lean only, cooked, fast roasted",SR Legacy
"Lamb, New Zealand, imported, rack - partly frenched, separable lean only, raw",SR Legacy
"Lamb, New Zealand, imported, square-cut shoulder chops, separable lean and fat, cooked, braised",SR Legacy
"Lamb, New Zealand, imported, square-cut shoulder chops, separable lean and fat, raw",SR Legacy
"Lamb, New Zealand, imported, square-cut shoulder chops, separable lean only, cooked, braised",SR Legacy
"Lamb, New Zealand, imported, square-cut shoulder chops, separable lean only, raw",SR Legacy
"Lamb, New Zealand, imported, square-cut shoulder, separable lean and fat, cooked, slow roasted",SR Legacy
"Lamb, New Zealand, imported, square-cut shoulder, separable lean and fat, raw",SR Legacy
"Lamb, New Zealand, imported, square-cut shoulder, separable lean only, cooked, slow roasted",SR Legacy
"Lamb, New Zealand, imported, square-cut shoulder, separable lean only, raw",SR Legacy
"Lamb, New Zealand, imported, subcutaneous fat, cooked",SR Legacy
"Lamb, New Zealand, imported, subcutaneous fat, raw",SR Legacy
"Lamb, New Zealand, imported, sweetbread, cooked, soaked and simmered",SR Legacy
"Lamb, New Zealand, imported, sweetbread, raw",SR Legacy
"Lamb, New Zealand, imported, tenderloin, separable lean and fat, cooked, fast fried",SR Legacy
"Lamb, New Zealand, imported, tenderloin, separable lean and fat, raw",SR Legacy
"Lamb, New Zealand, imported, tenderloin, separable lean only, cooked, fast fried",SR Legacy
"Lamb, New Zealand, imported, tenderloin, separable lean only, raw",SR Legacy
"Lamb, New Zealand, imported, testes, cooked, soaked and fried",SR Legacy
"Lamb, New Zealand, imported, testes, raw",SR Legacy
"Lamb, New Zealand, imported, tongue - swiss cut, cooked, soaked and simmered",SR Legacy
"Lamb, New Zealand, imported, tongue - swiss cut, raw",SR Legacy
"Lamb, New Zealand, imported, tunnel-boned leg, chump off, shank off, separable lean and fat, cooked, slow roasted",SR Legacy
"Lamb, New Zealand, imported, tunnel-boned leg, chump off, shank off, separable lean and fat, raw",SR Legacy
"Lamb, New Zealand, imported, tunnel-boned leg, chump off, shank off, separable lean only, cooked, slow roasted",SR Legacy
"Lamb, New Zealand, imported, tunnel-boned leg, chump off, shank off, separable lean only, raw",SR Legacy
"Lamb, NS as to cut",Survey (FNDDS)
"Lamb, rib, separable lean and fat, trimmed to 1/4"" fat, choice, cooked, broiled",SR Legacy
"Lamb, rib, separable lean and fat, trimmed to 1/4"" fat, choice, cooked, roasted",SR Legacy
"Lamb, rib, separable lean and fat, trimmed to 1/4"" fat, choice, raw",SR Legacy
"Lamb, rib, separable lean and fat, trimmed to 1/8"" fat, choice, cooked, broiled",SR Legacy
"Lamb, rib, separable lean and fat, trimmed to 1/8"" fat, choice, cooked, roasted",SR Legacy
"Lamb, rib, separable lean and fat, trimmed to 1/8"" fat, choice, raw",SR Legacy
"Lamb, rib, separable lean only, trimmed to 1/4"" fat, choice, cooked, broiled",SR Legacy
"Lamb, rib, separable lean only, trimmed to 1/4"" fat, choice, cooked, roasted",SR Legacy
"Lamb, rib, separable lean only, trimmed to 1/4"" fat, choice, raw",SR Legacy
"Lamb, shoulder, arm, separable lean and fat, trimmed to 1/4"" fat, choice, cooked, braised",SR Legacy
"Lamb, shoulder, arm, separable lean and fat, trimmed to 1/4"" fat, choice, cooked, broiled",SR Legacy
"Lamb, shoulder, arm, separable lean and fat, trimmed to 1/4"" fat, choice, cooked, roasted",SR Legacy
"Lamb, shoulder, arm, separable lean and fat, trimmed to 1/4"" fat, choice, raw",SR Legacy
"Lamb, shoulder, arm, separable lean and fat, trimmed to 1/8"" fat, choice, cooked, braised",SR Legacy
"Lamb, shoulder, arm, separable lean and fat, trimmed to 1/8"" fat, choice, raw",SR Legacy
"Lamb, shoulder, arm, separable lean and fat, trimmed to 1/8"" fat, choice, roasted",SR Legacy
"Lamb, shoulder, arm, separable lean and fat, trimmed to 1/8"" fat, cooked, broiled",SR Legacy
"Lamb, shoulder, arm, separable lean only, trimmed to 1/4"" fat, choice, cooked, braised",SR Legacy
"Lamb, shoulder, arm, separable lean only, trimmed to 1/4"" fat, choice, cooked, broiled",SR Legacy
"Lamb, shoulder, arm, separable lean only, trimmed to 1/4"" fat, choice, cooked, roasted",SR Legacy
"Lamb, shoulder, arm, separable lean only, trimmed to 1/4"" fat, choice, raw",SR Legacy
"Lamb, shoulder, blade, separable lean and fat, trimmed to 1/4"" fat, choice, cooked, braised",SR Legacy
"Lamb, shoulder, blade, separable lean and fat, trimmed to 1/4"" fat, choice, cooked, broiled",SR Legacy
"Lamb, shoulder, blade, separable lean and fat, trimmed to 1/4"" fat, choice, cooked, roasted",SR Legacy
"Lamb, shoulder, blade, separable lean and fat, trimmed to 1/4"" fat, choice, raw",SR Legacy
"Lamb, shoulder, blade, separable lean and fat, trimmed to 1/8"" fat, choice, cooked, braised",SR Legacy
"Lamb, shoulder, blade, separable lean and fat, trimmed to 1/8"" fat, choice, cooked, broiled",SR Legacy
"Lamb, shoulder, blade, separable lean and fat, trimmed to 1/8"" fat, choice, cooked, roasted",SR Legacy
"Lamb, shoulder, blade, separable lean and fat, trimmed to 1/8"" fat, choice, raw",SR Legacy
"Lamb, shoulder, blade, separable lean only, trimmed to 1/4"" fat, choice, cooked, braised",SR Legacy
"Lamb, shoulder, blade, separable lean only, trimmed to 1/4"" fat, choice, cooked, broiled",SR Legacy
"Lamb, shoulder, blade, separable lean only, trimmed to 1/4"" fat, choice, cooked, roasted",SR Legacy
"Lamb, shoulder, blade, separable lean only, trimmed to 1/4"" fat, choice, raw",SR Legacy
"Lamb, shoulder, whole (arm and blade), separable lean and fat, trimmed to 1/4"" fat, choice, cooked, braised",SR Legacy
"Lamb, shoulder, whole (arm and blade), separable lean and fat, trimmed to 1/4"" fat, choice, cooked, broiled",SR Legacy
"Lamb, shoulder, whole (arm and blade), separable lean and fat, trimmed to 1/4"" fat, choice, cooked, roasted",SR Legacy
"Lamb, shoulder, whole (arm and blade), separable lean and fat, trimmed to 1/4"" fat, choice, raw",SR Legacy
"Lamb, shoulder, whole (arm and blade), separable lean and fat, trimmed to 1/8"" fat, choice, cooked, braised",SR Legacy
"Lamb, shoulder, whole (arm and blade), separable lean and fat, trimmed to 1/8"" fat, choice, cooked, broiled",SR Legacy
"Lamb, shoulder, whole (arm and blade), separable lean and fat, trimmed to 1/8"" fat, choice, cooked, roasted",SR Legacy
"Lamb, shoulder, whole (arm and blade), separable lean and fat, trimmed to 1/8"" fat, choice, raw",SR Legacy
"Lamb, shoulder, whole (arm and blade), separable lean only, trimmed to 1/4"" fat, choice, cooked, braised",SR Legacy
"Lamb, shoulder, whole (arm and blade), separable lean only, trimmed to 1/4"" fat, choice, cooked, broiled",SR Legacy
"Lamb, shoulder, whole (arm and blade), separable lean only, trimmed to 1/4"" fat, choice, cooked, roasted",SR Legacy
"Lamb, shoulder, whole (arm and blade), separable lean only, trimmed to 1/4"" fat, choice, raw",SR Legacy
"Lamb, variety meats and by-products, brain, cooked, braised",SR Legacy
"Lamb, variety meats and by-products, brain, cooked, pan-fried",SR Legacy
"Lamb, variety meats and by-products, brain, raw",SR Legacy
"Lamb, variety meats and by-products, heart, cooked, braised",SR Legacy
"Lamb, variety meats and by-products, heart, raw",SR Legacy
"Lamb, variety meats and by-products, kidneys, cooked, braised",SR Legacy
"Lamb, variety meats and by-products, kidneys, raw",SR Legacy
"Lamb, variety meats and by-products, liver, cooked, braised",SR Legacy
"Lamb, variety meats and by-products, liver, cooked, pan-fried",SR Legacy
"Lamb, variety meats and by-products, liver, raw",SR Legacy
"Lamb, variety meats and by-products, lungs, cooked, braised",SR Legacy
"Lamb, variety meats and by-products, lungs, raw",SR Legacy
"Lamb, variety meats and by-products, mechanically separated, raw",SR Legacy
"Lamb, variety meats and by-products, pancreas, cooked, braised",SR Legacy
"Lamb, variety meats and by-products, pancreas, raw",SR Legacy
"Lamb, variety meats and by-products, spleen, cooked, braised",SR Legacy
"Lamb, variety meats and by-products, spleen, raw",SR Legacy
"Lamb, variety meats and by-products, tongue, cooked, braised",SR Legacy
"Lamb, variety meats and by-products, tongue, raw",SR Legacy
"Lambsquarter, cooked",Survey (FNDDS)
"Lambsquarters, cooked, boiled, drained, with salt",SR Legacy
"Lambsquarters, cooked, boiled, drained, without salt",SR Legacy
"Lambsquarters, raw",SR Legacy
"Lambsquarters, raw (Northern Plains Indians)",SR Legacy
"Lambsquarters, steamed (Northern Plains Indians)",SR Legacy
Lard,Survey (FNDDS)
Lard,SR Legacy
Lasagna with chicken or turkey,Survey (FNDDS)
Lasagna with meat,Survey (FNDDS)
"Lasagna with meat & sauce, frozen entree",SR Legacy
"Lasagna with meat & sauce, low-fat, frozen entree",SR Legacy
Lasagna with meat and spinach,Survey (FNDDS)
"Lasagna with meat sauce, frozen, prepared",SR Legacy
"Lasagna with meat, canned",Survey (FNDDS)
"Lasagna with meat, from restaurant",Survey (FNDDS)
"Lasagna with meat, frozen",Survey (FNDDS)
"Lasagna with meat, home recipe",Survey (FNDDS)
"Lasagna, cheese, frozen, prepared",SR Legacy
"Lasagna, cheese, frozen, unprepared",SR Legacy
"Lasagna, meatless",Survey (FNDDS)
"Lasagna, meatless, with vegetables",Survey (FNDDS)
"Lasagna, Vegetable, frozen, baked",SR Legacy
"Lasagna, with chicken or turkey, and spinach",Survey (FNDDS)
Lau lau,Survey (FNDDS)
Layer dip,Survey (FNDDS)
"LEAN POCKETS, Ham N Cheddar",SR Legacy
"Lean Pockets, Meatballs & Mozzarella",SR Legacy
"Leavening agents, baking powder, double-acting, sodium aluminum sulfate",SR Legacy
"Leavening agents, baking powder, double-acting, straight phosphate",SR Legacy
"Leavening agents, baking powder, low-sodium",SR Legacy
"Leavening agents, baking soda",SR Legacy
"Leavening agents, cream of tartar",SR Legacy
"Leavening agents, yeast, baker's, active dry",SR Legacy
"Leavening agents, yeast, baker's, compressed",SR Legacy
"Lebanon bologna, beef",SR Legacy
Leeks,Survey (FNDDS)
"Leeks, (bulb and lower leaf-portion), cooked, boiled, drained, with salt",SR Legacy
"Leeks, (bulb and lower leaf-portion), cooked, boiled, drained, without salt",SR Legacy
"Leeks, (bulb and lower leaf-portion), raw",SR Legacy
"Leeks, (bulb and lower-leaf portion), freeze-dried",SR Legacy
"Leeks, bulb and greens, root removed, raw",Foundation
Lefse,Survey (FNDDS)
"Lemon grass (citronella), raw",SR Legacy
"Lemon juice from concentrate, bottled, CONCORD",SR Legacy
"Lemon juice from concentrate, bottled, REAL LEMON",SR Legacy
"Lemon juice from concentrate, canned or bottled",SR Legacy
"Lemon juice, 100%, canned or bottled",Survey (FNDDS)
"Lemon juice, 100%, freshly squeezed",Survey (FNDDS)
"Lemon juice, 100%, NS as to form",Survey (FNDDS)
"Lemon juice, raw",SR Legacy
"Lemon peel, raw",SR Legacy
Lemon pie filling,Survey (FNDDS)
"Lemon, raw",Survey (FNDDS)
Lemon-butter sauce,Survey (FNDDS)
"Lemonade, frozen concentrate, not reconstituted",Survey (FNDDS)
"Lemonade, frozen concentrate, pink",SR Legacy
"Lemonade, frozen concentrate, white",SR Legacy
"Lemonade, frozen concentrate, white, prepared with water",SR Legacy
"Lemonade, fruit flavored drink",Survey (FNDDS)
"Lemonade, fruit juice drink",Survey (FNDDS)
"Lemonade, fruit juice drink, light",Survey (FNDDS)
"Lemonade, powder, prepared with water",SR Legacy
"Lemons, raw, without peel",SR Legacy
Lentil curry,Survey (FNDDS)
Lentil curry with rice,Survey (FNDDS)
"Lentils, dry",Foundation
"Lentils, from canned",Survey (FNDDS)
"Lentils, from dried, fat added",Survey (FNDDS)
"Lentils, from dried, no added fat",Survey (FNDDS)
"Lentils, mature seeds, cooked, boiled, with salt",SR Legacy
"Lentils, mature seeds, cooked, boiled, without salt",SR Legacy
"Lentils, NFS",Survey (FNDDS)
"Lentils, pink or red, raw",SR Legacy
"Lentils, raw",SR Legacy
"Lentils, sprouted, cooked, stir-fried, with salt",SR Legacy
"Lentils, sprouted, cooked, stir-fried, without salt",SR Legacy
"Lentils, sprouted, raw",SR Legacy
"Lettuce, arugula, raw",Survey (FNDDS)
"Lettuce, Boston, raw",Survey (FNDDS)
"Lettuce, butterhead (includes boston and bibb types), raw",SR Legacy
"Lettuce, cooked",Survey (FNDDS)
"Lettuce, cos or romaine, raw",SR Legacy
"Lettuce, cos or romaine, raw",Foundation
"Lettuce, for use on a sandwich",Survey (FNDDS)
"Lettuce, green leaf, raw",SR Legacy
"Lettuce, iceberg (includes crisphead types), raw",SR Legacy
"Lettuce, iceberg, raw",Foundation
"Lettuce, leaf, green, raw",Foundation
"Lettuce, leaf, red, raw",Foundation
"Lettuce, raw",Survey (FNDDS)
"Lettuce, red leaf, raw",SR Legacy
"Lettuce, romaine, green, raw",Foundation
"Lettuce, salad with assorted vegetables excluding tomatoes and carrots, no dressing",Survey (FNDDS)
"Lettuce, salad with assorted vegetables including tomatoes and/or carrots, no dressing",Survey (FNDDS)
"Lettuce, salad with avocado, tomato, and/or carrots, with or without other vegetables, no dressing",Survey (FNDDS)
"Lettuce, salad with cheese, tomato and/or carrots, with or without other vegetables, no dressing",Survey (FNDDS)
"Lettuce, salad with egg, cheese, tomato, and/or carrots, with or without other vegetables, no dressing",Survey (FNDDS)
"Lettuce, salad with egg, tomato, and/or carrots, with or without other vegetables, no dressing",Survey (FNDDS)
"Lettuce, wilted, with bacon dressing",Survey (FNDDS)
Licuado or Batido,Survey (FNDDS)
"Light ice cream bar, chocolate",Survey (FNDDS)
"Light ice cream bar, vanilla",Survey (FNDDS)
"Light ice cream bar, vanilla, chocolate coated",Survey (FNDDS)
"Light ice cream cone, chocolate, prepackaged",Survey (FNDDS)
"Light ice cream cone, vanilla, prepackaged",Survey (FNDDS)
"Light ice cream sandwich, chocolate",Survey (FNDDS)
"Light ice cream sandwich, vanilla",Survey (FNDDS)
"Light ice cream, chocolate",Survey (FNDDS)
"Light ice cream, Creamsicle",SR Legacy
"Light ice cream, NFS",Survey (FNDDS)
"Light Ice Cream, soft serve, blended with cookie pieces",SR Legacy
"Light Ice Cream, soft serve, blended with milk chocolate candies",SR Legacy
"Light ice cream, vanilla",Survey (FNDDS)
"Lima beans and corn, cooked, fat added",Survey (FNDDS)
"Lima beans and corn, cooked, no added fat",Survey (FNDDS)
"Lima beans, from canned",Survey (FNDDS)
"Lima beans, from dried",Survey (FNDDS)
"Lima beans, from frozen, fat added",Survey (FNDDS)
"Lima beans, from frozen, no added fat",Survey (FNDDS)
"Lima beans, immature seeds, canned, no salt added, solids and liquids",SR Legacy
"Lima beans, immature seeds, canned, regular pack, solids and liquids",SR Legacy
"Lima beans, immature seeds, cooked, boiled, drained, with salt",SR Legacy
"Lima beans, immature seeds, cooked, boiled, drained, without salt",SR Legacy
"Lima beans, immature seeds, frozen, baby, cooked, boiled, drained, with salt",SR Legacy
"Lima beans, immature seeds, frozen, baby, cooked, boiled, drained, without salt",SR Legacy
"Lima beans, immature seeds, frozen, baby, unprepared",SR Legacy
"Lima beans, immature seeds, frozen, fordhook, cooked, boiled, drained, with salt",SR Legacy
"Lima beans, immature seeds, frozen, fordhook, cooked, boiled, drained, without salt",SR Legacy
"Lima beans, immature seeds, frozen, fordhook, unprepared",SR Legacy
"Lima beans, immature seeds, raw",SR Legacy
"Lima beans, large, mature seeds, canned",SR Legacy
"Lima beans, large, mature seeds, cooked, boiled, with salt",SR Legacy
"Lima beans, large, mature seeds, cooked, boiled, without salt",SR Legacy
"Lima beans, large, mature seeds, raw",SR Legacy
"Lima beans, NFS",Survey (FNDDS)
"Lima beans, thin seeded (baby), mature seeds, cooked, boiled, with salt",SR Legacy
"Lima beans, thin seeded (baby), mature seeds, cooked, boiled, without salt",SR Legacy
"Lima beans, thin seeded (baby), mature seeds, raw",SR Legacy
"Lime juice, 100%, canned or bottled",Survey (FNDDS)
"Lime juice, 100%, freshly squeezed",Survey (FNDDS)
"Lime juice, 100%, NS as to form",Survey (FNDDS)
"Lime juice, canned or bottled, unsweetened",SR Legacy
"Lime juice, raw",SR Legacy
Lime souffle,Survey (FNDDS)
"Lime, raw",Survey (FNDDS)
"Limeade, frozen concentrate, prepared with water",SR Legacy
"Limes, raw",SR Legacy
Liqueur,Survey (FNDDS)
"Liqueur, coffee flavored",Survey (FNDDS)
"Liqueur, cream",Survey (FNDDS)
"Litchis, dried",SR Legacy
"Litchis, raw",SR Legacy
"LITTLE CAESARS 14"" Cheese Pizza, Large Deep Dish Crust",SR Legacy
"LITTLE CAESARS 14"" Cheese Pizza, Thin Crust",SR Legacy
"LITTLE CAESARS 14"" Original Round Cheese Pizza, Regular Crust",SR Legacy
"LITTLE CAESARS 14"" Original Round Meat and Vegetable Pizza, Regular Crust",SR Legacy
"LITTLE CAESARS 14"" Original Round Pepperoni Pizza, Regular Crust",SR Legacy
"LITTLE CAESARS 14"" Pepperoni Pizza, Large Deep Dish Crust",SR Legacy
"Liver cheese, pork",SR Legacy
"Liver sausage, liverwurst, pork",SR Legacy
"Liver, beef",Survey (FNDDS)
"Liver, beef or calves, and onions",Survey (FNDDS)
"Liver, chicken",Survey (FNDDS)
"Liver, paste or pate",Survey (FNDDS)
"Livers, chicken, chopped, with eggs and onion",Survey (FNDDS)
Liverwurst,Survey (FNDDS)
Liverwurst spread,SR Legacy
"Lo mein, meatless",Survey (FNDDS)
"Lo mein, NFS",Survey (FNDDS)
"Lo mein, with beef",Survey (FNDDS)
"Lo mein, with chicken",Survey (FNDDS)
"Lo mein, with pork",Survey (FNDDS)
"Lo mein, with shrimp",Survey (FNDDS)
Lobster,Survey (FNDDS)
Lobster gumbo,Survey (FNDDS)
Lobster salad,Survey (FNDDS)
"Lobster with bread stuffing, baked",Survey (FNDDS)
"Lobster with sauce, Puerto Rican style",Survey (FNDDS)
"Loganberries, frozen",SR Legacy
Lomi salmon,Survey (FNDDS)
Long Island iced tea,Survey (FNDDS)
"Long rice noodles, made from mung beans, cooked",Survey (FNDDS)
"Longans, dried",SR Legacy
"Longans, raw",SR Legacy
"Loquats, raw",SR Legacy
"Lotus root, cooked",Survey (FNDDS)
"Lotus root, cooked, boiled, drained, with salt",SR Legacy
"Lotus root, cooked, boiled, drained, without salt",SR Legacy
"Lotus root, raw",SR Legacy
"Luncheon meat, loaf type",Survey (FNDDS)
"Luncheon meat, NFS",Survey (FNDDS)
"Luncheon meat, pork and chicken, minced, canned, includes Spam Lite",SR Legacy
"Luncheon meat, pork with ham, minced, canned, includes Spam (Hormel)",SR Legacy
"Luncheon meat, pork, canned",SR Legacy
"Luncheon meat, pork, ham, and chicken, minced, canned, reduced sodium, added ascorbic acid, includes SPAM, 25% less sodium",SR Legacy
"Luncheon sausage, pork and beef",SR Legacy
"Luncheon slice, meatless-beef, chicken, salami or turkey",Survey (FNDDS)
"Luncheon slices, meatless",SR Legacy
"Lupins, mature seeds, cooked, boiled, with salt",SR Legacy
"Lupins, mature seeds, cooked, boiled, without salt",SR Legacy
"Lupins, mature seeds, raw",SR Legacy
"Luxury loaf, pork",SR Legacy
Lychee,Survey (FNDDS)
Macadamia nuts,Survey (FNDDS)
"Macaroni and cheese dinner with dry sauce mix, boxed, uncooked",SR Legacy
"Macaroni and cheese loaf, chicken, pork and beef",SR Legacy
"Macaroni and cheese, box mix with cheese sauce, prepared",SR Legacy
"Macaroni and cheese, box mix with cheese sauce, unprepared",SR Legacy
"Macaroni and Cheese, canned entree",SR Legacy
"Macaroni and Cheese, canned, microwavable",SR Legacy
"Macaroni and cheese, dry mix, prepared with 2% milk and 80% stick margarine from dry mix",SR Legacy
"Macaroni and cheese, frozen entree",SR Legacy
Macaroni or noodles with cheese,Survey (FNDDS)
Macaroni or noodles with cheese and chicken or turkey,Survey (FNDDS)
Macaroni or noodles with cheese and egg,Survey (FNDDS)
Macaroni or noodles with cheese and frankfurters or hot dogs,Survey (FNDDS)
Macaroni or noodles with cheese and meat,Survey (FNDDS)
"Macaroni or noodles with cheese and meat, prepared from Hamburger Helper mix",Survey (FNDDS)
Macaroni or noodles with cheese and tomato,Survey (FNDDS)
Macaroni or noodles with cheese and tuna,Survey (FNDDS)
"Macaroni or noodles with cheese, canned",Survey (FNDDS)
"Macaroni or noodles with cheese, Easy Mac type",Survey (FNDDS)
"Macaroni or noodles with cheese, from restaurant",Survey (FNDDS)
"Macaroni or noodles with cheese, made from packaged mix",Survey (FNDDS)
"Macaroni or noodles with cheese, made from reduced fat packaged mix",Survey (FNDDS)
"Macaroni or noodles with cheese, made from reduced fat packaged mix, unprepared",SR Legacy
"Macaroni or noodles with cheese, microwaveable, unprepared",SR Legacy
"Macaroni or noodles with cheese, whole grain",Survey (FNDDS)
"Macaroni or noodles, creamed, with cheese",Survey (FNDDS)
"Macaroni or noodles, creamed, with cheese and tuna",Survey (FNDDS)
Macaroni or pasta salad with cheese,Survey (FNDDS)
Macaroni or pasta salad with chicken,Survey (FNDDS)
Macaroni or pasta salad with crab meat,Survey (FNDDS)
Macaroni or pasta salad with egg,Survey (FNDDS)
Macaroni or pasta salad with meat,Survey (FNDDS)
Macaroni or pasta salad with shrimp,Survey (FNDDS)
Macaroni or pasta salad with tuna,Survey (FNDDS)
Macaroni or pasta salad with tuna and egg,Survey (FNDDS)
"Macaroni or pasta salad, made with any type of fat free dressing",Survey (FNDDS)
"Macaroni or pasta salad, made with creamy dressing",Survey (FNDDS)
"Macaroni or pasta salad, made with Italian dressing",Survey (FNDDS)
"Macaroni or pasta salad, made with light creamy dressing",Survey (FNDDS)
"Macaroni or pasta salad, made with light Italian dressing",Survey (FNDDS)
"Macaroni or pasta salad, made with light mayonnaise",Survey (FNDDS)
"Macaroni or pasta salad, made with light mayonnaise-type salad dressing",Survey (FNDDS)
"Macaroni or pasta salad, made with mayonnaise",Survey (FNDDS)
"Macaroni or pasta salad, made with mayonnaise-type salad dressing",Survey (FNDDS)
"Macaroni with tuna, Puerto Rican style",Survey (FNDDS)
"Macaroni, vegetable, enriched, cooked",SR Legacy
"Macaroni, vegetable, enriched, dry",SR Legacy
Mai Tai,Survey (FNDDS)
"Malabar spinach, cooked",SR Legacy
"Malt beverage, includes non-alcoholic beer",SR Legacy
"Mammy-apple, (mamey), raw",SR Legacy
"Mandarin, seedless, peeled, raw",Foundation
Mango nectar,Survey (FNDDS)
"Mango nectar, canned",SR Legacy
"Mango, Ataulfo, peeled, raw",Foundation
"Mango, canned",Survey (FNDDS)
"Mango, dried",Survey (FNDDS)
"Mango, dried, sweetened",SR Legacy
"Mango, frozen",Survey (FNDDS)
"Mango, raw",Survey (FNDDS)
"Mango, Tommy Atkins, peeled, raw",Foundation
"Mangos, raw",SR Legacy
"Mangosteen, canned, syrup pack",SR Legacy
Manhattan,Survey (FNDDS)
"Manicotti, cheese-filled, no sauce",Survey (FNDDS)
"Manicotti, cheese-filled, with meat sauce",Survey (FNDDS)
"Manicotti, cheese-filled, with tomato sauce, meatless",Survey (FNDDS)
"Manicotti, vegetable- and cheese-filled, with tomato sauce, meatless",Survey (FNDDS)
"Maraschino cherries, canned, drained",SR Legacy
"Margarine Spread, 40-49% fat, tub",SR Legacy
"Margarine, 80% fat, stick, includes regular and hydrogenated corn and soybean oils",SR Legacy
"Margarine, 80% fat, tub, CANOLA HARVEST Soft Spread (canola, palm and palm kernel oils)",SR Legacy
"Margarine, industrial, non-dairy, cottonseed, soy oil (partially hydrogenated ), for flaky pastries",SR Legacy
"Margarine, industrial, soy and partially hydrogenated soy oil, use for baking, sauces and candy",SR Legacy
"Margarine, light",Survey (FNDDS)
"Margarine, margarine-like vegetable oil spread, 67-70% fat, tub",SR Legacy
"Margarine, margarine-type vegetable oil spread, 70% fat, soybean and partially hydrogenated soybean, stick",SR Legacy
"Margarine, NFS",Survey (FNDDS)
"Margarine, regular, 80% fat, composite, stick, with salt",SR Legacy
"Margarine, regular, 80% fat, composite, stick, with salt, with added vitamin D",SR Legacy
"Margarine, regular, 80% fat, composite, stick, without salt",SR Legacy
"Margarine, regular, 80% fat, composite, stick, without salt, with added vitamin D",SR Legacy
"Margarine, regular, 80% fat, composite, tub, with salt",SR Legacy
"Margarine, regular, 80% fat, composite, tub, with salt, with added vitamin D",SR Legacy
"Margarine, regular, 80% fat, composite, tub, without salt",SR Legacy
"Margarine, regular, hard, soybean (hydrogenated)",SR Legacy
"Margarine, stick",Survey (FNDDS)
"Margarine, tub",Survey (FNDDS)
"Margarine,spread, 35-39% fat, tub",SR Legacy
"Margarine-like shortening, industrial, soy (partially hydrogenated), cottonseed, and soy, principal use flaky pastries",SR Legacy
"Margarine-like spread with yogurt, 70% fat, stick, with salt",SR Legacy
"Margarine-like spread with yogurt, approximately 40% fat, tub, with salt",SR Legacy
"Margarine-like spread, BENECOL Light Spread",SR Legacy
"Margarine-like spread, SMART BALANCE Light Buttery Spread",SR Legacy
"Margarine-like spread, SMART BALANCE Omega Plus Spread (with plant sterols & fish oil)",SR Legacy
"Margarine-like spread, SMART BALANCE Regular Buttery Spread with flax oil",SR Legacy
"Margarine-like spread, SMART BEAT Smart Squeeze",SR Legacy
"Margarine-like spread, SMART BEAT Super Light without saturated fat",SR Legacy
"Margarine-like vegetable-oil spread, stick/tub/bottle, 60% fat, with added vitamin D",SR Legacy
"Margarine-like, butter-margarine blend, 80% fat, stick, without salt",SR Legacy
"Margarine-like, margarine-butter blend, soybean oil and butter",SR Legacy
"Margarine-like, vegetable oil spread, 20% fat, with salt",SR Legacy
"Margarine-like, vegetable oil spread, 20% fat, without salt",SR Legacy
"Margarine-like, vegetable oil spread, 60% fat, stick, with salt",SR Legacy
"Margarine-like, vegetable oil spread, 60% fat, stick, with salt, with added vitamin D",SR Legacy
"Margarine-like, vegetable oil spread, 60% fat, stick/tub/bottle, with salt",SR Legacy
"Margarine-like, vegetable oil spread, 60% fat, stick/tub/bottle, without salt",SR Legacy
"Margarine-like, vegetable oil spread, 60% fat, stick/tub/bottle, without salt, with added vitamin D",SR Legacy
"Margarine-like, vegetable oil spread, 60% fat, tub, with salt",SR Legacy
"Margarine-like, vegetable oil spread, 60% fat, tub, with salt, with added vitamin D",SR Legacy
"Margarine-like, vegetable oil spread, approximately 37% fat, unspecified oils, with salt, with added vitamin D",SR Legacy
"Margarine-like, vegetable oil spread, fat free, liquid, with salt",SR Legacy
"Margarine-like, vegetable oil spread, fat-free, tub",SR Legacy
"Margarine-like, vegetable oil spread, stick or tub, sweetened",SR Legacy
"Margarine-like, vegetable oil-butter spread, reduced calorie, tub, with salt",SR Legacy
"Margarine-like, vegetable oil-butter spread, tub, with salt",SR Legacy
Margarita,Survey (FNDDS)
"Margarita mix, nonalcoholic",Survey (FNDDS)
Marie biscuit,Survey (FNDDS)
Marmalade,Survey (FNDDS)
"Marmalade, orange",SR Legacy
"Martha White Foods, Martha White's Buttermilk Biscuit Mix, dry",SR Legacy
"Martha White Foods, Martha White's Chewy Fudge Brownie Mix, dry",SR Legacy
Martini,Survey (FNDDS)
"Martini, flavored",Survey (FNDDS)
"Mary's Gone Crackers, Original Crackers, Organic Gluten Free",SR Legacy
"Masa harina, cooked",Survey (FNDDS)
"Mashu roots, raw (Alaska Native)",SR Legacy
"Mayonnaise dressing, no cholesterol",SR Legacy
"Mayonnaise, fat free",Survey (FNDDS)
"Mayonnaise, light",Survey (FNDDS)
"Mayonnaise, low sodium, low calorie or diet",SR Legacy
"Mayonnaise, made with tofu",SR Legacy
"Mayonnaise, reduced fat,  with olive oil",Survey (FNDDS)
"Mayonnaise, reduced fat, with olive oil",SR Legacy
"Mayonnaise, reduced-calorie or diet, cholesterol-free",SR Legacy
"Mayonnaise, regular",Survey (FNDDS)
Mayonnaise-type salad dressing,Survey (FNDDS)
"Mayonnaise-type salad dressing, light",Survey (FNDDS)
McDONALD'S Bacon Ranch Salad with Crispy Chicken,SR Legacy
"McDONALD'S, Bacon Egg & Cheese Biscuit",SR Legacy
"McDONALD'S, Bacon Ranch Salad with Grilled Chicken",SR Legacy
"McDONALD'S, Bacon Ranch Salad without chicken",SR Legacy
"McDONALD'S, Bacon, Egg & Cheese McGRIDDLES",SR Legacy
"McDONALD'S, BIG BREAKFAST",SR Legacy
"McDONALD'S, BIG MAC",SR Legacy
"McDONALD'S, BIG MAC (without Big Mac Sauce)",SR Legacy
"McDONALD'S, Cheeseburger",SR Legacy
"McDONALD'S, Chicken McNUGGETS",SR Legacy
"McDONALD'S, Deluxe Breakfast, with syrup and margarine",SR Legacy
"McDONALD'S, Double Cheeseburger",SR Legacy
"McDONALD'S, DOUBLE QUARTER POUNDER with Cheese",SR Legacy
"McDONALD'S, Egg McMUFFIN",SR Legacy
"McDONALD'S, FILET-O-FISH",SR Legacy
"McDONALD'S, FILET-O-FISH (without tartar sauce)",SR Legacy
"McDONALD'S, french fries",SR Legacy
"McDONALD'S, Fruit 'n Yogurt Parfait",SR Legacy
"McDONALD'S, Fruit 'n Yogurt Parfait (without granola)",SR Legacy
"McDONALD'S, Hamburger",SR Legacy
"McDONALD'S, Hash Brown",SR Legacy
"McDONALD'S, Hot Caramel Sundae",SR Legacy
"McDONALD'S, Hot Fudge Sundae",SR Legacy
"McDONALD'S, Hotcakes (plain)",SR Legacy
"McDONALD'S, Hotcakes (with 2 pats margarine & syrup)",SR Legacy
"McDONALD'S, Hotcakes and Sausage",SR Legacy
"McDONALD'S, McCHICKEN Sandwich",SR Legacy
"McDONALD'S, McCHICKEN Sandwich (without mayonnaise)",SR Legacy
"McDONALD'S, McFLURRY with M&M'S CANDIES",SR Legacy
"McDONALD'S, McFLURRY with OREO cookies",SR Legacy
"McDONALD'S, QUARTER POUNDER",SR Legacy
"McDONALD'S, QUARTER POUNDER with Cheese",SR Legacy
"McDONALD'S, RANCH SNACK WRAP, Crispy",SR Legacy
"McDONALD'S, RANCH SNACK WRAP, Grilled",SR Legacy
"McDONALD'S, Sausage Biscuit",SR Legacy
"McDONALD'S, Sausage Biscuit with Egg",SR Legacy
"McDONALD'S, Sausage Burrito",SR Legacy
"McDONALD'S, Sausage McGRIDDLES",SR Legacy
"McDONALD'S, Sausage McMUFFIN",SR Legacy
"McDONALD'S, Sausage McMUFFIN with Egg",SR Legacy
"McDONALD'S, Sausage, Egg & Cheese McGRIDDLES",SR Legacy
"McDONALD'S, Side Salad",SR Legacy
"McDONALD'S, Southern Style Chicken Biscuit",SR Legacy
"McDONALD'S, Strawberry Sundae",SR Legacy
"McDONALD'S, Vanilla Reduced Fat Ice Cream Cone",SR Legacy
McDouble (McDonalds),Survey (FNDDS)
"Mckee Baking, Little Debbie Nutty Bars, Wafers with Peanut Butter, Chocolate Covered",SR Legacy
Meat extender,SR Legacy
"Meat loaf dinner, NFS, frozen meal",Survey (FNDDS)
Meat loaf made with beef,Survey (FNDDS)
Meat loaf made with beef and pork,Survey (FNDDS)
"Meat loaf made with beef and pork, with tomato-based sauce",Survey (FNDDS)
"Meat loaf made with beef, veal and pork",Survey (FNDDS)
"Meat loaf made with beef, with tomato-based sauce",Survey (FNDDS)
Meat loaf made with chicken or turkey,Survey (FNDDS)
"Meat loaf made with chicken or turkey, with tomato-based sauce",Survey (FNDDS)
Meat loaf made with ham,Survey (FNDDS)
Meat loaf made with venison/deer,Survey (FNDDS)
"Meat loaf with potatoes, vegetable, frozen meal",Survey (FNDDS)
"Meat loaf, NS as to type of meat",Survey (FNDDS)
"Meat loaf, Puerto Rican style",Survey (FNDDS)
"Meat spread or potted meat, NFS",Survey (FNDDS)
"Meat substitute, cereal- and vegetable protein-based, fried",Survey (FNDDS)
"Meat with gravy, NS as to type of meat,",Survey (FNDDS)
Meat with tomato-based sauce,Survey (FNDDS)
"Meat, ground, NFS",Survey (FNDDS)
"Meat, NFS",Survey (FNDDS)
Meatball sandwich or sub,Survey (FNDDS)
"Meatball, meatless",Survey (FNDDS)
"Meatballs, frozen, Italian style",SR Legacy
"Meatballs, meatless",SR Legacy
"Meatballs, NS as to type of meat, with sauce",Survey (FNDDS)
"Meatballs, Puerto Rican style",Survey (FNDDS)
"Meatballs, Swedish, in gravy, with noodles, diet frozen meal",Survey (FNDDS)
"Meatballs, with breading, NS as to type of meat, with gravy",Survey (FNDDS)
Meatloaf sandwich,Survey (FNDDS)
Melba toast,Survey (FNDDS)
"Melon balls, frozen",SR Legacy
"Melon, banana (Navajo)",SR Legacy
"Melon, frozen",Survey (FNDDS)
"Melons, cantaloupe, raw",Foundation
"Melons, cantaloupe, raw",SR Legacy
"Melons, casaba, raw",SR Legacy
"Melons, honeydew, raw",Foundation
"Melons, honeydew, raw",SR Legacy
Meringues,Survey (FNDDS)
Mexican pizza,Survey (FNDDS)
Michelada,Survey (FNDDS)
Milk 'n Cereal bar,Survey (FNDDS)
Milk and cereal bar,SR Legacy
"Milk dessert bar, frozen, made from lowfat milk",SR Legacy
"Milk dessert, frozen, milk-fat free, chocolate",SR Legacy
Milk shake with malt,Survey (FNDDS)
"Milk shake, bottled, chocolate",Survey (FNDDS)
"Milk shake, bottled, flavors other than chocolate",Survey (FNDDS)
"Milk shake, fast food, chocolate",Survey (FNDDS)
"Milk shake, fast food, flavors other than chocolate",Survey (FNDDS)
"Milk shake, home recipe, chocolate",Survey (FNDDS)
"Milk shake, home recipe, chocolate, light",Survey (FNDDS)
"Milk shake, home recipe, flavors other than chocolate",Survey (FNDDS)
"Milk shake, home recipe, flavors other than chocolate, light",Survey (FNDDS)
"Milk shakes, thick chocolate",SR Legacy
"Milk shakes, thick vanilla",SR Legacy
"Milk substitutes, fluid, with lauric acid oil",SR Legacy
"Milk, buttermilk, dried",SR Legacy
"Milk, buttermilk, fluid, cultured, lowfat",SR Legacy
"Milk, buttermilk, fluid, cultured, reduced fat",SR Legacy
"Milk, buttermilk, fluid, whole",SR Legacy
"Milk, canned, condensed, sweetened",SR Legacy
"Milk, canned, evaporated, nonfat, with added vitamin A and vitamin D",SR Legacy
"Milk, canned, evaporated, with added vitamin A",SR Legacy
"Milk, canned, evaporated, with added vitamin D and without added vitamin A",SR Legacy
"Milk, chocolate beverage, hot cocoa, homemade",SR Legacy
"Milk, chocolate, fat free, with added vitamin A and vitamin D",SR Legacy
"Milk, chocolate, fluid, commercial, reduced fat, with added calcium",SR Legacy
"Milk, chocolate, fluid, commercial, reduced fat, with added vitamin A and vitamin D",SR Legacy
"Milk, chocolate, fluid, commercial, whole, with added vitamin A and vitamin D",SR Legacy
"Milk, chocolate, lowfat, reduced sugar",SR Legacy
"Milk, chocolate, lowfat, with added vitamin A and vitamin D",SR Legacy
"Milk, condensed, sweetened",Survey (FNDDS)
"Milk, dry, nonfat, calcium reduced",SR Legacy
"Milk, dry, nonfat, instant, with added vitamin A and vitamin D",SR Legacy
"Milk, dry, nonfat, instant, without added vitamin A and vitamin D",SR Legacy
"Milk, dry, nonfat, regular, with added vitamin A and vitamin D",SR Legacy
"Milk, dry, nonfat, regular, without added vitamin A and vitamin D",SR Legacy
"Milk, dry, not reconstituted",Survey (FNDDS)
"Milk, dry, reconstituted, nonfat",Survey (FNDDS)
"Milk, dry, reconstituted, whole",Survey (FNDDS)
"Milk, dry, whole, with added vitamin D",SR Legacy
"Milk, dry, whole, without added vitamin D",SR Legacy
"Milk, evaporated, 2% fat, with added vitamin A and vitamin D",SR Legacy
"Milk, evaporated, fat free (skim)",Survey (FNDDS)
"Milk, evaporated, NS as to fat content",Survey (FNDDS)
"Milk, evaporated, reduced fat (2%)",Survey (FNDDS)
"Milk, evaporated, whole",Survey (FNDDS)
"Milk, fat free (skim)",Survey (FNDDS)
"Milk, filled, fluid, with blend of hydrogenated vegetable oils",SR Legacy
"Milk, filled, fluid, with lauric acid oil",SR Legacy
"Milk, fluid, 1% fat, without added vitamin A and vitamin D",SR Legacy
"Milk, fluid, nonfat, calcium fortified (fat free or skim)",SR Legacy
"Milk, goat, fluid, with added vitamin D",SR Legacy
"Milk, human",Survey (FNDDS)
"Milk, human, mature, fluid (For Reference Only)",SR Legacy
"Milk, imitation, non-soy",SR Legacy
"Milk, indian buffalo, fluid",SR Legacy
"Milk, lactose free, fat free (skim)",Survey (FNDDS)
"Milk, lactose free, low fat (1%)",Survey (FNDDS)
"Milk, lactose free, reduced fat (2%)",Survey (FNDDS)
"Milk, lactose free, whole",Survey (FNDDS)
"Milk, low fat (1%)",Survey (FNDDS)
"Milk, low sodium, fluid",SR Legacy
"Milk, lowfat, fluid, 1% milkfat, protein fortified, with added vitamin A and vitamin D",SR Legacy
"Milk, lowfat, fluid, 1% milkfat, with added nonfat milk solids, vitamin A and vitamin D",SR Legacy
"Milk, lowfat, fluid, 1% milkfat, with added vitamin A and vitamin D",Foundation
"Milk, lowfat, fluid, 1% milkfat, with added vitamin A and vitamin D",SR Legacy
"Milk, malted",Survey (FNDDS)
"Milk, malted, dry mix, not reconstituted",Survey (FNDDS)
"Milk, NFS",Survey (FNDDS)
"Milk, nonfat, fluid, protein fortified, with added vitamin A and vitamin D (fat free and skim)",SR Legacy
"Milk, nonfat, fluid, with added nonfat milk solids, vitamin A and vitamin D (fat free or skim)",SR Legacy
"Milk, nonfat, fluid, with added vitamin A and vitamin D (fat free or skim)",SR Legacy
"Milk, nonfat, fluid, with added vitamin A and vitamin D (fat free or skim)",Foundation
"Milk, nonfat, fluid, without added vitamin A and vitamin D (fat free or skim)",SR Legacy
"Milk, producer, fluid, 3.7% milkfat",SR Legacy
"Milk, reduced fat (2%)",Survey (FNDDS)
"Milk, reduced fat, fluid, 2% milkfat, protein fortified, with added vitamin A and vitamin D",SR Legacy
"Milk, reduced fat, fluid, 2% milkfat, with added nonfat milk solids and vitamin A and vitamin D",SR Legacy
"Milk, reduced fat, fluid, 2% milkfat, with added nonfat milk solids, without added vitamin A",SR Legacy
"Milk, reduced fat, fluid, 2% milkfat, with added vitamin A and vitamin D",SR Legacy
"Milk, reduced fat, fluid, 2% milkfat, with added vitamin A and vitamin D",Foundation
"Milk, reduced fat, fluid, 2% milkfat, without added vitamin A and vitamin D",SR Legacy
"Milk, sheep, fluid",SR Legacy
"Milk, whole",Survey (FNDDS)
"Milk, whole, 3.25% milkfat, with added vitamin D",Foundation
"Milk, whole, 3.25% milkfat, with added vitamin D",SR Legacy
"Milk, whole, 3.25% milkfat, without added vitamin A and vitamin D",SR Legacy
Millet,Survey (FNDDS)
Millet flour,SR Legacy
"Millet, cooked",SR Legacy
"Millet, puffed",SR Legacy
"Millet, raw",SR Legacy
"Millet, whole grain",Foundation
Mimosa,Survey (FNDDS)
Mint julep,Survey (FNDDS)
"Mirepoix, cooked, as ingredient",Survey (FNDDS)
Miso,Survey (FNDDS)
Miso,SR Legacy
Miso sauce,Survey (FNDDS)
"Mission Foods, Mission Flour Tortillas, Soft Taco, 8 inch",SR Legacy
"Mixed nuts, honey roasted",Survey (FNDDS)
"Mixed nuts, NFS",Survey (FNDDS)
"Mixed nuts, unroasted",Survey (FNDDS)
"Mixed nuts, with peanuts, lightly salted",Survey (FNDDS)
"Mixed nuts, with peanuts, salted",Survey (FNDDS)
"Mixed nuts, with peanuts, unsalted",Survey (FNDDS)
"Mixed nuts, without peanuts, salted",Survey (FNDDS)
"Mixed nuts, without peanuts, unsalted",Survey (FNDDS)
"Mixed salad greens, raw",Survey (FNDDS)
Mixed seeds,Survey (FNDDS)
Mixed vegetable juice,Survey (FNDDS)
Mock chicken legs,Survey (FNDDS)
Mojito,Survey (FNDDS)
Molasses,Survey (FNDDS)
Molasses,SR Legacy
Mole sauce,Survey (FNDDS)
"Mollusks, abalone, mixed species, cooked, fried",SR Legacy
"Mollusks, abalone, mixed species, raw",SR Legacy
"Mollusks, clam, mixed species, canned, drained solids",SR Legacy
"Mollusks, clam, mixed species, canned, liquid",SR Legacy
"Mollusks, clam, mixed species, cooked, breaded and fried",SR Legacy
"Mollusks, clam, mixed species, cooked, moist heat",SR Legacy
"Mollusks, clam, mixed species, raw",SR Legacy
"Mollusks, conch, baked or broiled",SR Legacy
"Mollusks, cuttlefish, mixed species, cooked, moist heat",SR Legacy
"Mollusks, cuttlefish, mixed species, raw",SR Legacy
"Mollusks, mussel, blue, cooked, moist heat",SR Legacy
"Mollusks, mussel, blue, raw",SR Legacy
"Mollusks, octopus, common, cooked, moist heat",SR Legacy
"Mollusks, octopus, common, raw",SR Legacy
"Mollusks, oyster, eastern, canned",SR Legacy
"Mollusks, oyster, eastern, cooked, breaded and fried",SR Legacy
"Mollusks, oyster, eastern, farmed, cooked, dry heat",SR Legacy
"Mollusks, oyster, eastern, farmed, raw",SR Legacy
"Mollusks, oyster, eastern, wild, cooked, dry heat",SR Legacy
"Mollusks, oyster, eastern, wild, cooked, moist heat",SR Legacy
"Mollusks, oyster, eastern, wild, raw",SR Legacy
"Mollusks, oyster, Pacific, cooked, moist heat",SR Legacy
"Mollusks, oyster, Pacific, raw",SR Legacy
"Mollusks, scallop, (bay and sea), cooked, steamed",SR Legacy
"Mollusks, scallop, mixed species, cooked, breaded and fried",SR Legacy
"Mollusks, scallop, mixed species, imitation, made from surimi",SR Legacy
"Mollusks, scallop, mixed species, raw",SR Legacy
"Mollusks, snail, raw",SR Legacy
"Mollusks, squid, mixed species, cooked, fried",SR Legacy
"Mollusks, squid, mixed species, raw",SR Legacy
"Mollusks, whelk, unspecified, cooked, moist heat",SR Legacy
"Mollusks, whelk, unspecified, raw",SR Legacy
Moo Goo Gai Pan,Survey (FNDDS)
"Moo Shu pork, without Chinese pancake",Survey (FNDDS)
Moose,Survey (FNDDS)
"Moose, liver, braised (Alaska Native)",SR Legacy
"Moose, meat, raw (Alaska Native)",SR Legacy
"MORI-NU, Tofu, silken, extra firm",SR Legacy
"MORI-NU, Tofu, silken, firm",SR Legacy
"MORI-NU, Tofu, silken, lite extra firm",SR Legacy
"MORI-NU, Tofu, silken, lite firm",SR Legacy
"MORI-NU, Tofu, silken, soft",SR Legacy
Mortadella,Survey (FNDDS)
"Mortadella, beef, pork",SR Legacy
Moscow mule,Survey (FNDDS)
"Mothbeans, mature seeds, cooked, boiled, with salt",SR Legacy
"Mothbeans, mature seeds, cooked, boiled, without salt",SR Legacy
"Mothbeans, mature seeds, raw",SR Legacy
"Mother's loaf, pork",SR Legacy
"Mountain yam, hawaii, cooked, steamed, with salt",SR Legacy
"Mountain yam, hawaii, cooked, steamed, without salt",SR Legacy
"Mountain yam, hawaii, raw",SR Legacy
"Mouse nuts, roots (Alaska Native)",SR Legacy
"Mouse nuts, seedlings (Alaska Native)",SR Legacy
Mousse,Survey (FNDDS)
"Mozzarella cheese, tomato, and basil, with oil and vinegar dressing",Survey (FNDDS)
"Mozzarella sticks, breaded, baked, or fried",Survey (FNDDS)
"Muffin, blueberry, commercially prepared, low-fat",SR Legacy
"Muffin, bran with fruit, lowfat",Survey (FNDDS)
"Muffin, carrot",Survey (FNDDS)
"Muffin, cheese",Survey (FNDDS)
"Muffin, chocolate",Survey (FNDDS)
"Muffin, chocolate chip",Survey (FNDDS)
"Muffin, English",Survey (FNDDS)
"Muffin, English, cheese",Survey (FNDDS)
"Muffin, English, multigrain",Survey (FNDDS)
"Muffin, English, oat bran",Survey (FNDDS)
"Muffin, English, oat bran, with raisins",Survey (FNDDS)
"Muffin, English, pumpernickel",Survey (FNDDS)
"Muffin, English, rye",Survey (FNDDS)
"Muffin, English, wheat bran",Survey (FNDDS)
"Muffin, English, wheat bran, with raisins",Survey (FNDDS)
"Muffin, English, wheat or cracked wheat",Survey (FNDDS)
"Muffin, English, wheat or cracked wheat, with raisins",Survey (FNDDS)
"Muffin, English, whole grain white",Survey (FNDDS)
"Muffin, English, whole wheat",Survey (FNDDS)
"Muffin, English, whole wheat, with raisins",Survey (FNDDS)
"Muffin, English, with fruit other than raisins",Survey (FNDDS)
"Muffin, English, with raisins",Survey (FNDDS)
"Muffin, fruit",Survey (FNDDS)
"Muffin, fruit, low fat",Survey (FNDDS)
"Muffin, NFS",Survey (FNDDS)
"Muffin, oat bran",Survey (FNDDS)
"Muffin, oatmeal",Survey (FNDDS)
"Muffin, plain",Survey (FNDDS)
"Muffin, pumpkin",Survey (FNDDS)
"Muffin, wheat",Survey (FNDDS)
"Muffin, wheat bran",Survey (FNDDS)
"Muffin, whole grain",Survey (FNDDS)
"Muffin, whole wheat",Survey (FNDDS)
"Muffin, zucchini",Survey (FNDDS)
"Muffins, blueberry, commercially prepared (Includes mini-muffins)",SR Legacy
"Muffins, blueberry, dry mix",SR Legacy
"Muffins, blueberry, prepared from recipe, made with low fat (2%) milk",SR Legacy
"Muffins, blueberry, toaster-type",SR Legacy
"Muffins, blueberry, toaster-type, toasted",SR Legacy
"Muffins, corn, commercially prepared",SR Legacy
"Muffins, corn, dry mix, prepared",SR Legacy
"Muffins, corn, prepared from recipe, made with low fat (2%) milk",SR Legacy
"Muffins, corn, toaster-type",SR Legacy
"Muffins, English, mixed-grain (includes granola)",SR Legacy
"Muffins, English, plain, enriched, with ca prop (includes sourdough)",SR Legacy
"Muffins, English, plain, toasted, enriched, with calcium propionate (includes sourdough)",SR Legacy
"Muffins, English, raisin-cinnamon (includes apple-cinnamon)",SR Legacy
"Muffins, English, raisin-cinnamon, toasted (includes apple-cinnamon)",SR Legacy
"Muffins, English, wheat",SR Legacy
"Muffins, English, whole-wheat",SR Legacy
"Muffins, oat bran",SR Legacy
"Muffins, plain, prepared from recipe, made with low fat (2%) milk",SR Legacy
"Muffins, wheat bran, dry mix",SR Legacy
"Muffins, wheat bran, toaster-type with raisins, toasted",SR Legacy
"Mulberries, raw",SR Legacy
Multigrain chips (Sun Chips),Survey (FNDDS)
Multiple meat sandwich on wheat,Survey (FNDDS)
"Multiple meat sandwich on wheat, with cheese",Survey (FNDDS)
Multiple meat sandwich on white,Survey (FNDDS)
"Multiple meat sandwich on white, with cheese",Survey (FNDDS)
"Multiple meat sandwich or sub, restaurant",Survey (FNDDS)
"Multiple meat sandwich or sub, with cheese, restaurant",Survey (FNDDS)
Multiple meat sandwich wrap,Survey (FNDDS)
"Mung beans, cooked",Survey (FNDDS)
"Mung beans, mature seeds, cooked, boiled, with salt",SR Legacy
"Mung beans, mature seeds, cooked, boiled, without salt",SR Legacy
"Mung beans, mature seeds, raw",SR Legacy
"Mung beans, mature seeds, sprouted, cooked, boiled, drained, with salt",SR Legacy
"Mung beans, mature seeds, sprouted, cooked, boiled, drained, without salt",SR Legacy
"Mung beans, mature seeds, sprouted, cooked, stir-fried",SR Legacy
"Mung beans, mature seeds, sprouted, raw",SR Legacy
"Mungo beans, mature seeds, cooked, boiled, with salt",SR Legacy
"Mungo beans, mature seeds, cooked, boiled, without salt",SR Legacy
"Mungo beans, mature seeds, raw",SR Legacy
"Mush, blue corn with ash (Navajo)",SR Legacy
"Mushroom, Asian, cooked, from dried",Survey (FNDDS)
"Mushroom, beech",Foundation
"Mushroom, crimini",Foundation
"Mushroom, enoki",Foundation
"Mushroom, king oyster",Foundation
"Mushroom, lion's mane",Foundation
"Mushroom, maitake",Foundation
"Mushroom, oyster",Foundation
"Mushroom, pioppini",Foundation
"Mushroom, portabella",Foundation
"Mushroom, white, exposed to ultraviolet light, raw",SR Legacy
"Mushrooms, brown, italian, or crimini, exposed to ultraviolet light, raw",SR Legacy
"Mushrooms, brown, italian, or crimini, raw",SR Legacy
"Mushrooms, canned, cooked",Survey (FNDDS)
"Mushrooms, canned, drained solids",SR Legacy
"Mushrooms, Chanterelle, raw",SR Legacy
"Mushrooms, cooked, as ingredient",Survey (FNDDS)
"Mushrooms, enoki, raw",SR Legacy
"Mushrooms, for use on a sandwich",Survey (FNDDS)
"Mushrooms, fresh, cooked with butter or margarine",Survey (FNDDS)
"Mushrooms, fresh, cooked with oil",Survey (FNDDS)
"Mushrooms, fresh, cooked, fat added, NS as to fat type",Survey (FNDDS)
"Mushrooms, fresh, cooked, no added fat",Survey (FNDDS)
"Mushrooms, maitake, raw",SR Legacy
"Mushrooms, morel, raw",SR Legacy
"Mushrooms, NS as to form, cooked",Survey (FNDDS)
"Mushrooms, oyster, raw",SR Legacy
"Mushrooms, pickled",Survey (FNDDS)
"Mushrooms, portabella, exposed to ultraviolet light, grilled",SR Legacy
"Mushrooms, portabella, exposed to ultraviolet light, raw",SR Legacy
"Mushrooms, portabella, grilled",SR Legacy
"Mushrooms, portabella, raw",SR Legacy
"Mushrooms, raw",Survey (FNDDS)
"Mushrooms, shiitake",Foundation
"Mushrooms, shiitake, cooked, with salt",SR Legacy
"Mushrooms, shiitake, cooked, without salt",SR Legacy
"Mushrooms, shiitake, dried",SR Legacy
"Mushrooms, shiitake, raw",SR Legacy
"Mushrooms, shiitake, stir-fried",SR Legacy
"Mushrooms, straw, canned, drained solids",SR Legacy
"Mushrooms, stuffed",Survey (FNDDS)
"Mushrooms, white button",Foundation
"Mushrooms, white, cooked, boiled, drained, with salt",SR Legacy
"Mushrooms, white, cooked, boiled, drained, without salt",SR Legacy
"Mushrooms, white, microwaved",SR Legacy
"Mushrooms, white, raw",SR Legacy
"Mushrooms, white, stir-fried",SR Legacy
Mussels,Survey (FNDDS)
Mustard,Survey (FNDDS)
"Mustard greens, cooked, boiled, drained, with salt",SR Legacy
"Mustard greens, cooked, boiled, drained, without salt",SR Legacy
"Mustard greens, fresh, cooked, fat added",Survey (FNDDS)
"Mustard greens, fresh, cooked, no added fat",Survey (FNDDS)
"Mustard greens, frozen, cooked, boiled, drained, with salt",SR Legacy
"Mustard greens, frozen, cooked, boiled, drained, without salt",SR Legacy
"Mustard greens, frozen, cooked, fat added",Survey (FNDDS)
"Mustard greens, frozen, cooked, no added fat",Survey (FNDDS)
"Mustard greens, frozen, unprepared",SR Legacy
"Mustard greens, NS as to form, cooked",Survey (FNDDS)
"Mustard greens, raw",Survey (FNDDS)
"Mustard greens, raw",SR Legacy
"Mustard spinach, (tendergreen), cooked, boiled, drained, with salt",SR Legacy
"Mustard spinach, (tendergreen), cooked, boiled, drained, without salt",SR Legacy
"Mustard spinach, (tendergreen), raw",SR Legacy
"Mustard, prepared, yellow",Foundation
"Mustard, prepared, yellow",SR Legacy
"Mutton, cooked, roasted (Navajo)",SR Legacy
"Nabisco, Nabisco Grahams Crackers",SR Legacy
"Nabisco, Nabisco Oreo Crunchies, Cookie Crumb Topping",SR Legacy
"Nabisco, Nabisco Ritz Crackers",SR Legacy
"Nabisco, Nabisco Snackwell's Fat Free Devil's Food Cookie Cakes",SR Legacy
"Nachos, beef or pork",Survey (FNDDS)
"Nachos, beef or pork, with beans",Survey (FNDDS)
"Nachos, cheese only",Survey (FNDDS)
"Nachos, chicken",Survey (FNDDS)
"Nachos, chicken, with beans",Survey (FNDDS)
"Nachos, NFS",Survey (FNDDS)
"Nachos, with beans",Survey (FNDDS)
"Nance, canned, syrup, drained",SR Legacy
"Nance, frozen, unsweetened",SR Legacy
"Naranjilla (lulo) pulp, frozen, unsweetened",SR Legacy
Natto,SR Legacy
Natto,Survey (FNDDS)
"Nectarine, raw",Survey (FNDDS)
"Nectarines, raw",SR Legacy
"Nectarines, raw",Foundation
"New zealand spinach, cooked, boiled, drained, with salt",SR Legacy
"New Zealand spinach, cooked, boiled, drained, without salt",SR Legacy
"New Zealand spinach, raw",SR Legacy
"Non-dairy milk, NFS",Survey (FNDDS)
Noodle pudding,Survey (FNDDS)
"Noodles with vegetables in tomato-based sauce, diet frozen meal",Survey (FNDDS)
"Noodles, chinese, cellophane or long rice (mung beans), dehydrated",SR Legacy
"Noodles, chinese, chow mein",SR Legacy
"Noodles, chow mein",Survey (FNDDS)
"Noodles, cooked",Survey (FNDDS)
"Noodles, egg, cooked, enriched, with added salt",SR Legacy
"Noodles, egg, cooked, unenriched, with added salt",SR Legacy
"Noodles, egg, dry, enriched",SR Legacy
"Noodles, egg, dry, unenriched",SR Legacy
"Noodles, egg, enriched, cooked",SR Legacy
"Noodles, egg, spinach, enriched, cooked",SR Legacy
"Noodles, egg, spinach, enriched, dry",SR Legacy
"Noodles, egg, unenriched, cooked, without added salt",SR Legacy
"Noodles, flat, crunchy, Chinese restaurant",SR Legacy
"Noodles, japanese, soba, cooked",SR Legacy
"Noodles, japanese, soba, dry",SR Legacy
"Noodles, japanese, somen, cooked",SR Legacy
"Noodles, japanese, somen, dry",SR Legacy
"Noodles, whole grain, cooked",Survey (FNDDS)
"Nopales, cooked, without salt",SR Legacy
"Nopales, raw",SR Legacy
Nutella sandwich on wheat bread,Survey (FNDDS)
Nutella sandwich on white bread,Survey (FNDDS)
Nutrition bar (Balance Original Bar),Survey (FNDDS)
Nutrition bar (Clif Bar),Survey (FNDDS)
Nutrition bar (Clif Kids Organic Zbar),Survey (FNDDS)
Nutrition bar (PowerBar),Survey (FNDDS)
Nutrition bar (Slim Fast Original Meal Bar),Survey (FNDDS)
Nutrition bar (Snickers Marathon Protein Bar),Survey (FNDDS)
Nutrition bar (South Beach Living High Protein Bar),Survey (FNDDS)
Nutrition bar (South Beach Living Meal Bar),Survey (FNDDS)
Nutrition bar (Tiger's Milk),Survey (FNDDS)
Nutrition bar (Zone Perfect Classic Crunch),Survey (FNDDS)
"Nutrition bar or meal replacement bar, NFS",Survey (FNDDS)
"Nutritional drink or shake, high protein, light, ready-to-drink, NFS",Survey (FNDDS)
"Nutritional drink or shake, high protein, ready-to-drink (Slim Fast)",Survey (FNDDS)
"Nutritional drink or shake, high protein, ready-to-drink, NFS",Survey (FNDDS)
"Nutritional drink or shake, liquid, soy-based",Survey (FNDDS)
"Nutritional drink or shake, ready-to-drink (Boost Plus)",Survey (FNDDS)
"Nutritional drink or shake, ready-to-drink (Boost)",Survey (FNDDS)
"Nutritional drink or shake, ready-to-drink (Carnation Instant Breakfast)",Survey (FNDDS)
"Nutritional drink or shake, ready-to-drink (Ensure Plus)",Survey (FNDDS)
"Nutritional drink or shake, ready-to-drink (Ensure)",Survey (FNDDS)
"Nutritional drink or shake, ready-to-drink (Muscle Milk)",Survey (FNDDS)
"Nutritional drink or shake, ready-to-drink (Slim Fast)",Survey (FNDDS)
"Nutritional drink or shake, ready-to-drink, light (Muscle Milk)",Survey (FNDDS)
"Nutritional drink or shake, ready-to-drink, NFS",Survey (FNDDS)
"Nutritional drink or shake, ready-to-drink, sugar free (Glucerna)",Survey (FNDDS)
"Nutritional drink or shake, ready-to-drink, sugar free (Slim Fast)",Survey (FNDDS)
Nutritional powder mix (Carnation Instant Breakfast),Survey (FNDDS)
Nutritional powder mix (EAS Soy Protein Powder),Survey (FNDDS)
Nutritional powder mix (EAS Whey Protein Powder),Survey (FNDDS)
Nutritional powder mix (Isopure),Survey (FNDDS)
Nutritional powder mix (Muscle Milk),Survey (FNDDS)
Nutritional powder mix (Slim Fast),Survey (FNDDS)
"Nutritional powder mix, high protein (Herbalife)",Survey (FNDDS)
"Nutritional powder mix, high protein (Slim Fast)",Survey (FNDDS)
"Nutritional powder mix, high protein, NFS",Survey (FNDDS)
"Nutritional powder mix, light (Muscle Milk)",Survey (FNDDS)
"Nutritional powder mix, NFS",Survey (FNDDS)
"Nutritional powder mix, protein, light, NFS",Survey (FNDDS)
"Nutritional powder mix, protein, NFS",Survey (FNDDS)
"Nutritional powder mix, protein, soy based, NFS",Survey (FNDDS)
"Nutritional powder mix, sugar free (Carnation Instant Breakfast)",Survey (FNDDS)
"Nutritional powder mix, sugar free (Slim Fast)",Survey (FNDDS)
"Nutritional powder mix, whey based, NFS",Survey (FNDDS)
"Nutritional supplement for people with diabetes, liquid",SR Legacy
"Nuts, acorn flour, full fat",SR Legacy
"Nuts, acorns, dried",SR Legacy
"Nuts, acorns, raw",SR Legacy
"Nuts, almond butter, plain, with salt added",SR Legacy
"Nuts, almond butter, plain, without salt added",SR Legacy
"Nuts, almond paste",SR Legacy
"Nuts, almonds",SR Legacy
"Nuts, almonds, blanched",SR Legacy
"Nuts, almonds, dry roasted, with salt added",SR Legacy
"Nuts, almonds, dry roasted, with salt added",Foundation
"Nuts, almonds, dry roasted, without salt added",SR Legacy
"Nuts, almonds, honey roasted, unblanched",SR Legacy
"Nuts, almonds, oil roasted, lightly salted",SR Legacy
"Nuts, almonds, oil roasted, with salt added",SR Legacy
"Nuts, almonds, oil roasted, with salt added, smoke flavor",SR Legacy
"Nuts, almonds, oil roasted, without salt added",SR Legacy
"Nuts, almonds, whole, raw",Foundation
"Nuts, beechnuts, dried",SR Legacy
"Nuts, brazilnuts, dried, unblanched",SR Legacy
"Nuts, brazilnuts, raw",Foundation
"Nuts, butternuts, dried",SR Legacy
"Nuts, cashew butter, plain, with salt added",SR Legacy
"Nuts, cashew butter, plain, without salt added",SR Legacy
"Nuts, cashew nuts, dry roasted, with salt added",SR Legacy
"Nuts, cashew nuts, dry roasted, without salt added",SR Legacy
"Nuts, cashew nuts, oil roasted, with salt added",SR Legacy
"Nuts, cashew nuts, oil roasted, without salt added",SR Legacy
"Nuts, cashew nuts, raw",Foundation
"Nuts, cashew nuts, raw",SR Legacy
"Nuts, chestnuts, chinese, boiled and steamed",SR Legacy
"Nuts, chestnuts, chinese, dried",SR Legacy
"Nuts, chestnuts, chinese, raw",SR Legacy
"Nuts, chestnuts, chinese, roasted",SR Legacy
"Nuts, chestnuts, european, boiled and steamed",SR Legacy
"Nuts, chestnuts, european, dried, peeled",SR Legacy
"Nuts, chestnuts, european, dried, unpeeled",SR Legacy
"Nuts, chestnuts, european, raw, peeled",SR Legacy
"Nuts, chestnuts, european, raw, unpeeled",SR Legacy
"Nuts, chestnuts, european, roasted",SR Legacy
"Nuts, chestnuts, japanese, boiled and steamed",SR Legacy
"Nuts, chestnuts, japanese, dried",SR Legacy
"Nuts, chestnuts, japanese, raw",SR Legacy
"Nuts, chestnuts, japanese, roasted",SR Legacy
"Nuts, coconut cream, canned, sweetened",SR Legacy
"Nuts, coconut cream, raw (liquid expressed from grated meat)",SR Legacy
"Nuts, coconut meat, dried (desiccated), creamed",SR Legacy
"Nuts, coconut meat, dried (desiccated), not sweetened",SR Legacy
"Nuts, coconut meat, dried (desiccated), sweetened, flaked, canned",SR Legacy
"Nuts, coconut meat, dried (desiccated), sweetened, flaked, packaged",SR Legacy
"Nuts, coconut meat, dried (desiccated), sweetened, shredded",SR Legacy
"Nuts, coconut meat, dried (desiccated), toasted",SR Legacy
"Nuts, coconut meat, raw",SR Legacy
"Nuts, coconut milk, canned (liquid expressed from grated meat and water)",SR Legacy
"Nuts, coconut milk, frozen (liquid expressed from grated meat and water)",SR Legacy
"Nuts, coconut milk, raw (liquid expressed from grated meat and water)",SR Legacy
"Nuts, coconut water (liquid from coconuts)",SR Legacy
"Nuts, formulated, wheat-based, all flavors except macadamia, without salt",SR Legacy
"Nuts, formulated, wheat-based, unflavored, with salt added",SR Legacy
"Nuts, ginkgo nuts, canned",SR Legacy
"Nuts, ginkgo nuts, dried",SR Legacy
"Nuts, ginkgo nuts, raw",SR Legacy
"Nuts, hazelnuts or filberts",SR Legacy
"Nuts, hazelnuts or filberts, blanched",SR Legacy
"Nuts, hazelnuts or filberts, dry roasted, without salt added",SR Legacy
"Nuts, hazelnuts or filberts, raw",Foundation
"Nuts, hickorynuts, dried",SR Legacy
"Nuts, macadamia nuts, dry roasted, with salt added",SR Legacy
"Nuts, macadamia nuts, dry roasted, without salt added",SR Legacy
"Nuts, macadamia nuts, raw",SR Legacy
"Nuts, macadamia nuts, raw",Foundation
"Nuts, mixed nuts, dry roasted, with peanuts, salt added, CHOSEN ROASTER",SR Legacy
"Nuts, mixed nuts, dry roasted, with peanuts, salt added, PLANTERS pistachio blend",SR Legacy
"Nuts, mixed nuts, dry roasted, with peanuts, with salt added",SR Legacy
"Nuts, mixed nuts, dry roasted, with peanuts, without salt added",SR Legacy
"Nuts, mixed nuts, oil roasted, with peanuts, lightly salted",SR Legacy
"Nuts, mixed nuts, oil roasted, with peanuts, with salt added",SR Legacy
"Nuts, mixed nuts, oil roasted, with peanuts, without salt added",SR Legacy
"Nuts, mixed nuts, oil roasted, without peanuts, lightly salted",SR Legacy
"Nuts, mixed nuts, oil roasted, without peanuts, with salt added",SR Legacy
"Nuts, mixed nuts, oil roasted, without peanuts, without salt added",SR Legacy
"Nuts, NFS",Survey (FNDDS)
"Nuts, pecans",SR Legacy
"Nuts, pecans, dry roasted, with salt added",SR Legacy
"Nuts, pecans, dry roasted, without salt added",SR Legacy
"Nuts, pecans, halves, raw",Foundation
"Nuts, pecans, oil roasted, with salt added",SR Legacy
"Nuts, pecans, oil roasted, without salt added",SR Legacy
"Nuts, pilinuts, dried",SR Legacy
"Nuts, pine nuts, dried",SR Legacy
"Nuts, pine nuts, pinyon, dried",SR Legacy
"Nuts, pine nuts, raw",Foundation
"Nuts, pistachio nuts, dry roasted, with salt added",SR Legacy
"Nuts, pistachio nuts, dry roasted, without salt added",SR Legacy
"Nuts, pistachio nuts, raw",SR Legacy
"Nuts, pistachio nuts, raw",Foundation
"Nuts, walnuts, black, dried",SR Legacy
"Nuts, walnuts, dry roasted, with salt added",SR Legacy
"Nuts, walnuts, english",SR Legacy
"Nuts, walnuts, English, halves, raw",Foundation
"Nuts, walnuts, glazed",SR Legacy
"Oat bran cereal, cooked",Survey (FNDDS)
"Oat bran, cooked",SR Legacy
"Oat bran, raw",SR Legacy
"Oat flour, partially debranned",SR Legacy
Oat milk,Survey (FNDDS)
"Oat milk, unsweetened, plain, refrigerated",Foundation
"Oatmeal, fast food, flavored",Survey (FNDDS)
"Oatmeal, fast food, plain",Survey (FNDDS)
"Oatmeal, instant, fruit flavored, fat added",Survey (FNDDS)
"Oatmeal, instant, fruit flavored, no added fat",Survey (FNDDS)
"Oatmeal, instant, maple flavored, fat added",Survey (FNDDS)
"Oatmeal, instant, maple flavored, no added fat",Survey (FNDDS)
"Oatmeal, instant, plain, made with milk, fat added",Survey (FNDDS)
"Oatmeal, instant, plain, made with milk, no added fat",Survey (FNDDS)
"Oatmeal, instant, plain, made with non-dairy milk, fat added",Survey (FNDDS)
"Oatmeal, instant, plain, made with non-dairy milk, no added fat",Survey (FNDDS)
"Oatmeal, instant, plain, made with water, fat added",Survey (FNDDS)
"Oatmeal, instant, plain, made with water, no added fat",Survey (FNDDS)
"Oatmeal, multigrain",Survey (FNDDS)
"Oatmeal, NFS",Survey (FNDDS)
"Oatmeal, reduced sugar",Survey (FNDDS)
"Oatmeal, regular or quick, made with milk, fat added",Survey (FNDDS)
"Oatmeal, regular or quick, made with milk, no added fat",Survey (FNDDS)
"Oatmeal, regular or quick, made with non-dairy milk, fat added",Survey (FNDDS)
"Oatmeal, regular or quick, made with non-dairy milk, no added fat",Survey (FNDDS)
"Oatmeal, regular or quick, made with water, fat added",Survey (FNDDS)
"Oatmeal, regular or quick, made with water, no added fat",Survey (FNDDS)
Oats (Includes foods for USDA's Food Distribution Program),SR Legacy
"Oats, raw",Survey (FNDDS)
"Oats, whole grain, rolled, old fashioned",Foundation
"Oats, whole grain, steel cut",Foundation
Octopus,Survey (FNDDS)
Octopus (Alaska Native),SR Legacy
"Octopus salad, Puerto Rican style",Survey (FNDDS)
"Oheloberries, raw",SR Legacy
"Oil or table fat, NFS",Survey (FNDDS)
"Oil, almond",SR Legacy
"Oil, apricot kernel",SR Legacy
"Oil, avocado",SR Legacy
"Oil, babassu",SR Legacy
"Oil, bearded seal (Oogruk) (Alaska Native)",SR Legacy
"Oil, beluga, whale (Alaska Native)",SR Legacy
"Oil, canola",SR Legacy
"Oil, canola",Foundation
"Oil, cocoa butter",SR Legacy
"Oil, coconut",SR Legacy
"Oil, coconut",Foundation
"Oil, cooking and salad, ENOVA, 80% diglycerides",SR Legacy
"Oil, corn",Foundation
"Oil, corn and canola",SR Legacy
"Oil, corn, industrial and retail, all purpose salad or cooking",SR Legacy
"Oil, corn, peanut, and olive",SR Legacy
"Oil, cottonseed, salad or cooking",SR Legacy
"Oil, cupu assu",SR Legacy
"Oil, flaxseed, cold pressed",SR Legacy
"Oil, flaxseed, contains added sliced flaxseed",SR Legacy
"Oil, grapeseed",SR Legacy
"Oil, hazelnut",SR Legacy
"Oil, industrial, canola (partially hydrogenated) oil for deep fat frying",SR Legacy
"Oil, industrial, canola for salads, woks and light frying",SR Legacy
"Oil, industrial, canola with antifoaming agent, principal uses salads, woks and light frying",SR Legacy
"Oil, industrial, canola, high oleic",SR Legacy
"Oil, industrial, coconut (hydrogenated), used for whipped toppings and coffee whiteners",SR Legacy
"Oil, industrial, coconut, confection fat, typical basis for ice cream coatings",SR Legacy
"Oil, industrial, coconut, principal uses candy coatings, oil sprays, roasting nuts",SR Legacy
"Oil, industrial, cottonseed, fully hydrogenated",SR Legacy
"Oil, industrial, mid-oleic, sunflower",SR Legacy
"Oil, industrial, palm and palm kernel, filling fat (non-hydrogenated)",SR Legacy
"Oil, industrial, palm kernel (hydrogenated) , used for whipped toppings, non-dairy",SR Legacy
"Oil, industrial, palm kernel (hydrogenated), confection fat, intermediate grade product",SR Legacy
"Oil, industrial, palm kernel (hydrogenated), confection fat, uses similar to 95 degree hard butter",SR Legacy
"Oil, industrial, palm kernel (hydrogenated), filling fat",SR Legacy
"Oil, industrial, palm kernel, confection fat, uses similar to high quality cocoa butter",SR Legacy
"Oil, industrial, soy ( partially hydrogenated), all purpose",SR Legacy
"Oil, industrial, soy (partially hydrogenated ) and soy (winterized), pourable clear fry",SR Legacy
"Oil, industrial, soy (partially hydrogenated ), palm, principal uses icings and fillings",SR Legacy
"Oil, industrial, soy (partially hydrogenated)  and cottonseed, principal use as a tortilla shortening",SR Legacy
"Oil, industrial, soy (partially hydrogenated), multiuse for non-dairy butter flavor",SR Legacy
"Oil, industrial, soy (partially hydrogenated), principal uses popcorn and flavoring vegetables",SR Legacy
"Oil, industrial, soy, fully hydrogenated",SR Legacy
"Oil, industrial, soy, low linolenic",SR Legacy
"Oil, industrial, soy, refined, for woks and light frying",SR Legacy
"Oil, industrial, soy, ultra low linolenic",SR Legacy
"Oil, mustard",SR Legacy
"Oil, nutmeg butter",SR Legacy
"Oil, oat",SR Legacy
"Oil, olive, extra light",Foundation
"Oil, olive, extra virgin",Foundation
"Oil, olive, salad or cooking",SR Legacy
"Oil, palm",SR Legacy
"Oil, PAM cooking spray, original",SR Legacy
"Oil, peanut",Foundation
"Oil, peanut, salad or cooking",SR Legacy
"Oil, poppyseed",SR Legacy
"Oil, rice bran",SR Legacy
"Oil, safflower",Foundation
"Oil, safflower, salad or cooking, high oleic (primary safflower oil of commerce)",SR Legacy
"Oil, safflower, salad or cooking, linoleic, (over 70%)",SR Legacy
"Oil, sesame, salad or cooking",SR Legacy
"Oil, sheanut",SR Legacy
"Oil, soybean",Foundation
"Oil, soybean lecithin",SR Legacy
"Oil, soybean, salad or cooking",SR Legacy
"Oil, soybean, salad or cooking, (partially hydrogenated)",SR Legacy
"Oil, soybean, salad or cooking, (partially hydrogenated) and cottonseed",SR Legacy
"Oil, spotted seal (Alaska Native)",SR Legacy
"Oil, sunflower",Foundation
"Oil, sunflower, high oleic (70% and over)",SR Legacy
"Oil, sunflower, linoleic (less than 60%)",SR Legacy
"Oil, sunflower, linoleic, (approx. 65%)",SR Legacy
"Oil, sunflower, linoleic, (partially hydrogenated)",SR Legacy
"Oil, teaseed",SR Legacy
"Oil, tomatoseed",SR Legacy
"Oil, ucuhuba butter",SR Legacy
"Oil, vegetable, Natreon canola, high stability, non trans, high oleic (70%)",SR Legacy
"Oil, vegetable, soybean, refined",SR Legacy
"Oil, walnut",SR Legacy
"Oil, walrus (Alaska Native)",SR Legacy
"Oil, whale, bowhead (Alaska Native)",SR Legacy
"Oil, wheat germ",SR Legacy
Okara,SR Legacy
"Okra, cooked, boiled, drained, with salt",SR Legacy
"Okra, cooked, boiled, drained, without salt",SR Legacy
"Okra, fresh, cooked, fat added",Survey (FNDDS)
"Okra, fresh, cooked, no added fat",Survey (FNDDS)
"Okra, frozen, cooked, boiled, drained, with salt",SR Legacy
"Okra, frozen, cooked, boiled, drained, without salt",SR Legacy
"Okra, frozen, cooked, fat added",Survey (FNDDS)
"Okra, frozen, cooked, no added fat",Survey (FNDDS)
"Okra, frozen, unprepared",SR Legacy
"Okra, NS as to form, cooked",Survey (FNDDS)
"Okra, pickled",Survey (FNDDS)
"Okra, raw",SR Legacy
Old fashioned,Survey (FNDDS)
"OLIVE GARDEN, cheese ravioli with marinara sauce",SR Legacy
"OLIVE GARDEN, chicken parmigiana without pasta",SR Legacy
"OLIVE GARDEN, lasagna classico",SR Legacy
"OLIVE GARDEN, spaghetti with meat sauce",SR Legacy
"OLIVE GARDEN, spaghetti with pomodoro sauce",SR Legacy
"Olive loaf, pork",SR Legacy
Olive oil,Survey (FNDDS)
Olive tapenade,Survey (FNDDS)
"Olives, black",Survey (FNDDS)
"Olives, green",Survey (FNDDS)
"Olives, green, Manzanilla, stuffed with pimiento",Foundation
"Olives, NFS",Survey (FNDDS)
"Olives, pickled, canned or bottled, green",SR Legacy
"Olives, ripe, canned (jumbo-super colossal)",SR Legacy
"Olives, ripe, canned (small-extra large)",SR Legacy
"Olives, stuffed",Survey (FNDDS)
"ON THE BORDER, cheese enchilada",SR Legacy
"ON THE BORDER, cheese quesadilla",SR Legacy
"ON THE BORDER, Mexican rice",SR Legacy
"ON THE BORDER, refried beans",SR Legacy
"ON THE BORDER, soft taco with ground beef, cheese and lettuce",SR Legacy
"Onion dip, light",Survey (FNDDS)
"Onion dip, regular",Survey (FNDDS)
"Onion dip, yogurt based",Survey (FNDDS)
Onion flavored rings,Survey (FNDDS)
"Onion rings, breaded, par fried, frozen, prepared, heated in oven",SR Legacy
"Onion rings, breaded, par fried, frozen, prepared, heated in oven",Foundation
"Onion rings, breaded, par fried, frozen, unprepared",SR Legacy
"Onions, canned, solids and liquids",SR Legacy
"Onions, cooked, as ingredient",Survey (FNDDS)
"Onions, cooked, boiled, drained, with salt",SR Legacy
"Onions, cooked, boiled, drained, without salt",SR Legacy
"Onions, cooked, fat added",Survey (FNDDS)
"Onions, cooked, no added fat",Survey (FNDDS)
"Onions, dehydrated flakes",SR Legacy
"Onions, for use on a sandwich",Survey (FNDDS)
"Onions, frozen, chopped, cooked, boiled, drained, with salt",SR Legacy
"Onions, frozen, chopped, cooked, boiled, drained, without salt",SR Legacy
"Onions, frozen, chopped, unprepared",SR Legacy
"Onions, frozen, whole, cooked, boiled, drained, with salt",SR Legacy
"Onions, frozen, whole, cooked, boiled, drained, without salt",SR Legacy
"Onions, frozen, whole, unprepared",SR Legacy
"Onions, green, cooked",Survey (FNDDS)
"Onions, green, raw",Survey (FNDDS)
"Onions, pearl, cooked",Survey (FNDDS)
"Onions, raw",SR Legacy
"Onions, raw",Survey (FNDDS)
"Onions, red, raw",Foundation
"Onions, spring or scallions (includes tops and bulb), raw",SR Legacy
"Onions, sweet, raw",SR Legacy
"Onions, welsh, raw",SR Legacy
"Onions, white, raw",Foundation
"Onions, yellow, raw",Foundation
"Onions, yellow, sauteed",SR Legacy
"Onions, young green, tops only",SR Legacy
"Oopah (tunicate), whole animal (Alaska Native)",SR Legacy
Opossum,Survey (FNDDS)
Orange Blossom,Survey (FNDDS)
Orange chicken,Survey (FNDDS)
"Orange juice beverage, 40-50% juice, light",Survey (FNDDS)
"Orange juice, 100%,  freshly squeezed",Survey (FNDDS)
"Orange juice, 100%, canned, bottled or in a carton",Survey (FNDDS)
"Orange juice, 100%, frozen, not reconstituted",Survey (FNDDS)
"Orange juice, 100%, frozen, reconstituted",Survey (FNDDS)
"Orange juice, 100%, NFS",Survey (FNDDS)
"Orange juice, 100%, with calcium added, canned, bottled or in a carton",Survey (FNDDS)
"Orange juice, 100%, with calcium added, frozen, reconstituted",Survey (FNDDS)
"Orange juice, canned, unsweetened",SR Legacy
"Orange juice, chilled, includes from concentrate",SR Legacy
"Orange juice, chilled, includes from concentrate, with added calcium",SR Legacy
"Orange juice, chilled, includes from concentrate, with added calcium and vitamin D",SR Legacy
"Orange juice, chilled, includes from concentrate, with added calcium and vitamins A, D, E",SR Legacy
"Orange juice, frozen concentrate, unsweetened, diluted with 3 volume water",SR Legacy
"Orange juice, frozen concentrate, unsweetened, diluted with 3 volume water, with added calcium",SR Legacy
"Orange juice, frozen concentrate, unsweetened, undiluted",SR Legacy
"Orange juice, frozen concentrate, unsweetened, undiluted, with added calcium",SR Legacy
"Orange juice, no pulp, not fortified, from concentrate, refrigerated",Foundation
"Orange juice, no pulp, not fortified, not from concentrate, refrigerated",Foundation
"Orange juice, raw (Includes foods for USDA's Food Distribution Program)",SR Legacy
"Orange peel, raw",SR Legacy
Orange Pineapple Juice Blend,SR Legacy
"Orange, canned, in syrup",Survey (FNDDS)
"Orange, canned, juice pack",Survey (FNDDS)
"Orange, canned, NFS",Survey (FNDDS)
"Orange, raw",Survey (FNDDS)
"Orange-grapefruit juice, canned or bottled, unsweetened",SR Legacy
"Oranges, raw, all commercial varieties",SR Legacy
"Oranges, raw, California, valencias",SR Legacy
"Oranges, raw, Florida",SR Legacy
"Oranges, raw, navels",Foundation
"Oranges, raw, navels (Includes foods for USDA's Food Distribution Program)",SR Legacy
"Oranges, raw, with peel",SR Legacy
"Oscar Mayer, Bologna (beef)",SR Legacy
"Oscar Mayer, Braunschweiger Liver Sausage (sliced)",SR Legacy
"Oscar Mayer, Chicken Breast (honey glazed)",SR Legacy
"Oscar Mayer, Ham (chopped with natural juice)",SR Legacy
"Oscar Mayer, Salami (hard)",SR Legacy
"Oscar Mayer, Smokies Sausage Little Cheese (pork, turkey)",SR Legacy
"Oscar Mayer, Wieners (beef franks)",SR Legacy
Ostrich,Survey (FNDDS)
"Ostrich, fan, raw",SR Legacy
"Ostrich, ground, cooked, pan-broiled",SR Legacy
"Ostrich, ground, raw",SR Legacy
"Ostrich, inside leg, cooked",SR Legacy
"Ostrich, inside leg, raw",SR Legacy
"Ostrich, inside strip, cooked",SR Legacy
"Ostrich, inside strip, raw",SR Legacy
"Ostrich, outside leg, raw",SR Legacy
"Ostrich, outside strip, cooked",SR Legacy
"Ostrich, outside strip, raw",SR Legacy
"Ostrich, oyster, cooked",SR Legacy
"Ostrich, oyster, raw",SR Legacy
"Ostrich, round, raw",SR Legacy
"Ostrich, tenderloin, raw",SR Legacy
"Ostrich, tip trimmed, cooked",SR Legacy
"Ostrich, tip trimmed, raw",SR Legacy
"Ostrich, top loin, cooked",SR Legacy
"Ostrich, top loin, raw",SR Legacy
Other vegetables as ingredient in omelet,Survey (FNDDS)
"Owl, horned, flesh, raw (Alaska Native)",SR Legacy
Oyster sauce,Survey (FNDDS)
Oysters Rockefeller,Survey (FNDDS)
"Oysters, baked or broiled",Survey (FNDDS)
"Oysters, canned",Survey (FNDDS)
"Oysters, fried",Survey (FNDDS)
"Oysters, raw",Survey (FNDDS)
"Oysters, steamed",Survey (FNDDS)
Pad Thai with chicken,Survey (FNDDS)
Pad Thai with meat,Survey (FNDDS)
Pad Thai with seafood,Survey (FNDDS)
"Pad Thai, meatless",Survey (FNDDS)
"Pad Thai, NFS",Survey (FNDDS)
Paella with seafood,Survey (FNDDS)
"Paella, NFS",Survey (FNDDS)
Pakora,Survey (FNDDS)
Palak Paneer,Survey (FNDDS)
"Palm hearts, cooked",Survey (FNDDS)
"Pan Dulce, La Ricura, Salpora de Arroz con Azucar, cookie-like, contains wheat flour and rice flour",SR Legacy
"Pan dulce, NFS",Survey (FNDDS)
"Pan Dulce, no topping",Survey (FNDDS)
"Pan Dulce, with fruit, no frosting",Survey (FNDDS)
"Pan Dulce, with raisins and icing",Survey (FNDDS)
"Pan Dulce, with sugar topping",Survey (FNDDS)
Pancake syrup,Survey (FNDDS)
"Pancake syrup, light",Survey (FNDDS)
"Pancakes and sausage, frozen meal",Survey (FNDDS)
"Pancakes plain, frozen, ready-to-heat (includes buttermilk)",SR Legacy
"Pancakes, blueberry, prepared from recipe",SR Legacy
"Pancakes, buckwheat, dry mix, incomplete",SR Legacy
"Pancakes, buttermilk, prepared from recipe",SR Legacy
"Pancakes, chocolate",Survey (FNDDS)
"Pancakes, chocolate, fast food / restaurant",Survey (FNDDS)
"Pancakes, chocolate, frozen",Survey (FNDDS)
"Pancakes, fruit",Survey (FNDDS)
"Pancakes, fruit, fast food / restaurant",Survey (FNDDS)
"Pancakes, fruit, frozen",Survey (FNDDS)
"Pancakes, gluten free",Survey (FNDDS)
"Pancakes, gluten-free, frozen, ready-to-heat",SR Legacy
"Pancakes, NFS",Survey (FNDDS)
"Pancakes, plain",Survey (FNDDS)
"Pancakes, plain, dry mix, complete (includes buttermilk)",SR Legacy
"Pancakes, plain, dry mix, complete, prepared",SR Legacy
"Pancakes, plain, dry mix, incomplete (includes buttermilk)",SR Legacy
"Pancakes, plain, dry mix, incomplete, prepared",SR Legacy
"Pancakes, plain, fast food / restaurant",Survey (FNDDS)
"Pancakes, plain, frozen",Survey (FNDDS)
"Pancakes, plain, frozen, ready-to-heat, microwave (includes buttermilk)",SR Legacy
"Pancakes, plain, prepared from recipe",SR Legacy
"Pancakes, plain, reduced fat",Survey (FNDDS)
"Pancakes, plain, reduced fat",SR Legacy
"Pancakes, pumpkin",Survey (FNDDS)
"Pancakes, school",Survey (FNDDS)
"Pancakes, special dietary, dry mix",SR Legacy
"Pancakes, whole grain",Survey (FNDDS)
"Pancakes, whole grain, fast food / restaurant",Survey (FNDDS)
"Pancakes, whole grain, frozen",Survey (FNDDS)
"Pancakes, whole grain, reduced fat",Survey (FNDDS)
"Pancakes, whole wheat, dry mix, incomplete",SR Legacy
"Pancakes, whole-wheat, dry mix, incomplete",SR Legacy
"Pancakes, whole-wheat, dry mix, incomplete, prepared",SR Legacy
Pannetone,Survey (FNDDS)
"PAPA JOHN'S 14"" Cheese Pizza, Original Crust",SR Legacy
"PAPA JOHN'S 14"" Cheese Pizza, Thin Crust",SR Legacy
"PAPA JOHN'S 14"" Pepperoni Pizza, Original Crust",SR Legacy
"PAPA JOHN'S 14"" The Works Pizza, Original Crust",SR Legacy
Papad,SR Legacy
"Papad, grilled or broiled",Survey (FNDDS)
"Papaya juice, 100%",Survey (FNDDS)
Papaya nectar,Survey (FNDDS)
"Papaya nectar, canned",SR Legacy
"Papaya, canned",Survey (FNDDS)
"Papaya, canned, heavy syrup, drained",SR Legacy
"Papaya, dried",Survey (FNDDS)
"Papaya, raw",Survey (FNDDS)
"Papayas, raw",SR Legacy
"Parmesan cheese topping, fat free",SR Legacy
"Parsley, freeze-dried",SR Legacy
"Parsley, fresh",SR Legacy
"Parsley, raw",Survey (FNDDS)
"Parsnips, cooked",Survey (FNDDS)
"Parsnips, cooked, boiled, drained, with salt",SR Legacy
"Parsnips, cooked, boiled, drained, without salt",SR Legacy
"Parsnips, raw",SR Legacy
"Passion fruit juice, 100%",Survey (FNDDS)
Passion fruit nectar,Survey (FNDDS)
"Passion fruit, raw",Survey (FNDDS)
"Passion-fruit juice, purple, raw",SR Legacy
"Passion-fruit juice, yellow, raw",SR Legacy
"Passion-fruit, (granadilla), purple, raw",SR Legacy
"Pasta mix, classic beef, unprepared",SR Legacy
"Pasta mix, classic cheeseburger macaroni, unprepared",SR Legacy
"Pasta mix, Italian four cheese lasagna, unprepared",SR Legacy
"Pasta mix, Italian lasagna, unprepared",SR Legacy
"Pasta with cream sauce and added vegetables, from home recipe",Survey (FNDDS)
"Pasta with cream sauce and added vegetables, ready-to-heat",Survey (FNDDS)
"Pasta with cream sauce and added vegetables, restaurant",Survey (FNDDS)
"Pasta with cream sauce and meat, home recipe",Survey (FNDDS)
"Pasta with cream sauce and meat, ready-to-heat",Survey (FNDDS)
"Pasta with cream sauce and meat, restaurant",Survey (FNDDS)
"Pasta with cream sauce and poultry, home recipe",Survey (FNDDS)
"Pasta with cream sauce and poultry, ready-to-heat",Survey (FNDDS)
"Pasta with cream sauce and poultry, restaurant",Survey (FNDDS)
"Pasta with cream sauce and seafood, home recipe",Survey (FNDDS)
"Pasta with cream sauce and seafood, ready-to-heat",Survey (FNDDS)
"Pasta with cream sauce and seafood, restaurant",Survey (FNDDS)
"Pasta with cream sauce, home recipe",Survey (FNDDS)
"Pasta with cream sauce, meat, and added vegetables, home recipe",Survey (FNDDS)
"Pasta with cream sauce, meat, and added vegetables, ready-to-heat",Survey (FNDDS)
"Pasta with cream sauce, meat, and added vegetables, restaurant",Survey (FNDDS)
"Pasta with cream sauce, poultry, and added vegetables, home recipe",Survey (FNDDS)
"Pasta with cream sauce, poultry, and added vegetables, ready-to-heat",Survey (FNDDS)
"Pasta with cream sauce, poultry, and added vegetables, restaurant",Survey (FNDDS)
"Pasta with cream sauce, ready-to-heat",Survey (FNDDS)
"Pasta with cream sauce, restaurant",Survey (FNDDS)
"Pasta with cream sauce, seafood, and added vegetables, home recipe",Survey (FNDDS)
"Pasta with cream sauce, seafood, and added vegetables, ready-to-heat",Survey (FNDDS)
"Pasta with cream sauce, seafood, and added vegetables, restaurant",Survey (FNDDS)
"Pasta with sauce and meat, from school lunch",Survey (FNDDS)
"Pasta with sauce, meatless, school lunch",Survey (FNDDS)
"Pasta with sauce, NFS",Survey (FNDDS)
"Pasta with Sliced Franks in Tomato Sauce, canned entree",SR Legacy
"Pasta with tomato sauce, no meat, canned",SR Legacy
Pasta with tomato-based sauce and beans or lentils,Survey (FNDDS)
Pasta with tomato-based sauce and cheese,Survey (FNDDS)
"Pasta with tomato-based sauce and meat, home recipe",Survey (FNDDS)
"Pasta with tomato-based sauce and meat, ready-to-heat",Survey (FNDDS)
"Pasta with tomato-based sauce and meat, restaurant",Survey (FNDDS)
"Pasta with tomato-based sauce and poultry, home recipe",Survey (FNDDS)
"Pasta with tomato-based sauce and poultry, ready-to-heat",Survey (FNDDS)
"Pasta with tomato-based sauce and poultry, restaurant",Survey (FNDDS)
"Pasta with tomato-based sauce and seafood, home recipe",Survey (FNDDS)
"Pasta with tomato-based sauce and seafood, ready-to-heat",Survey (FNDDS)
"Pasta with tomato-based sauce and seafood, restaurant",Survey (FNDDS)
"Pasta with tomato-based sauce, and added vegetables, home recipe",Survey (FNDDS)
"Pasta with tomato-based sauce, and added vegetables, ready-to-heat",Survey (FNDDS)
"Pasta with tomato-based sauce, and added vegetables, restaurant",Survey (FNDDS)
"Pasta with tomato-based sauce, cheese and meat",Survey (FNDDS)
"Pasta with tomato-based sauce, home recipe",Survey (FNDDS)
"Pasta with tomato-based sauce, meat, and added vegetables, home recipe",Survey (FNDDS)
"Pasta with tomato-based sauce, meat, and added vegetables, ready-to-heat",Survey (FNDDS)
"Pasta with tomato-based sauce, meat, and added vegetables, restaurant",Survey (FNDDS)
"Pasta with tomato-based sauce, poultry, and added vegetables, home recipe",Survey (FNDDS)
"Pasta with tomato-based sauce, poultry, and added vegetables, ready-to-heat",Survey (FNDDS)
"Pasta with tomato-based sauce, poultry, and added vegetables, restaurant",Survey (FNDDS)
"Pasta with tomato-based sauce, ready-to-heat",Survey (FNDDS)
"Pasta with tomato-based sauce, restaurant",Survey (FNDDS)
"Pasta with tomato-based sauce, seafood, and added vegetables, home recipe",Survey (FNDDS)
"Pasta with tomato-based sauce, seafood, and added vegetables, ready-to-heat",Survey (FNDDS)
"Pasta with tomato-based sauce, seafood, and added vegetables, restaurant",Survey (FNDDS)
"Pasta with vegetables, no sauce or dressing",Survey (FNDDS)
"Pasta, cooked",Survey (FNDDS)
"Pasta, cooked, enriched, with added salt",SR Legacy
"Pasta, cooked, enriched, without added salt",SR Legacy
"Pasta, cooked, unenriched, with added salt",SR Legacy
"Pasta, cooked, unenriched, without added salt",SR Legacy
"Pasta, dry, enriched",SR Legacy
"Pasta, dry, unenriched",SR Legacy
"Pasta, fresh-refrigerated, plain, as purchased",SR Legacy
"Pasta, fresh-refrigerated, plain, cooked",SR Legacy
"Pasta, fresh-refrigerated, spinach, as purchased",SR Legacy
"Pasta, fresh-refrigerated, spinach, cooked",SR Legacy
"Pasta, gluten free",Survey (FNDDS)
"Pasta, gluten-free, brown rice flour, cooked, TINKYADA",SR Legacy
"Pasta, gluten-free, corn and rice flour, cooked",SR Legacy
"Pasta, gluten-free, corn flour and quinoa flour, cooked, ANCIENT HARVEST",SR Legacy
"Pasta, gluten-free, corn, cooked",SR Legacy
"Pasta, gluten-free, corn, dry",SR Legacy
"Pasta, gluten-free, rice flour and rice bran extract, cooked, DE BOLES",SR Legacy
"Pasta, homemade, made with egg, cooked",SR Legacy
"Pasta, homemade, made without egg, cooked",SR Legacy
"Pasta, vegetable, cooked",Survey (FNDDS)
"Pasta, whole grain, 51% whole wheat, remaining enriched semolina, cooked (Includes foods for USDA's Food Distribution Program)",SR Legacy
"Pasta, whole grain, 51% whole wheat, remaining enriched semolina, dry (Includes foods for USDA's Food Distribution Program)",SR Legacy
"Pasta, whole grain, 51% whole wheat, remaining unenriched semolina, cooked",SR Legacy
"Pasta, whole grain, 51% whole wheat, remaining unenriched semolina, dry",SR Legacy
"Pasta, whole grain, cooked",Survey (FNDDS)
"Pasta, whole grain, with cream sauce and meat, home recipe",Survey (FNDDS)
"Pasta, whole grain, with cream sauce and meat, ready-to-heat",Survey (FNDDS)
"Pasta, whole grain, with cream sauce and meat, restaurant",Survey (FNDDS)
"Pasta, whole grain, with cream sauce and poultry, home recipe",Survey (FNDDS)
"Pasta, whole grain, with cream sauce and poultry, ready-to-heat",Survey (FNDDS)
"Pasta, whole grain, with cream sauce and poultry, restaurant",Survey (FNDDS)
"Pasta, whole grain, with cream sauce and seafood, home recipe",Survey (FNDDS)
"Pasta, whole grain, with cream sauce and seafood, ready-to-heat",Survey (FNDDS)
"Pasta, whole grain, with cream sauce and seafood, restaurant",Survey (FNDDS)
"Pasta, whole grain, with cream sauce, and added vegetables, home recipe",Survey (FNDDS)
"Pasta, whole grain, with cream sauce, and added vegetables, ready-to-heat",Survey (FNDDS)
"Pasta, whole grain, with cream sauce, and added vegetables, restaurant",Survey (FNDDS)
"Pasta, whole grain, with cream sauce, home recipe",Survey (FNDDS)
"Pasta, whole grain, with cream sauce, meat, and added vegetables, home recipe",Survey (FNDDS)
"Pasta, whole grain, with cream sauce, meat, and added vegetables, ready-to-heat",Survey (FNDDS)
"Pasta, whole grain, with cream sauce, meat, and added vegetables, restaurant",Survey (FNDDS)
"Pasta, whole grain, with cream sauce, poultry, and added vegetables, home recipe",Survey (FNDDS)
"Pasta, whole grain, with cream sauce, poultry, and added vegetables, ready-to-heat",Survey (FNDDS)
"Pasta, whole grain, with cream sauce, poultry, and added vegetables, restaurant",Survey (FNDDS)
"Pasta, whole grain, with cream sauce, ready-to-heat",Survey (FNDDS)
"Pasta, whole grain, with cream sauce, restaurant",Survey (FNDDS)
"Pasta, whole grain, with cream sauce, seafood, and added vegetables, home recipe",Survey (FNDDS)
"Pasta, whole grain, with cream sauce, seafood, and added vegetables, ready-to-heat",Survey (FNDDS)
"Pasta, whole grain, with cream sauce, seafood, and added vegetables, restaurant",Survey (FNDDS)
"Pasta, whole grain, with tomato-based sauce and added vegetables, home recipe",Survey (FNDDS)
"Pasta, whole grain, with tomato-based sauce and added vegetables, ready-to-heat",Survey (FNDDS)
"Pasta, whole grain, with tomato-based sauce and added vegetables, restaurant",Survey (FNDDS)
"Pasta, whole grain, with tomato-based sauce and meat, home recipe",Survey (FNDDS)
"Pasta, whole grain, with tomato-based sauce and meat, ready-to-heat",Survey (FNDDS)
"Pasta, whole grain, with tomato-based sauce and meat, restaurant",Survey (FNDDS)
"Pasta, whole grain, with tomato-based sauce and poultry, home recipe",Survey (FNDDS)
"Pasta, whole grain, with tomato-based sauce and poultry, ready-to-heat",Survey (FNDDS)
"Pasta, whole grain, with tomato-based sauce and poultry, restaurant",Survey (FNDDS)
"Pasta, whole grain, with tomato-based sauce and seafood, home recipe",Survey (FNDDS)
"Pasta, whole grain, with tomato-based sauce and seafood, ready-to-heat",Survey (FNDDS)
"Pasta, whole grain, with tomato-based sauce and seafood, restaurant",Survey (FNDDS)
"Pasta, whole grain, with tomato-based sauce, home recipe",Survey (FNDDS)
"Pasta, whole grain, with tomato-based sauce, meat, and added vegetables, home recipe",Survey (FNDDS)
"Pasta, whole grain, with tomato-based sauce, meat, and added vegetables, ready-to-heat",Survey (FNDDS)
"Pasta, whole grain, with tomato-based sauce, meat, and added vegetables, restaurant",Survey (FNDDS)
"Pasta, whole grain, with tomato-based sauce, poultry, and added vegetables, home recipe",Survey (FNDDS)
"Pasta, whole grain, with tomato-based sauce, poultry, and added vegetables, ready-to-heat",Survey (FNDDS)
"Pasta, whole grain, with tomato-based sauce, poultry, and added vegetables, restaurant",Survey (FNDDS)
"Pasta, whole grain, with tomato-based sauce, ready-to-heat",Survey (FNDDS)
"Pasta, whole grain, with tomato-based sauce, restaurant",Survey (FNDDS)
"Pasta, whole grain, with tomato-based sauce, seafood, and added vegetables, home recipe",Survey (FNDDS)
"Pasta, whole grain, with tomato-based sauce, seafood, and added vegetables, ready-to-heat",Survey (FNDDS)
"Pasta, whole grain, with tomato-based sauce, seafood, and added vegetables, restaurant",Survey (FNDDS)
"Pasta, whole-wheat, cooked (Includes foods for USDA's Food Distribution Program)",SR Legacy
"Pasta, whole-wheat, dry (Includes foods for USDA's Food Distribution Program)",SR Legacy
"Pastrami, beef, 98% fat-free",SR Legacy
"Pastrami, made from any kind of meat, reduced fat",Survey (FNDDS)
"Pastrami, NFS",Survey (FNDDS)
"Pastrami, turkey",SR Legacy
"Pastry, cheese-filled",Survey (FNDDS)
"Pastry, Chinese, made with rice flour",Survey (FNDDS)
"Pastry, cookie type, fried",Survey (FNDDS)
"Pastry, egg and cheese filled",Survey (FNDDS)
"Pastry, fruit-filled",Survey (FNDDS)
"Pastry, Italian, with cheese",Survey (FNDDS)
"Pastry, made with bean or lotus seed paste filling, baked",Survey (FNDDS)
"Pastry, made with bean paste and salted egg yolk filling, baked",Survey (FNDDS)
"Pastry, mainly flour and water, fried",Survey (FNDDS)
"Pastry, meat / poultry-filled",Survey (FNDDS)
"Pastry, Pastelitos de Guava (guava pastries)",SR Legacy
"Pastry, puff",Survey (FNDDS)
"Pastry, puff, custard or cream filled, iced or not iced",Survey (FNDDS)
"Pate de foie gras, canned (goose liver pate), smoked",SR Legacy
"Pate, chicken liver, canned",SR Legacy
"Pate, goose liver, smoked, canned",SR Legacy
"Pate, liver, not specified, canned",SR Legacy
"Pate, truffle flavor",SR Legacy
"Pawpaw, peeled, seeded, raw",Foundation
Pea salad,Survey (FNDDS)
Pea salad with cheese,Survey (FNDDS)
Peach nectar,Survey (FNDDS)
"Peach nectar, canned, with added ascorbic acid",SR Legacy
"Peach nectar, canned, with sucralose, without added ascorbic acid",SR Legacy
"Peach, canned, in syrup",Survey (FNDDS)
"Peach, canned, juice pack",Survey (FNDDS)
"Peach, canned, NFS",Survey (FNDDS)
"Peach, dried",Survey (FNDDS)
"Peach, frozen",Survey (FNDDS)
"Peach, raw",Survey (FNDDS)
"Peaches, canned, extra heavy syrup pack, solids and liquids",SR Legacy
"Peaches, canned, extra light syrup, solids and liquids (Includes foods for USDA's Food Distribution Program)",SR Legacy
"Peaches, canned, heavy syrup pack, solids and liquids",SR Legacy
"Peaches, canned, heavy syrup, drained",SR Legacy
"Peaches, canned, juice pack, solids and liquids",SR Legacy
"Peaches, canned, light syrup pack, solids and liquids",SR Legacy
"Peaches, canned, water pack, solids and liquids",SR Legacy
"Peaches, dehydrated (low-moisture), sulfured, stewed",SR Legacy
"Peaches, dehydrated (low-moisture), sulfured, uncooked",SR Legacy
"Peaches, dried, sulfured, stewed, with added sugar",SR Legacy
"Peaches, dried, sulfured, stewed, without added sugar",SR Legacy
"Peaches, dried, sulfured, uncooked",SR Legacy
"Peaches, frozen, sliced, sweetened",SR Legacy
"Peaches, spiced, canned, heavy syrup pack, solids and liquids",SR Legacy
"Peaches, yellow, raw",Foundation
"Peaches, yellow, raw",SR Legacy
Peanut butter,Survey (FNDDS)
Peanut butter and chocolate spread,Survey (FNDDS)
Peanut butter and jelly,Survey (FNDDS)
"Peanut butter and jelly sandwich, frozen commercial product without crusts",Survey (FNDDS)
"Peanut butter and jelly sandwich, NFS",Survey (FNDDS)
"Peanut butter and jelly sandwich, with reduced fat peanut butter, on wheat bread",Survey (FNDDS)
"Peanut butter and jelly sandwich, with reduced fat peanut butter, on white bread",Survey (FNDDS)
"Peanut butter and jelly sandwich, with regular peanut butter, reduced sugar jelly, on wheat bread",Survey (FNDDS)
"Peanut butter and jelly sandwich, with regular peanut butter, reduced sugar jelly, on white bread",Survey (FNDDS)
"Peanut butter and jelly sandwich, with regular peanut butter, regular jelly, on wheat bread",Survey (FNDDS)
"Peanut butter and jelly sandwich, with regular peanut butter, regular jelly, on white bread",Survey (FNDDS)
"Peanut butter sandwich, NFS",Survey (FNDDS)
"Peanut butter sandwich, with reduced fat peanut butter, on wheat bread",Survey (FNDDS)
"Peanut butter sandwich, with reduced fat peanut butter, on white bread",Survey (FNDDS)
"Peanut butter sandwich, with regular peanut butter, on wheat bread",Survey (FNDDS)
"Peanut butter sandwich, with regular peanut butter, on white bread",Survey (FNDDS)
"Peanut butter with omega-3, creamy",SR Legacy
"Peanut butter, chunk style, with salt",SR Legacy
"Peanut butter, chunk style, without salt",SR Legacy
"Peanut butter, chunky, vitamin and mineral fortified",SR Legacy
"Peanut butter, creamy",Foundation
"Peanut butter, lower sodium",Survey (FNDDS)
"Peanut butter, lower sodium and lower sugar",Survey (FNDDS)
"Peanut butter, lower sugar",Survey (FNDDS)
"Peanut butter, reduced fat",Survey (FNDDS)
"Peanut butter, reduced sodium",SR Legacy
"Peanut Butter, smooth (Includes foods for USDA's Food Distribution Program)",SR Legacy
"Peanut butter, smooth style, with salt (Includes foods for USDA's Food Distribution Program)",SR Legacy
"Peanut butter, smooth style, without salt",SR Legacy
"Peanut butter, smooth, reduced fat",SR Legacy
"Peanut butter, smooth, vitamin and mineral fortified",SR Legacy
"Peanut butter, vitamin and mineral fortified",Survey (FNDDS)
"Peanut flour, defatted",SR Legacy
"Peanut flour, low fat",SR Legacy
Peanut oil,Survey (FNDDS)
Peanut sauce,Survey (FNDDS)
"Peanut spread, reduced sugar",SR Legacy
"Peanuts, all types, cooked, boiled, with salt",SR Legacy
"Peanuts, all types, dry-roasted, with salt",SR Legacy
"Peanuts, all types, dry-roasted, without salt",SR Legacy
"Peanuts, all types, oil-roasted, with salt",SR Legacy
"Peanuts, all types, oil-roasted, without salt",SR Legacy
"Peanuts, all types, raw",SR Legacy
"Peanuts, boiled",Survey (FNDDS)
"Peanuts, chocolate covered candy",Survey (FNDDS)
"Peanuts, dry roasted, lightly salted",Survey (FNDDS)
"Peanuts, dry roasted, salted",Survey (FNDDS)
"Peanuts, dry roasted, unsalted",Survey (FNDDS)
"Peanuts, honey roasted",Survey (FNDDS)
"Peanuts, NFS",Survey (FNDDS)
"Peanuts, raw",Foundation
"Peanuts, roasted, salted",Survey (FNDDS)
"Peanuts, roasted, unsalted",Survey (FNDDS)
"Peanuts, spanish, oil-roasted, with salt",SR Legacy
"Peanuts, spanish, oil-roasted, without salt",SR Legacy
"Peanuts, spanish, raw",SR Legacy
"Peanuts, unroasted",Survey (FNDDS)
"Peanuts, valencia, oil-roasted, with salt",SR Legacy
"Peanuts, valencia, oil-roasted, without salt",SR Legacy
"Peanuts, valencia, raw",SR Legacy
"Peanuts, virginia, oil-roasted, with salt",SR Legacy
"Peanuts, virginia, oil-roasted, without salt",SR Legacy
"Peanuts, virginia, raw",SR Legacy
Pear nectar,Survey (FNDDS)
"Pear nectar, canned, with added ascorbic acid",SR Legacy
"Pear nectar, canned, without added ascorbic acid",SR Legacy
"Pear, Anjou, green, with skin, raw",Foundation
"Pear, Asian, raw",Survey (FNDDS)
"Pear, canned, in syrup",Survey (FNDDS)
"Pear, canned, juice pack",Survey (FNDDS)
"Pear, canned, NFS",Survey (FNDDS)
"Pear, dried",Survey (FNDDS)
"Pear, raw",Survey (FNDDS)
"Pears, asian, raw",SR Legacy
"Pears, canned, extra heavy syrup pack, solids and liquids",SR Legacy
"Pears, canned, extra light syrup pack, solids and liquids (Includes foods for USDA's Food Distribution Program)",SR Legacy
"Pears, canned, heavy syrup pack, solids and liquids",SR Legacy
"Pears, canned, heavy syrup, drained",SR Legacy
"Pears, canned, juice pack, solids and liquids",SR Legacy
"Pears, canned, light syrup pack, solids and liquids",SR Legacy
"Pears, canned, water pack, solids and liquids",SR Legacy
"Pears, dried, sulfured, stewed, with added sugar",SR Legacy
"Pears, dried, sulfured, stewed, without added sugar",SR Legacy
"Pears, dried, sulfured, uncooked",SR Legacy
"Pears, raw",SR Legacy
"Pears, raw, bartlett",Foundation
"Pears, raw, bartlett (Includes foods for USDA's Food Distribution Program)",SR Legacy
"Pears, raw, bosc (Includes foods for USDA's Food Distribution Program)",SR Legacy
"Pears, raw, green anjou (Includes foods for USDA's Food Distribution Program)",SR Legacy
"Pears, raw, red anjou",SR Legacy
"Peas and carrots, canned, cooked, fat added",Survey (FNDDS)
"Peas and carrots, canned, cooked, no added fat",Survey (FNDDS)
"Peas and carrots, canned, no salt added, solids and liquids",SR Legacy
"Peas and carrots, canned, regular pack, solids and liquids",SR Legacy
"Peas and carrots, cooked, NS as to form",Survey (FNDDS)
"Peas and carrots, fresh, cooked, fat added",Survey (FNDDS)
"Peas and carrots, fresh, cooked, no added fat",Survey (FNDDS)
"Peas and carrots, frozen, cooked, boiled, drained, with salt",SR Legacy
"Peas and carrots, frozen, cooked, boiled, drained, without salt",SR Legacy
"Peas and carrots, frozen, cooked, fat added",Survey (FNDDS)
"Peas and carrots, frozen, cooked, no added fat",Survey (FNDDS)
"Peas and carrots, frozen, unprepared",SR Legacy
"Peas and corn, cooked, fat added",Survey (FNDDS)
"Peas and corn, cooked, no added fat",Survey (FNDDS)
"Peas and onions, canned, solids and liquids",SR Legacy
"Peas and onions, frozen, cooked, boiled, drained, with salt",SR Legacy
"Peas and onions, frozen, cooked, boiled, drained, without salt",SR Legacy
"Peas and onions, frozen, unprepared",SR Legacy
"Peas, edible-podded, boiled, drained, without salt",SR Legacy
"Peas, edible-podded, cooked, boiled, drained, with salt",SR Legacy
"Peas, edible-podded, frozen, cooked, boiled, drained, with salt",SR Legacy
"Peas, edible-podded, frozen, cooked, boiled, drained, without salt",SR Legacy
"Peas, edible-podded, frozen, unprepared",SR Legacy
"Peas, edible-podded, raw",SR Legacy
"Peas, green (includes baby and lesuer types), canned, drained solids, unprepared",SR Legacy
"Peas, green, canned, drained solids, rinsed in tap water",SR Legacy
"Peas, green, canned, no salt added, drained solids",SR Legacy
"Peas, green, canned, no salt added, solids and liquids",SR Legacy
"Peas, green, canned, regular pack, solids and liquids",SR Legacy
"Peas, green, canned, seasoned, solids and liquids",SR Legacy
"Peas, green, cooked, boiled, drained, with salt",SR Legacy
"Peas, green, cooked, boiled, drained, without salt",SR Legacy
"Peas, green, frozen, cooked, boiled, drained, with salt",SR Legacy
"Peas, green, frozen, cooked, boiled, drained, without salt",SR Legacy
"Peas, green, frozen, unprepared (Includes foods for USDA's Food Distribution Program)",SR Legacy
"Peas, green, raw",SR Legacy
"Peas, green, split, mature seeds, raw",SR Legacy
"Peas, green, sweet, canned, sodium added, sugar added, drained and rinsed",Foundation
"Peas, mature seeds, sprouted, cooked, boiled, drained, with salt",SR Legacy
"Peas, mature seeds, sprouted, cooked, boiled, drained, without salt",SR Legacy
"Peas, mature seeds, sprouted, raw",SR Legacy
"Peas, split, mature seeds, cooked, boiled, with salt",SR Legacy
"Peas, split, mature seeds, cooked, boiled, without salt",SR Legacy
"Pecans, honey roasted",Survey (FNDDS)
"Pecans, NFS",Survey (FNDDS)
"Pecans, salted",Survey (FNDDS)
"Pecans, unroasted",Survey (FNDDS)
"Pecans, unsalted",Survey (FNDDS)
"Pectin, liquid",SR Legacy
"Pectin, unsweetened, dry mix",SR Legacy
"Pepeao, dried",SR Legacy
Pepper steak,Survey (FNDDS)
"Pepper, banana, raw",SR Legacy
"Pepper, for use on a sandwich",Survey (FNDDS)
"Peppered loaf, pork, beef",SR Legacy
"Pepperidge Farm, Goldfish, Baked Snack Crackers, Cheddar",SR Legacy
"Pepperidge Farm, Goldfish, Baked Snack Crackers, Explosive Pizza",SR Legacy
"Pepperidge Farm, Goldfish, Baked Snack Crackers, Original",SR Legacy
"Pepperidge Farm, Goldfish, Baked Snack Crackers, Parmesan",SR Legacy
"Pepperidge Farm, Goldfish, Baked Snack Crackers, Pizza",SR Legacy
"Peppermint, fresh",SR Legacy
"Pepperoni, beef and pork, sliced",SR Legacy
"Pepperoni, NFS",Survey (FNDDS)
"Pepperoni, reduced fat",Survey (FNDDS)
"Pepperoni, reduced sodium",Survey (FNDDS)
"Peppers and onions, cooked, fat added",Survey (FNDDS)
"Peppers and onions, cooked, no added fat",Survey (FNDDS)
"Peppers, ancho, dried",SR Legacy
"Peppers, banana, raw",Survey (FNDDS)
"Peppers, bell, green, raw",Foundation
"Peppers, bell, orange, raw",Foundation
"Peppers, bell, red, raw",Foundation
"Peppers, bell, yellow, raw",Foundation
"Peppers, chili, green, canned",SR Legacy
"Peppers, green, cooked",Survey (FNDDS)
"Peppers, hot chile, sun-dried",SR Legacy
"Peppers, hot chili, green, canned, pods, excluding seeds, solids and liquids",SR Legacy
"Peppers, hot chili, green, raw",SR Legacy
"Peppers, hot chili, red, canned, excluding seeds, solids and liquids",SR Legacy
"Peppers, hot chili, red, raw",SR Legacy
"Peppers, hot pickled, canned",SR Legacy
"Peppers, hot, cooked",Survey (FNDDS)
"Peppers, hot, pickled",Survey (FNDDS)
"Peppers, hot, raw",Survey (FNDDS)
"Peppers, hungarian, raw",SR Legacy
"Peppers, jalapeno, canned, solids and liquids",SR Legacy
"Peppers, jalapeno, raw",SR Legacy
"Peppers, jalapenos",Survey (FNDDS)
"Peppers, pasilla, dried",SR Legacy
"Peppers, raw, NFS",Survey (FNDDS)
"Peppers, red, cooked",Survey (FNDDS)
"Peppers, serrano, raw",SR Legacy
"Peppers, sweet, green, canned, solids and liquids",SR Legacy
"Peppers, sweet, green, cooked, boiled, drained, with salt",SR Legacy
"Peppers, sweet, green, cooked, boiled, drained, without salt",SR Legacy
"Peppers, sweet, green, frozen, chopped, boiled, drained, without salt",SR Legacy
"Peppers, sweet, green, frozen, chopped, cooked, boiled, drained, with salt",SR Legacy
"Peppers, sweet, green, frozen, chopped, unprepared",SR Legacy
"Peppers, sweet, green, raw",Survey (FNDDS)
"Peppers, sweet, green, raw",SR Legacy
"Peppers, sweet, green, sauteed",SR Legacy
"Peppers, sweet, pickled",Survey (FNDDS)
"Peppers, sweet, red, canned, solids and liquids",SR Legacy
"Peppers, sweet, red, cooked, boiled, drained, with salt",SR Legacy
"Peppers, sweet, red, cooked, boiled, drained, without salt",SR Legacy
"Peppers, sweet, red, freeze-dried",SR Legacy
"Peppers, sweet, red, frozen, chopped, boiled, drained, with salt",SR Legacy
"Peppers, sweet, red, frozen, chopped, boiled, drained, without salt",SR Legacy
"Peppers, sweet, red, frozen, chopped, unprepared",SR Legacy
"Peppers, sweet, red, raw",SR Legacy
"Peppers, sweet, red, raw",Survey (FNDDS)
"Peppers, sweet, red, sauteed",SR Legacy
"Peppers, sweet, yellow, raw",SR Legacy
"Persimmon, dried",Survey (FNDDS)
"Persimmon, raw",Survey (FNDDS)
"Persimmons, japanese, dried",SR Legacy
"Persimmons, japanese, raw",SR Legacy
"Persimmons, native, raw",SR Legacy
"Peruvian beans, from dried",Survey (FNDDS)
Pesto sauce,Survey (FNDDS)
"Pheasant, breast, meat only, raw",SR Legacy
"Pheasant, cooked",Survey (FNDDS)
"Pheasant, cooked, total edible",SR Legacy
"Pheasant, leg, meat only, raw",SR Legacy
"Pheasant, raw, meat and skin",SR Legacy
"Pheasant, raw, meat only",SR Legacy
Phyllo dough,SR Legacy
"Pickle and pimiento loaf, pork",SR Legacy
"Pickle relish, hamburger",SR Legacy
"Pickle relish, hot dog",SR Legacy
"Pickle relish, sweet",SR Legacy
Pickled sausage,Survey (FNDDS)
"Pickles, chowchow, with cauliflower onion mustard, sweet",SR Legacy
"Pickles, cucumber, dill or kosher dill",Foundation
"Pickles, cucumber, dill or kosher dill",SR Legacy
"Pickles, cucumber, dill, reduced sodium",SR Legacy
"Pickles, cucumber, sour",SR Legacy
"Pickles, cucumber, sour, low sodium",SR Legacy
"Pickles, cucumber, sweet (includes bread and butter pickles)",SR Legacy
"Pickles, cucumber, sweet, low sodium (includes bread and butter pickles)",SR Legacy
"Pickles, dill",Survey (FNDDS)
"Pickles, fried",Survey (FNDDS)
"Pickles, NFS",Survey (FNDDS)
"Pickles, sweet",Survey (FNDDS)
"Picnic loaf, pork, beef",SR Legacy
"Pie Crust, Cookie-type, Chocolate, Ready Crust",SR Legacy
"Pie Crust, Cookie-type, Graham Cracker, Ready Crust",SR Legacy
"Pie crust, cookie-type, prepared from recipe, graham cracker, chilled",SR Legacy
"Pie crust, cookie-type, prepared from recipe, vanilla wafer, chilled",SR Legacy
"Pie crust, deep dish, frozen, baked, made with enriched flour",SR Legacy
"Pie crust, deep dish, frozen, unbaked, made with enriched flour",SR Legacy
"Pie crust, refrigerated, regular, baked",SR Legacy
"Pie crust, refrigerated, regular, unbaked",SR Legacy
"Pie crust, standard-type, dry mix",SR Legacy
"Pie crust, standard-type, dry mix, prepared, baked",SR Legacy
"Pie crust, standard-type, frozen, ready-to-bake, enriched",SR Legacy
"Pie crust, standard-type, frozen, ready-to-bake, enriched, baked",SR Legacy
"Pie crust, standard-type, frozen, ready-to-bake, unenriched",SR Legacy
"Pie crust, standard-type, prepared from recipe, baked",SR Legacy
"Pie crust, standard-type, prepared from recipe, unbaked",SR Legacy
"Pie fillings, apple, canned",SR Legacy
"Pie fillings, blueberry, canned",SR Legacy
"Pie fillings, canned, cherry",SR Legacy
"Pie fillings, cherry, low calorie",SR Legacy
Pie shell,Survey (FNDDS)
"Pie shell, graham cracker",Survey (FNDDS)
"Pie, apple",Survey (FNDDS)
"Pie, apple, commercially prepared, enriched flour",SR Legacy
"Pie, apple, commercially prepared, unenriched flour",SR Legacy
"Pie, apple, fast food",Survey (FNDDS)
"Pie, apple, prepared from recipe",SR Legacy
"Pie, banana cream",Survey (FNDDS)
"Pie, banana cream, prepared from mix, no-bake type",SR Legacy
"Pie, banana cream, prepared from recipe",SR Legacy
"Pie, berry",Survey (FNDDS)
"Pie, blueberry",Survey (FNDDS)
"Pie, blueberry, commercially prepared",SR Legacy
"Pie, blueberry, prepared from recipe",SR Legacy
"Pie, cherry",Survey (FNDDS)
"Pie, cherry, commercially prepared",SR Legacy
"Pie, cherry, prepared from recipe",SR Legacy
"Pie, chocolate cream",Survey (FNDDS)
"Pie, chocolate creme, commercially prepared",SR Legacy
"Pie, chocolate mousse, prepared from mix, no-bake type",SR Legacy
"Pie, coconut cream",Survey (FNDDS)
"Pie, coconut cream, prepared from mix, no-bake type",SR Legacy
"Pie, coconut creme, commercially prepared",SR Legacy
"Pie, coconut custard, commercially prepared",SR Legacy
"Pie, custard",Survey (FNDDS)
"Pie, Dutch Apple, Commercially Prepared",SR Legacy
"Pie, egg custard, commercially prepared",SR Legacy
"Pie, fried pies, cherry",SR Legacy
"Pie, fried pies, fruit",SR Legacy
"Pie, fried pies, lemon",SR Legacy
"Pie, key lime",Survey (FNDDS)
"Pie, lemon",Survey (FNDDS)
"Pie, lemon meringue",Survey (FNDDS)
"Pie, lemon meringue, commercially prepared",SR Legacy
"Pie, lemon meringue, prepared from recipe",SR Legacy
"Pie, mince, prepared from recipe",SR Legacy
"Pie, NFS",Survey (FNDDS)
"Pie, oatmeal",Survey (FNDDS)
"Pie, peach",Survey (FNDDS)
"Pie, peach",SR Legacy
"Pie, peanut butter cream",Survey (FNDDS)
"Pie, pecan",Survey (FNDDS)
"Pie, pecan, commercially prepared",SR Legacy
"Pie, pecan, prepared from recipe",SR Legacy
"Pie, pineapple cream",Survey (FNDDS)
"Pie, pumpkin",Survey (FNDDS)
"Pie, pumpkin, commercially prepared",SR Legacy
"Pie, pumpkin, prepared from recipe",SR Legacy
"Pie, strawberry",Survey (FNDDS)
"Pie, sweet potato",Survey (FNDDS)
"Pie, vanilla cream",Survey (FNDDS)
"Pie, vanilla cream, prepared from recipe",SR Legacy
Pierogi,Survey (FNDDS)
Pig in a blanket,Survey (FNDDS)
"Pigeon peas (red gram), mature seeds, cooked, boiled, with salt",SR Legacy
"Pigeon peas (red gram), mature seeds, cooked, boiled, without salt",SR Legacy
"Pigeon peas (red gram), mature seeds, raw",SR Legacy
"Pigeonpeas, immature seeds, cooked, boiled, drained, with salt",SR Legacy
"Pigeonpeas, immature seeds, cooked, boiled, drained, without salt",SR Legacy
"Pigeonpeas, immature seeds, raw",SR Legacy
"Piki bread, made from blue cornmeal (Hopi)",SR Legacy
"Pillsbury Golden Layer Buttermilk Biscuits, Artificial Flavor, refrigerated dough",SR Legacy
"Pillsbury Grands, Buttermilk Biscuits, refrigerated dough",SR Legacy
"Pillsbury, Buttermilk Biscuits, Artificial Flavor, refrigerated dough",SR Legacy
"Pillsbury, Chocolate Chip Cookies, refrigerated dough",SR Legacy
"Pillsbury, Cinnamon Rolls with Icing, refrigerated dough",SR Legacy
"Pillsbury, Crusty French Loaf, refrigerated dough",SR Legacy
"Pimento, canned",SR Legacy
Pimiento,Survey (FNDDS)
Pina Colada,Survey (FNDDS)
"Pina Colada, nonalcoholic",Survey (FNDDS)
Pine nuts,Survey (FNDDS)
"Pineapple juice, 100%",Survey (FNDDS)
"Pineapple juice, canned or bottled, unsweetened, with added ascorbic acid",SR Legacy
"Pineapple juice, canned or bottled, unsweetened, without added ascorbic acid",SR Legacy
"Pineapple juice, canned, not from concentrate, unsweetened, with added vitamins A, C and E",SR Legacy
"Pineapple juice, frozen concentrate, unsweetened, diluted with 3 volume water",SR Legacy
"Pineapple juice, frozen concentrate, unsweetened, undiluted",SR Legacy
Pineapple salad with dressing,Survey (FNDDS)
"Pineapple, canned, extra heavy syrup pack, solids and liquids",SR Legacy
"Pineapple, canned, heavy syrup pack, solids and liquids",SR Legacy
"Pineapple, canned, in syrup",Survey (FNDDS)
"Pineapple, canned, juice pack",Survey (FNDDS)
"Pineapple, canned, juice pack, drained",SR Legacy
"Pineapple, canned, juice pack, solids and liquids",SR Legacy
"Pineapple, canned, light syrup pack, solids and liquids",SR Legacy
"Pineapple, canned, NFS",Survey (FNDDS)
"Pineapple, canned, water pack, solids and liquids",SR Legacy
"Pineapple, dried",Survey (FNDDS)
"Pineapple, frozen",Survey (FNDDS)
"Pineapple, frozen, chunks, sweetened",SR Legacy
"Pineapple, raw",Survey (FNDDS)
"Pineapple, raw",Foundation
"Pineapple, raw, all varieties",SR Legacy
"Pineapple, raw, extra sweet variety",SR Legacy
"Pineapple, raw, traditional varieties",SR Legacy
"Pink beans, cooked",Survey (FNDDS)
"Pinon Nuts, roasted (Navajo)",SR Legacy
Pinto beans and brown rice,Survey (FNDDS)
"Pinto beans and rice, from fast food / restaurant",Survey (FNDDS)
Pinto beans and white rice,Survey (FNDDS)
Pinto beans with meat,Survey (FNDDS)
"Pinto beans, from canned, fat added",Survey (FNDDS)
"Pinto beans, from canned, no added fat",Survey (FNDDS)
"Pinto beans, from canned, reduced sodium",Survey (FNDDS)
"Pinto beans, from dried, fat added",Survey (FNDDS)
"Pinto beans, from dried, no added fat",Survey (FNDDS)
"Pinto beans, from fast food / restaurant",Survey (FNDDS)
"Pinto beans, NFS",Survey (FNDDS)
"Pistachio nuts, lightly salted",Survey (FNDDS)
"Pistachio nuts, NFS",Survey (FNDDS)
"Pistachio nuts, salted",Survey (FNDDS)
"Pistachio nuts, unsalted",Survey (FNDDS)
Pita chips,Survey (FNDDS)
"Pitanga, (surinam-cherry), raw",SR Legacy
"PIZZA HUT 12"" Cheese Pizza, Hand-Tossed Crust",SR Legacy
"PIZZA HUT 12"" Cheese Pizza, Pan Crust",SR Legacy
"PIZZA HUT 12"" Cheese Pizza, THIN 'N CRISPY Crust",SR Legacy
"PIZZA HUT 12"" Pepperoni Pizza, Hand-Tossed Crust",SR Legacy
"PIZZA HUT 12"" Pepperoni Pizza, Pan Crust",SR Legacy
"PIZZA HUT 12"" Super Supreme Pizza, Hand-Tossed Crust",SR Legacy
"PIZZA HUT 14"" Cheese Pizza, Hand-Tossed Crust",SR Legacy
"PIZZA HUT 14"" Cheese Pizza, Pan Crust",SR Legacy
"PIZZA HUT 14"" Cheese Pizza, Stuffed Crust",SR Legacy
"PIZZA HUT 14"" Cheese Pizza, THIN 'N CRISPY Crust",SR Legacy
"PIZZA HUT 14"" Pepperoni Pizza, Hand-Tossed Crust",SR Legacy
"PIZZA HUT 14"" Pepperoni Pizza, Pan Crust",SR Legacy
"PIZZA HUT 14"" Pepperoni Pizza, THIN 'N CRISPY Crust",SR Legacy
"PIZZA HUT 14"" Sausage Pizza, Hand-Tossed Crust",SR Legacy
"PIZZA HUT 14"" Sausage Pizza, Pan Crust",SR Legacy
"PIZZA HUT 14"" Sausage Pizza, THIN 'N CRISPY Crust",SR Legacy
"PIZZA HUT 14"" Super Supreme Pizza, Hand-Tossed Crust",SR Legacy
"PIZZA HUT, breadstick, parmesan garlic",SR Legacy
Pizza rolls,Survey (FNDDS)
"Pizza rolls, frozen, unprepared",SR Legacy
"Pizza with beans and vegetables, thick crust",Survey (FNDDS)
"Pizza with beans and vegetables, thin crust",Survey (FNDDS)
"Pizza with cheese and extra vegetables, medium crust",Survey (FNDDS)
"Pizza with cheese and extra vegetables, thick crust",Survey (FNDDS)
"Pizza with cheese and extra vegetables, thin crust",Survey (FNDDS)
"Pizza with extra meat and extra vegetables, medium crust",Survey (FNDDS)
"Pizza with extra meat and extra vegetables, thick crust",Survey (FNDDS)
"Pizza with extra meat and extra vegetables, thin crust",Survey (FNDDS)
"Pizza with extra meat, medium crust",Survey (FNDDS)
"Pizza with extra meat, thick crust",Survey (FNDDS)
"Pizza with extra meat, thin crust",Survey (FNDDS)
"Pizza with meat and fruit, medium crust",Survey (FNDDS)
"Pizza with meat and fruit, thick crust",Survey (FNDDS)
"Pizza with meat and fruit, thin crust",Survey (FNDDS)
"Pizza with meat and vegetables, from frozen, medium crust",Survey (FNDDS)
"Pizza with meat and vegetables, from frozen, thick crust",Survey (FNDDS)
"Pizza with meat and vegetables, from frozen, thin crust",Survey (FNDDS)
"Pizza with meat and vegetables, from restaurant or fast food, medium crust",Survey (FNDDS)
"Pizza with meat and vegetables, from restaurant or fast food, thick crust",Survey (FNDDS)
"Pizza with meat and vegetables, from restaurant or fast food, thin crust",Survey (FNDDS)
"Pizza with meat other than pepperoni, from frozen, medium crust",Survey (FNDDS)
"Pizza with meat other than pepperoni, from frozen, thick crust",Survey (FNDDS)
"Pizza with meat other than pepperoni, from frozen, thin crust",Survey (FNDDS)
"Pizza with meat other than pepperoni, from restaurant or fast food, medium crust",Survey (FNDDS)
"Pizza with meat other than pepperoni, from restaurant or fast food, NS as to type of crust",Survey (FNDDS)
"Pizza with meat other than pepperoni, from restaurant or fast food, thick crust",Survey (FNDDS)
"Pizza with meat other than pepperoni, from restaurant or fast food, thin crust",Survey (FNDDS)
"Pizza with pepperoni, from frozen, medium crust",Survey (FNDDS)
"Pizza with pepperoni, from frozen, thick crust",Survey (FNDDS)
"Pizza with pepperoni, from frozen, thin crust",Survey (FNDDS)
"Pizza with pepperoni, from restaurant or fast food,  medium crust",Survey (FNDDS)
"Pizza with pepperoni, from restaurant or fast food, NS as to type of crust",Survey (FNDDS)
"Pizza with pepperoni, from restaurant or fast food, thick crust",Survey (FNDDS)
"Pizza with pepperoni, from restaurant or fast food, thin crust",Survey (FNDDS)
"Pizza with pepperoni, from school lunch, thick crust",Survey (FNDDS)
"Pizza with pepperoni, from school lunch, thin crust",Survey (FNDDS)
"Pizza with pepperoni, stuffed crust",Survey (FNDDS)
"Pizza, cheese and vegetables, gluten-free thick crust",Survey (FNDDS)
"Pizza, cheese and vegetables, gluten-free thin crust",Survey (FNDDS)
"Pizza, cheese and vegetables, whole wheat thick crust",Survey (FNDDS)
"Pizza, cheese and vegetables, whole wheat thin crust",Survey (FNDDS)
"Pizza, cheese topping, regular crust, frozen, cooked",SR Legacy
"Pizza, cheese topping, rising crust, frozen, cooked",SR Legacy
"Pizza, cheese topping, thin crust, frozen, cooked",SR Legacy
"Pizza, cheese with vegetables, from frozen, thick crust",Survey (FNDDS)
"Pizza, cheese, from frozen, thick crust",Survey (FNDDS)
"Pizza, cheese, from frozen, thin crust",Survey (FNDDS)
"Pizza, cheese, from restaurant or fast food, medium crust",Survey (FNDDS)
"Pizza, cheese, from restaurant or fast food, NS as to type of crust",Survey (FNDDS)
"Pizza, cheese, from restaurant or fast food, thick crust",Survey (FNDDS)
"Pizza, cheese, from restaurant or fast food, thin crust",Survey (FNDDS)
"Pizza, cheese, from school lunch, medium crust",Survey (FNDDS)
"Pizza, cheese, from school lunch, thick crust",Survey (FNDDS)
"Pizza, cheese, from school lunch, thin crust",Survey (FNDDS)
"Pizza, cheese, gluten-free thick crust",Survey (FNDDS)
"Pizza, cheese, gluten-free thin crust",Survey (FNDDS)
"Pizza, cheese, stuffed crust",Survey (FNDDS)
"Pizza, cheese, whole wheat thick crust",Survey (FNDDS)
"Pizza, cheese, whole wheat thin crust",Survey (FNDDS)
"Pizza, cheese, with fruit, medium crust",Survey (FNDDS)
"Pizza, cheese, with fruit, thick crust",Survey (FNDDS)
"Pizza, cheese, with fruit, thin crust",Survey (FNDDS)
"Pizza, cheese, with vegetables, from frozen, thin crust",Survey (FNDDS)
"Pizza, cheese, with vegetables, from restaurant or fast food, medium crust",Survey (FNDDS)
"Pizza, cheese, with vegetables, from restaurant or fast food, thick crust",Survey (FNDDS)
"Pizza, cheese, with vegetables, from restaurant or fast food, thin crust",Survey (FNDDS)
"Pizza, extra cheese, thick crust",Survey (FNDDS)
"Pizza, extra cheese, thin crust",Survey (FNDDS)
"Pizza, meat and vegetable topping, regular crust, frozen, cooked",SR Legacy
"Pizza, meat and vegetable topping, rising crust, frozen, cooked",SR Legacy
"Pizza, meat topping, thick crust, frozen, cooked",SR Legacy
"Pizza, no cheese, thick crust",Survey (FNDDS)
"Pizza, no cheese, thin crust",Survey (FNDDS)
"Pizza, pepperoni topping, regular crust, frozen, cooked",SR Legacy
"Pizza, with meat other than pepperoni, from school lunch, medium crust",Survey (FNDDS)
"Pizza, with meat other than pepperoni, from school lunch, thick crust",Survey (FNDDS)
"Pizza, with meat other than pepperoni, from school lunch, thin crust",Survey (FNDDS)
"Pizza, with meat other than pepperoni, stuffed crust",Survey (FNDDS)
"Pizza, with meat, gluten-free thick crust",Survey (FNDDS)
"Pizza, with meat, gluten-free thin crust",Survey (FNDDS)
"Pizza, with meat, whole wheat thick crust",Survey (FNDDS)
"Pizza, with meat, whole wheat thin crust",Survey (FNDDS)
"Pizza, with pepperoni, from school lunch, medium crust",Survey (FNDDS)
Plantain chips,Survey (FNDDS)
"Plantain, cooked with butter or margarine",Survey (FNDDS)
"Plantain, cooked with oil",Survey (FNDDS)
"Plantain, cooked, fat added, NS as to fat type",Survey (FNDDS)
"Plantain, cooked, no added fat",Survey (FNDDS)
"Plantain, raw",Survey (FNDDS)
"Plantains, green, boiled",SR Legacy
"Plantains, green, fried",SR Legacy
"Plantains, green, raw",SR Legacy
"Plantains, overripe, raw",Foundation
"Plantains, ripe, raw",Foundation
"Plantains, underripe, raw",Foundation
"Plantains, yellow, baked",SR Legacy
"Plantains, yellow, fried, Latino restaurant",SR Legacy
"Plantains, yellow, raw",SR Legacy
"Plum, black, with skin, raw",Foundation
"Plum, canned",Survey (FNDDS)
"Plum, raw",Survey (FNDDS)
"Plums, canned, heavy syrup, drained",SR Legacy
"Plums, canned, purple, extra heavy syrup pack, solids and liquids",SR Legacy
"Plums, canned, purple, heavy syrup pack, solids and liquids",SR Legacy
"Plums, canned, purple, juice pack, solids and liquids",SR Legacy
"Plums, canned, purple, light syrup pack, solids and liquids",SR Legacy
"Plums, canned, purple, water pack, solids and liquids",SR Legacy
"Plums, dried (prunes), stewed, with added sugar",SR Legacy
"Plums, dried (prunes), stewed, without added sugar",SR Legacy
"Plums, dried (prunes), uncooked",SR Legacy
"Plums, raw",SR Legacy
"Plums, wild (Northern Plains Indians)",SR Legacy
Pocky,Survey (FNDDS)
Poi,SR Legacy
"Poke greens, cooked",Survey (FNDDS)
"Pokeberry shoots, (poke), cooked, boiled, drained, with salt",SR Legacy
"Pokeberry shoots, (poke), cooked, boiled, drained, without salt",SR Legacy
"Pokeberry shoots, (poke), raw",SR Legacy
Polish sausage,Survey (FNDDS)
"Polish sausage, pork",SR Legacy
"Pomegranate juice beverage, 40-50% juice, light",Survey (FNDDS)
"Pomegranate juice, 100%",Survey (FNDDS)
"Pomegranate juice, bottled",SR Legacy
"Pomegranate, raw",Survey (FNDDS)
"Pomegranates, raw",SR Legacy
Popcorn cake,Survey (FNDDS)
"Popcorn chips, other flavors",Survey (FNDDS)
"Popcorn chips, plain",Survey (FNDDS)
"Popcorn chips, sweet flavors",Survey (FNDDS)
"Popcorn, air-popped, no butter added",Survey (FNDDS)
"Popcorn, air-popped, with added butter",Survey (FNDDS)
"Popcorn, caramel coated",Survey (FNDDS)
"Popcorn, caramel coated, with nuts",Survey (FNDDS)
"Popcorn, chocolate coated",Survey (FNDDS)
"Popcorn, microwave, butter flavored",Survey (FNDDS)
"Popcorn, microwave, cheese flavored",Survey (FNDDS)
"Popcorn, microwave, flavored, light",Survey (FNDDS)
"Popcorn, microwave, kettle",Survey (FNDDS)
"Popcorn, microwave, low fat and sodium",SR Legacy
"Popcorn, microwave, low sodium",Survey (FNDDS)
"Popcorn, microwave, NFS",Survey (FNDDS)
"Popcorn, microwave, plain",Survey (FNDDS)
"Popcorn, microwave, plain, light",Survey (FNDDS)
"Popcorn, microwave, regular (butter) flavor, made with palm oil",SR Legacy
"Popcorn, movie theater, no butter added",Survey (FNDDS)
"Popcorn, movie theater, with added butter",Survey (FNDDS)
"Popcorn, NFS",Survey (FNDDS)
"Popcorn, popped in oil, no butter added",Survey (FNDDS)
"Popcorn, popped in oil, with added butter",Survey (FNDDS)
"Popcorn, ready-to-eat, butter flavored",Survey (FNDDS)
"Popcorn, ready-to-eat, cheese flavored",Survey (FNDDS)
"Popcorn, ready-to-eat, flavored, light",Survey (FNDDS)
"Popcorn, ready-to-eat, kettle",Survey (FNDDS)
"Popcorn, ready-to-eat, low sodium",Survey (FNDDS)
"Popcorn, ready-to-eat, NFS",Survey (FNDDS)
"Popcorn, ready-to-eat, plain",Survey (FNDDS)
"Popcorn, ready-to-eat, plain, light",Survey (FNDDS)
"Popcorn, sugar syrup/caramel, fat-free",SR Legacy
"POPEYES, biscuit",SR Legacy
"POPEYES, Coleslaw",SR Legacy
"POPEYES, Fried Chicken, Mild, Breast, meat and skin with breading",SR Legacy
"POPEYES, Fried Chicken, Mild, Breast, meat only, skin and breading removed",SR Legacy
"POPEYES, Fried Chicken, Mild, Drumstick, meat and skin with breading",SR Legacy
"POPEYES, Fried Chicken, Mild, Drumstick, meat only, skin and breading removed",SR Legacy
"POPEYES, Fried Chicken, Mild, Skin and Breading",SR Legacy
"POPEYES, Fried Chicken, Mild, Thigh, meat and skin with breading",SR Legacy
"POPEYES, Fried Chicken, Mild, Thigh, meat only, skin and breading removed",SR Legacy
"POPEYES, Fried Chicken, Mild, Wing, meat and skin with breading",SR Legacy
"POPEYES, Fried Chicken, Mild, Wing, meat only, skin and breading removed",SR Legacy
"POPEYES, Mild Chicken Strips, analyzed 2006",SR Legacy
"POPEYES, Spicy Chicken Strips, analyzed 2006",SR Legacy
Popover,Survey (FNDDS)
"Popovers, dry mix, enriched",SR Legacy
"Popovers, dry mix, unenriched",SR Legacy
Poppy seed dressing,Survey (FNDDS)
Popsicle,Survey (FNDDS)
"Popsicle, NFS",Survey (FNDDS)
"Popsicle, no sugar added",Survey (FNDDS)
Porcupine balls with mushroom sauce,Survey (FNDDS)
Porcupine balls with tomato-based sauce,Survey (FNDDS)
Pork and beans,Survey (FNDDS)
Pork and beef sausage,Survey (FNDDS)
Pork and onions with soy-based sauce,Survey (FNDDS)
Pork and rice with tomato-based sauce,Survey (FNDDS)
"Pork and vegetables excluding  carrots, broccoli, and dark-green leafy; no potatoes, tomato-based sauce",Survey (FNDDS)
"Pork and vegetables excluding carrots, broccoli, and dark- green leafy; no potatoes, soy-based sauce",Survey (FNDDS)
"Pork and vegetables excluding carrots, broccoli, and dark-green leafy; no potatoes, no sauce",Survey (FNDDS)
"Pork and vegetables including carrots, broccoli, and/or dark-green leafy; no potatoes, no sauce",Survey (FNDDS)
"Pork and vegetables including carrots, broccoli, and/or dark-green leafy; no potatoes, soy-based sauce",Survey (FNDDS)
"Pork and vegetables including carrots, broccoli, and/or dark-green leafy; no potatoes, tomato-based sauce",Survey (FNDDS)
"Pork and vegetables, Hawaiian style",Survey (FNDDS)
Pork and watercress with soy-based sauce,Survey (FNDDS)
"Pork bacon, NS as to fresh, smoked or cured, cooked",Survey (FNDDS)
"Pork bacon, NS as to fresh, smoked or cured, reduced sodium, cooked",Survey (FNDDS)
"Pork bacon, smoked or cured, cooked",Survey (FNDDS)
"Pork bacon, smoked or cured, reduced sodium, cooked",Survey (FNDDS)
Pork chow mein or chop suey with noodles,Survey (FNDDS)
"Pork chow mein or chop suey, no noodles",Survey (FNDDS)
Pork egg foo yung,Survey (FNDDS)
Pork hash,Survey (FNDDS)
Pork jerky,Survey (FNDDS)
"Pork loin, fresh, backribs, bone-in, cooked-roasted, lean only",SR Legacy
"Pork loin, fresh, backribs, bone-in, raw, lean only",SR Legacy
Pork or ham with soy-based sauce,Survey (FNDDS)
Pork sandwich,Survey (FNDDS)
"Pork sandwich, with cheese",Survey (FNDDS)
Pork sausage,Survey (FNDDS)
"Pork sausage rice links, brown and serve, cooked",SR Legacy
"Pork sausage, link/patty, cooked, pan-fried",SR Legacy
"Pork sausage, link/patty, fully cooked, microwaved",SR Legacy
"Pork sausage, link/patty, fully cooked, unheated",SR Legacy
"Pork sausage, link/patty, reduced fat, cooked, pan-fried",SR Legacy
"Pork sausage, link/patty, reduced fat, unprepared",SR Legacy
"Pork sausage, link/patty, unprepared",SR Legacy
"Pork sausage, reduced fat",Survey (FNDDS)
"Pork sausage, reduced sodium",Survey (FNDDS)
"Pork sausage, reduced sodium, cooked",SR Legacy
"Pork shish kabob with vegetables, excluding potatoes",Survey (FNDDS)
Pork skin rinds,Survey (FNDDS)
Pork with chili and tomatoes,Survey (FNDDS)
"Pork, bacon, rendered fat, cooked",SR Legacy
"Pork, belly",Survey (FNDDS)
"Pork, belly, with skin, raw",Foundation
"Pork, bones",Survey (FNDDS)
"Pork, carnitas",Survey (FNDDS)
"Pork, chop, center cut, raw",Foundation
"Pork, chop, coated, lean and fat eaten",Survey (FNDDS)
"Pork, chop, coated, lean only eaten",Survey (FNDDS)
"Pork, chop, coated, NS as to fat eaten",Survey (FNDDS)
"Pork, chop, lean and fat eaten",Survey (FNDDS)
"Pork, chop, lean only eaten",Survey (FNDDS)
"Pork, chop, NS as to fat eaten",Survey (FNDDS)
"Pork, chop, stuffed",Survey (FNDDS)
"Pork, cracklings",Survey (FNDDS)
"Pork, cured, bacon, cooked, baked",SR Legacy
"Pork, cured, bacon, cooked, broiled, pan-fried or roasted, reduced sodium",SR Legacy
"Pork, cured, bacon, cooked, microwaved",SR Legacy
"Pork, cured, bacon, cooked, restaurant",Foundation
"Pork, cured, bacon, pre-sliced, cooked, pan-fried",SR Legacy
"Pork, cured, bacon, unprepared",SR Legacy
"Pork, cured, breakfast strips, raw or unheated",SR Legacy
"Pork, cured, feet, pickled",SR Legacy
"Pork, cured, ham -- water added, rump, bone-in, separable lean and fat, heated, roasted",SR Legacy
"Pork, cured, ham -- water added, rump, bone-in, separable lean and fat, unheated",SR Legacy
"Pork, cured, ham -- water added, rump, bone-in, separable lean only, heated, roasted",SR Legacy
"Pork, cured, ham -- water added, rump, bone-in, separable lean only, unheated",SR Legacy
"Pork, cured, ham -- water added, shank, bone-in, separable lean and fat, heated, roasted",SR Legacy
"Pork, cured, ham -- water added, shank, bone-in, separable lean and fat, unheated",SR Legacy
"Pork, cured, ham -- water added, shank, bone-in, separable lean only, heated, roasted",SR Legacy
"Pork, cured, ham -- water added, shank, bone-in, separable lean only, unheated",SR Legacy
"Pork, cured, ham -- water added, slice, bone-in, separable lean and fat, heated, pan-broil",SR Legacy
"Pork, cured, ham -- water added, slice, bone-in, separable lean and fat, unheated",SR Legacy
"Pork, cured, ham -- water added, slice, bone-in, separable lean only, heated, pan-broil",SR Legacy
"Pork, cured, ham -- water added, slice, bone-in, separable lean only, unheated",SR Legacy
"Pork, cured, ham -- water added, slice, boneless, separable lean and fat, heated, pan-broil",SR Legacy
"Pork, cured, ham -- water added, slice, boneless, separable lean only, heated, pan-broil",SR Legacy
"Pork, cured, ham -- water added, whole, boneless, separable lean and fat, heated, roasted",SR Legacy
"Pork, cured, ham -- water added, whole, boneless, separable lean and fat, unheated",SR Legacy
"Pork, cured, ham -- water added, whole, boneless, separable lean only, heated, roasted",SR Legacy
"Pork, cured, ham -- water added, whole, boneless, separable lean only, unheated",SR Legacy
"Pork, cured, ham and water product, rump, bone-in, separable lean and fat, heated, roasted",SR Legacy
"Pork, cured, ham and water product, rump, bone-in, separable lean and fat, unheated",SR Legacy
"Pork, cured, ham and water product, rump, bone-in, separable lean only, heated, roasted",SR Legacy
"Pork, cured, ham and water product, rump, bone-in, separable lean only, unheated",SR Legacy
"Pork, cured, ham and water product, shank, bone-in, separable lean and fat, heated, roasted",SR Legacy
"Pork, cured, ham and water product, shank, bone-in, separable lean and fat, unheated",SR Legacy
"Pork, cured, ham and water product, shank, bone-in, separable lean only, heated, roasted",SR Legacy
"Pork, cured, ham and water product, shank, bone-in, unheated, separable lean only",SR Legacy
"Pork, cured, ham and water product, slice, bone-in, separable lean and fat, heated, pan-broil",SR Legacy
"Pork, cured, ham and water product, slice, bone-in, separable lean and fat, unheated",SR Legacy
"Pork, cured, ham and water product, slice, bone-in, separable lean only, heated, pan-broil",SR Legacy
"Pork, cured, ham and water product, slice, bone-in, separable lean only, unheated",SR Legacy
"Pork, cured, ham and water product, slice, boneless, separable lean and fat, heated, pan-broil",SR Legacy
"Pork, cured, ham and water product, slice, boneless, separable lean only, heated, pan-broil",SR Legacy
"Pork, cured, ham and water product, whole, boneless, separable lean and fat, heated, roasted",SR Legacy
"Pork, cured, ham and water product, whole, boneless, separable lean and fat, unheated",SR Legacy
"Pork, cured, ham and water product, whole, boneless, separable lean only, heated, roasted",SR Legacy
"Pork, cured, ham and water product, whole, boneless, separable lean only, unheated",SR Legacy
"Pork, cured, ham with natural juices, rump, bone-in, separable lean and fat, heated, roasted",SR Legacy
"Pork, cured, ham with natural juices, rump, bone-in, separable lean and fat, unheated",SR Legacy
"Pork, cured, ham with natural juices, rump, bone-in, separable lean only, heated, roasted",SR Legacy
"Pork, cured, ham with natural juices, rump, bone-in, separable lean only, unheated",SR Legacy
"Pork, cured, ham with natural juices, shank, bone-in, separable lean and fat, heated, roasted",SR Legacy
"Pork, cured, ham with natural juices, shank, bone-in, separable lean and fat, unheated",SR Legacy
"Pork, cured, ham with natural juices, shank, bone-in, separable lean only, heated, roasted",SR Legacy
"Pork, cured, ham with natural juices, shank, bone-in, separable lean only, unheated",SR Legacy
"Pork, cured, ham with natural juices, slice, bone-in, separable lean and fat, heated, pan-broil",SR Legacy
"Pork, cured, ham with natural juices, slice, bone-in, separable lean and fat, unheated",SR Legacy
"Pork, cured, ham with natural juices, slice, bone-in, separable lean only, heated, pan-broil",SR Legacy
"Pork, cured, ham with natural juices, slice, bone-in, separable lean only, unheated",SR Legacy
"Pork, cured, ham with natural juices, slice, boneless, separable lean and fat, heated, pan-broil",SR Legacy
"Pork, cured, ham with natural juices, slice, boneless, separable lean only, heated, pan-broil",SR Legacy
"Pork, cured, ham with natural juices, spiral slice, boneless, separable lean and fat, heated, roasted",SR Legacy
"Pork, cured, ham with natural juices, spiral slice, boneless, separable lean and fat, unheated",SR Legacy
"Pork, cured, ham with natural juices, spiral slice, boneless, separable lean only, unheated",SR Legacy
"Pork, cured, ham with natural juices, spiral slice, meat only, boneless, separable lean only, heated, roasted",SR Legacy
"Pork, cured, ham with natural juices, whole, boneless, separable lean and fat, heated, roasted",SR Legacy
"Pork, cured, ham with natural juices, whole, boneless, separable lean and fat, unheated",SR Legacy
"Pork, cured, ham with natural juices, whole, boneless, separable lean only, heated, roasted",SR Legacy
"Pork, cured, ham with natural juices, whole, boneless, separable lean only, unheated",SR Legacy
"Pork, cured, ham, boneless, extra lean (approximately 5% fat), roasted",SR Legacy
"Pork, cured, ham, boneless, extra lean and regular, roasted",SR Legacy
"Pork, cured, ham, boneless, extra lean and regular, unheated",SR Legacy
"Pork, cured, ham, boneless, low sodium, extra lean (approximately 5% fat), roasted",SR Legacy
"Pork, cured, ham, boneless, low sodium, extra lean and regular, roasted",SR Legacy
"Pork, cured, ham, boneless, regular (approximately 11% fat), roasted",SR Legacy
"Pork, cured, ham, center slice, country-style, separable lean only, raw",SR Legacy
"Pork, cured, ham, center slice, separable lean and fat, unheated",SR Legacy
"Pork, cured, ham, extra lean (approximately 4% fat), canned, roasted",SR Legacy
"Pork, cured, ham, extra lean (approximately 4% fat), canned, unheated",SR Legacy
"Pork, cured, ham, extra lean and regular, canned, roasted",SR Legacy
"Pork, cured, ham, extra lean and regular, canned, unheated",SR Legacy
"Pork, cured, ham, low sodium, lean and fat, cooked",SR Legacy
"Pork, cured, ham, patties, unheated",SR Legacy
"Pork, cured, ham, regular (approximately 13% fat), canned, roasted",SR Legacy
"Pork, cured, ham, rump, bone-in, separable lean and fat, heated, roasted",SR Legacy
"Pork, cured, ham, rump, bone-in, separable lean and fat, unheated",SR Legacy
"Pork, cured, ham, rump, bone-in, separable lean only, heated, roasted",SR Legacy
"Pork, cured, ham, rump, bone-in, separable lean only, unheated",SR Legacy
"Pork, cured, ham, separable fat, boneless, heated",SR Legacy
"Pork, cured, ham, separable fat, boneless, unheated",SR Legacy
"Pork, cured, ham, shank, bone-in, separable lean and fat, heated, roasted",SR Legacy
"Pork, cured, ham, shank, bone-in, separable lean and fat, unheated",SR Legacy
"Pork, cured, ham, shank, bone-in, separable lean only, heated, roasted",SR Legacy
"Pork, cured, ham, shank, bone-in, separable lean only, unheated",SR Legacy
"Pork, cured, ham, slice, bone-in, separable lean and fat, heated, pan-broil",SR Legacy
"Pork, cured, ham, slice, bone-in, separable lean and fat, unheated",SR Legacy
"Pork, cured, ham, slice, bone-in, separable lean only, heated, pan-broil",SR Legacy
"Pork, cured, ham, slice, bone-in, separable lean only, unheated",SR Legacy
"Pork, cured, ham, steak, boneless, extra lean, unheated",SR Legacy
"Pork, cured, ham, whole, separable lean and fat, unheated",SR Legacy
"Pork, cured, ham, whole, separable lean only, roasted",SR Legacy
"Pork, cured, ham, whole, separable lean only, unheated",SR Legacy
"Pork, cured, salt pork, raw",SR Legacy
"Pork, cured, separable fat (from ham and arm picnic), roasted",SR Legacy
"Pork, cured, separable fat (from ham and arm picnic), unheated",SR Legacy
"Pork, cured, shoulder, arm picnic, separable lean and fat, roasted",SR Legacy
"Pork, cured, shoulder, arm picnic, separable lean only, roasted",SR Legacy
"Pork, cured, shoulder, blade roll, separable lean and fat, roasted",SR Legacy
"Pork, cured, shoulder, blade roll, separable lean and fat, unheated",SR Legacy
"Pork, ears",Survey (FNDDS)
"Pork, fresh, backfat, raw",SR Legacy
"Pork, fresh, backribs, separable lean and fat, cooked, roasted",SR Legacy
"Pork, fresh, backribs, separable lean and fat, raw",SR Legacy
"Pork, fresh, belly, raw",SR Legacy
"Pork, fresh, blade, (chops), boneless, separable lean and fat, cooked, broiled",SR Legacy
"Pork, fresh, carcass, separable lean and fat, raw",SR Legacy
"Pork, fresh, composite of separable fat, with added solution, cooked",SR Legacy
"Pork, fresh, composite of separable fat, with added solution, raw",SR Legacy
"Pork, fresh, composite of trimmed leg, loin, shoulder, and spareribs, (includes cuts to be cured), separable lean and fat, raw",SR Legacy
"Pork, fresh, composite of trimmed retail cuts (leg, loin, and shoulder), separable lean only, cooked",SR Legacy
"Pork, fresh, composite of trimmed retail cuts (leg, loin, shoulder), separable lean only, raw",SR Legacy
"Pork, fresh, composite of trimmed retail cuts (leg, loin, shoulder, and spareribs), separable lean and fat, cooked",SR Legacy
"Pork, fresh, composite of trimmed retail cuts (leg, loin, shoulder, and spareribs), separable lean and fat, raw",SR Legacy
"Pork, fresh, composite of trimmed retail cuts (loin and shoulder blade), separable lean and fat, cooked",SR Legacy
"Pork, fresh, composite of trimmed retail cuts (loin and shoulder blade), separable lean and fat, raw",SR Legacy
"Pork, fresh, composite of trimmed retail cuts (loin and shoulder blade), separable lean only, cooked",SR Legacy
"Pork, fresh, composite of trimmed retail cuts (loin and shoulder blade), separable lean only, raw",SR Legacy
"Pork, fresh, enhanced, loin, tenderloin, separable lean only, raw",SR Legacy
"Pork, fresh, ground, cooked",SR Legacy
"Pork, fresh, ground, raw",SR Legacy
"Pork, fresh, leg (ham), rump half, separable lean and fat, cooked, roasted",SR Legacy
"Pork, fresh, leg (ham), rump half, separable lean and fat, raw",SR Legacy
"Pork, fresh, leg (ham), rump half, separable lean only, cooked, roasted",SR Legacy
"Pork, fresh, leg (ham), rump half, separable lean only, raw (Includes foods for USDA's Food Distribution Program)",SR Legacy
"Pork, fresh, leg (ham), shank half, separable lean and fat, cooked, roasted",SR Legacy
"Pork, fresh, leg (ham), shank half, separable lean and fat, raw",SR Legacy
"Pork, fresh, leg (ham), shank half, separable lean only, cooked, roasted",SR Legacy
"Pork, fresh, leg (ham), shank half, separable lean only, raw",SR Legacy
"Pork, fresh, leg (ham), whole, separable lean and fat, cooked, roasted",SR Legacy
"Pork, fresh, leg (ham), whole, separable lean and fat, raw",SR Legacy
"Pork, fresh, leg (ham), whole, separable lean only, cooked, roasted",SR Legacy
"Pork, fresh, leg (ham), whole, separable lean only, raw",SR Legacy
"Pork, fresh, loin, blade (chops or roasts), bone-in, separable lean and fat, raw",SR Legacy
"Pork, fresh, loin, blade (chops or roasts), bone-in, separable lean only, raw",SR Legacy
"Pork, fresh, loin, blade (chops or roasts), boneless, separable lean and fat only, raw",SR Legacy
"Pork, fresh, loin, blade (chops or roasts), boneless, separable lean only, raw",SR Legacy
"Pork, fresh, loin, blade (chops), bone-in, separable lean and fat, cooked, braised",SR Legacy
"Pork, fresh, loin, blade (chops), bone-in, separable lean and fat, cooked, broiled",SR Legacy
"Pork, fresh, loin, blade (chops), bone-in, separable lean and fat, cooked, pan-fried",SR Legacy
"Pork, fresh, loin, blade (chops), bone-in, separable lean only, cooked, braised",SR Legacy
"Pork, fresh, loin, blade (chops), bone-in, separable lean only, cooked, broiled",SR Legacy
"Pork, fresh, loin, blade (chops), bone-in, separable lean only, cooked, pan-fried",SR Legacy
"Pork, fresh, loin, blade (chops), boneless, separable lean only, boneless, cooked, broiled",SR Legacy
"Pork, fresh, loin, blade (roasts), bone-in, separable lean and fat, cooked, roasted",SR Legacy
"Pork, fresh, loin, blade (roasts), bone-in, separable lean only, cooked, roasted",SR Legacy
"Pork, fresh, loin, blade (roasts), boneless, separable lean and fat, cooked, roasted",SR Legacy
"Pork, fresh, loin, blade (roasts), boneless, separable lean only, cooked, roasted",SR Legacy
"Pork, fresh, loin, center loin (chops), bone-in, separable lean and fat, cooked, braised",SR Legacy
"Pork, fresh, loin, center loin (chops), bone-in, separable lean and fat, cooked, broiled",SR Legacy
"Pork, fresh, loin, center loin (chops), bone-in, separable lean and fat, cooked, pan-fried",SR Legacy
"Pork, fresh, loin, center loin (chops), bone-in, separable lean and fat, raw",SR Legacy
"Pork, fresh, loin, center loin (chops), bone-in, separable lean only, cooked, braised",SR Legacy
"Pork, fresh, loin, center loin (chops), bone-in, separable lean only, cooked, broiled",SR Legacy
"Pork, fresh, loin, center loin (chops), bone-in, separable lean only, cooked, pan-fried",SR Legacy
"Pork, fresh, loin, center loin (chops), bone-in, separable lean only, raw",SR Legacy
"Pork, fresh, loin, center loin (chops), boneless, separable lean and fat, cooked, pan-broiled",SR Legacy
"Pork, fresh, loin, center loin (chops), boneless, separable lean and fat, raw",SR Legacy
"Pork, fresh, loin, center loin (chops), boneless, separable lean only, cooked, pan-broiled",SR Legacy
"Pork, fresh, loin, center loin (chops), boneless, separable lean only, raw",SR Legacy
"Pork, fresh, loin, center loin (roasts), bone-in, separable lean and fat, cooked, roasted",SR Legacy
"Pork, fresh, loin, center loin (roasts), bone-in, separable lean only, cooked, roasted",SR Legacy
"Pork, fresh, loin, center rib (chops or roasts), bone-in, separable lean and fat, raw",SR Legacy
"Pork, fresh, loin, center rib (chops or roasts), bone-in, separable lean only, raw",SR Legacy
"Pork, fresh, loin, center rib (chops or roasts), boneless, separable lean and fat, raw",SR Legacy
"Pork, fresh, loin, center rib (chops or roasts), boneless, separable lean only, raw",SR Legacy
"Pork, fresh, loin, center rib (chops), bone-in, separable lean and fat, cooked, braised",SR Legacy
"Pork, fresh, loin, center rib (chops), bone-in, separable lean and fat, cooked, broiled",SR Legacy
"Pork, fresh, loin, center rib (chops), bone-in, separable lean and fat, cooked, pan-fried",SR Legacy
"Pork, fresh, loin, center rib (chops), bone-in, separable lean only, cooked, braised",SR Legacy
"Pork, fresh, loin, center rib (chops), bone-in, separable lean only, cooked, broiled",SR Legacy
"Pork, fresh, loin, center rib (chops), bone-in, separable lean only, cooked, pan-fried",SR Legacy
"Pork, fresh, loin, center rib (chops), boneless, separable lean and fat, cooked, braised",SR Legacy
"Pork, fresh, loin, center rib (chops), boneless, separable lean and fat, cooked, broiled",SR Legacy
"Pork, fresh, loin, center rib (chops), boneless, separable lean and fat, cooked, pan-fried",SR Legacy
"Pork, fresh, loin, center rib (chops), boneless, separable lean only, cooked, braised",SR Legacy
"Pork, fresh, loin, center rib (chops), boneless, separable lean only, cooked, broiled",SR Legacy
"Pork, fresh, loin, center rib (chops), boneless, separable lean only, cooked, pan-fried",SR Legacy
"Pork, fresh, loin, center rib (roasts), bone-in, separable lean and fat, cooked, roasted",SR Legacy
"Pork, fresh, loin, center rib (roasts), bone-in, separable lean only, cooked, roasted",SR Legacy
"Pork, fresh, loin, center rib (roasts), boneless, separable lean and fat, cooked, roasted",SR Legacy
"Pork, fresh, loin, center rib (roasts), boneless, separable lean only, cooked, roasted",SR Legacy
"Pork, fresh, loin, country-style ribs, separable lean and fat, bone-in, cooked, broiled",SR Legacy
"Pork, fresh, loin, country-style ribs, separable lean and fat, bone-in, cooked, roasted",SR Legacy
"Pork, fresh, loin, country-style ribs, separable lean and fat, boneless, cooked, broiled",SR Legacy
"Pork, fresh, loin, country-style ribs, separable lean and fat, boneless, cooked, roasted",SR Legacy
"Pork, fresh, loin, country-style ribs, separable lean and fat, cooked, braised",SR Legacy
"Pork, fresh, loin, country-style ribs, separable lean and fat, raw",SR Legacy
"Pork, fresh, loin, country-style ribs, separable lean only, bone-in, cooked, broiled",SR Legacy
"Pork, fresh, loin, country-style ribs, separable lean only, bone-in, cooked, roasted",SR Legacy
"Pork, fresh, loin, country-style ribs, separable lean only, boneless, cooked, broiled",SR Legacy
"Pork, fresh, loin, country-style ribs, separable lean only, boneless, cooked, roasted",SR Legacy
"Pork, fresh, loin, country-style ribs, separable lean only, cooked, braised",SR Legacy
"Pork, fresh, loin, country-style ribs, separable lean only, raw",SR Legacy
"Pork, fresh, loin, sirloin (chops or roasts), bone-in, separable lean and fat, raw",SR Legacy
"Pork, fresh, loin, sirloin (chops or roasts), bone-in, separable lean only, raw",SR Legacy
"Pork, fresh, loin, sirloin (chops or roasts), boneless, separable lean and fat, raw",SR Legacy
"Pork, fresh, loin, sirloin (chops or roasts), boneless, separable lean only, raw",SR Legacy
"Pork, fresh, loin, sirloin (chops), bone-in, separable lean and fat, cooked, braised",SR Legacy
"Pork, fresh, loin, sirloin (chops), bone-in, separable lean and fat, cooked, broiled",SR Legacy
"Pork, fresh, loin, sirloin (chops), bone-in, separable lean only, cooked, braised",SR Legacy
"Pork, fresh, loin, sirloin (chops), bone-in, separable lean only, cooked, broiled",SR Legacy
"Pork, fresh, loin, sirloin (chops), boneless, separable lean and fat, cooked, braised",SR Legacy
"Pork, fresh, loin, sirloin (chops), boneless, separable lean and fat, cooked, broiled",SR Legacy
"Pork, fresh, loin, sirloin (chops), boneless, separable lean only, cooked, braised",SR Legacy
"Pork, fresh, loin, sirloin (chops), boneless, separable lean only, cooked, broiled",SR Legacy
"Pork, fresh, loin, sirloin (roasts), bone-in, separable lean and fat, cooked, roasted",SR Legacy
"Pork, fresh, loin, sirloin (roasts), bone-in, separable lean only, cooked, roasted",SR Legacy
"Pork, fresh, loin, sirloin (roasts), boneless, separable lean and fat, cooked, roasted",SR Legacy
"Pork, fresh, loin, sirloin (roasts), boneless, separable lean only, cooked, roasted",SR Legacy
"Pork, fresh, loin, tenderloin, separable lean and fat, cooked, broiled",SR Legacy
"Pork, fresh, loin, tenderloin, separable lean and fat, cooked, roasted",SR Legacy
"Pork, fresh, loin, tenderloin, separable lean and fat, raw",SR Legacy
"Pork, fresh, loin, tenderloin, separable lean and fat, with added solution, cooked, roasted",SR Legacy
"Pork, fresh, loin, tenderloin, separable lean and fat, with added solution, raw",SR Legacy
"Pork, fresh, loin, tenderloin, separable lean only, cooked, broiled",SR Legacy
"Pork, fresh, loin, tenderloin, separable lean only, cooked, roasted",SR Legacy
"Pork, fresh, loin, tenderloin, separable lean only, raw",SR Legacy
"Pork, fresh, loin, tenderloin, separable lean only, with added solution, cooked, roasted",SR Legacy
"Pork, fresh, loin, top loin (chops), boneless, separable lean and fat, cooked, braised",SR Legacy
"Pork, fresh, loin, top loin (chops), boneless, separable lean and fat, cooked, broiled",SR Legacy
"Pork, fresh, loin, top loin (chops), boneless, separable lean and fat, cooked, pan-fried",SR Legacy
"Pork, fresh, loin, top loin (chops), boneless, separable lean and fat, raw",SR Legacy
"Pork, fresh, loin, top loin (chops), boneless, separable lean and fat, with added solution, cooked, broiled",SR Legacy
"Pork, fresh, loin, top loin (chops), boneless, separable lean and fat, with added solution, cooked, pan-broiled",SR Legacy
"Pork, fresh, loin, top loin (chops), boneless, separable lean and fat, with added solution, raw",SR Legacy
"Pork, fresh, loin, top loin (chops), boneless, separable lean only, cooked, braised",SR Legacy
"Pork, fresh, loin, top loin (chops), boneless, separable lean only, cooked, broiled",SR Legacy
"Pork, fresh, loin, top loin (chops), boneless, separable lean only, cooked, pan-fried",SR Legacy
"Pork, fresh, loin, top loin (chops), boneless, separable lean only, raw",SR Legacy
"Pork, fresh, loin, top loin (chops), boneless, separable lean only, with added solution, cooked, broiled",SR Legacy
"Pork, fresh, loin, top loin (chops), boneless, separable lean only, with added solution, cooked, pan-broiled",SR Legacy
"Pork, fresh, loin, top loin (chops), boneless, separable lean only, with added solution, raw",SR Legacy
"Pork, fresh, loin, top loin (roasts), boneless, separable lean and fat, cooked, roasted",SR Legacy
"Pork, fresh, loin, top loin (roasts), boneless, separable lean and fat, raw",SR Legacy
"Pork, fresh, loin, top loin (roasts), boneless, separable lean only, cooked, roasted",SR Legacy
"Pork, fresh, loin, top loin (roasts), boneless, separable lean only, raw",SR Legacy
"Pork, fresh, loin, whole, separable lean and fat, cooked, braised",SR Legacy
"Pork, fresh, loin, whole, separable lean and fat, cooked, broiled",SR Legacy
"Pork, fresh, loin, whole, separable lean and fat, cooked, roasted",SR Legacy
"Pork, fresh, loin, whole, separable lean and fat, raw",SR Legacy
"Pork, fresh, loin, whole, separable lean only, cooked, braised",SR Legacy
"Pork, fresh, loin, whole, separable lean only, cooked, broiled",SR Legacy
"Pork, fresh, loin, whole, separable lean only, cooked, roasted",SR Legacy
"Pork, fresh, loin, whole, separable lean only, raw",SR Legacy
"Pork, fresh, separable fat, cooked",SR Legacy
"Pork, fresh, separable fat, raw",SR Legacy
"Pork, fresh, shoulder, (Boston butt), blade (steaks), separable lean and fat, cooked, braised",SR Legacy
"Pork, fresh, shoulder, (Boston butt), blade (steaks), separable lean and fat, raw",SR Legacy
"Pork, fresh, shoulder, (Boston butt), blade (steaks), separable lean and fat, with added solution, cooked, braised",SR Legacy
"Pork, fresh, shoulder, (Boston butt), blade (steaks), separable lean and fat,with added solution, raw",SR Legacy
"Pork, fresh, shoulder, (Boston butt), blade (steaks), separable lean only, cooked, braised",SR Legacy
"Pork, fresh, shoulder, (Boston butt), blade (steaks), separable lean only, raw",SR Legacy
"Pork, fresh, shoulder, (Boston butt), blade (steaks), separable lean only, with added solution cooked, braised",SR Legacy
"Pork, fresh, shoulder, (Boston butt), blade (steaks), separable lean only, with added solution, raw",SR Legacy
"Pork, fresh, shoulder, arm picnic, separable lean and fat, cooked, braised",SR Legacy
"Pork, fresh, shoulder, arm picnic, separable lean and fat, cooked, roasted",SR Legacy
"Pork, fresh, shoulder, arm picnic, separable lean and fat, raw",SR Legacy
"Pork, fresh, shoulder, arm picnic, separable lean only, cooked, braised",SR Legacy
"Pork, fresh, shoulder, arm picnic, separable lean only, cooked, roasted",SR Legacy
"Pork, fresh, shoulder, arm picnic, separable lean only, raw",SR Legacy
"Pork, fresh, shoulder, blade, boston (roasts), separable lean and fat, cooked, roasted",SR Legacy
"Pork, fresh, shoulder, blade, boston (roasts), separable lean only, cooked, roasted",SR Legacy
"Pork, fresh, shoulder, blade, boston (steaks), separable lean and fat, cooked, broiled",SR Legacy
"Pork, fresh, shoulder, blade, boston (steaks), separable lean only, cooked, broiled",SR Legacy
"Pork, fresh, shoulder, whole, separable lean and fat, cooked, roasted",SR Legacy
"Pork, fresh, shoulder, whole, separable lean and fat, raw",SR Legacy
"Pork, fresh, shoulder, whole, separable lean only, cooked, roasted",SR Legacy
"Pork, fresh, shoulder, whole, separable lean only, raw",SR Legacy
"Pork, fresh, spareribs, separable lean and fat, cooked, braised",SR Legacy
"Pork, fresh, spareribs, separable lean and fat, cooked, roasted",SR Legacy
"Pork, fresh, spareribs, separable lean and fat, raw",SR Legacy
"Pork, fresh, variety meats and by-products, brain, cooked, braised",SR Legacy
"Pork, fresh, variety meats and by-products, brain, raw",SR Legacy
"Pork, fresh, variety meats and by-products, chitterlings, cooked, simmered",SR Legacy
"Pork, fresh, variety meats and by-products, chitterlings, raw",SR Legacy
"Pork, fresh, variety meats and by-products, ears, frozen, cooked, simmered",SR Legacy
"Pork, fresh, variety meats and by-products, ears, frozen, raw",SR Legacy
"Pork, fresh, variety meats and by-products, feet, cooked, simmered",SR Legacy
"Pork, fresh, variety meats and by-products, feet, raw",SR Legacy
"Pork, fresh, variety meats and by-products, heart, cooked, braised",SR Legacy
"Pork, fresh, variety meats and by-products, heart, raw",SR Legacy
"Pork, fresh, variety meats and by-products, jowl, raw",SR Legacy
"Pork, fresh, variety meats and by-products, kidneys, cooked, braised",SR Legacy
"Pork, fresh, variety meats and by-products, kidneys, raw",SR Legacy
"Pork, fresh, variety meats and by-products, leaf fat, raw",SR Legacy
"Pork, fresh, variety meats and by-products, liver, cooked, braised",SR Legacy
"Pork, fresh, variety meats and by-products, liver, raw",SR Legacy
"Pork, fresh, variety meats and by-products, lungs, cooked, braised",SR Legacy
"Pork, fresh, variety meats and by-products, lungs, raw",SR Legacy
"Pork, fresh, variety meats and by-products, mechanically separated, raw",SR Legacy
"Pork, fresh, variety meats and by-products, pancreas, cooked, braised",SR Legacy
"Pork, fresh, variety meats and by-products, pancreas, raw",SR Legacy
"Pork, fresh, variety meats and by-products, spleen, cooked, braised",SR Legacy
"Pork, fresh, variety meats and by-products, spleen, raw",SR Legacy
"Pork, fresh, variety meats and by-products, stomach, cooked, simmered",SR Legacy
"Pork, fresh, variety meats and by-products, stomach, raw",SR Legacy
"Pork, fresh, variety meats and by-products, tail, cooked, simmered",SR Legacy
"Pork, fresh, variety meats and by-products, tail, raw",SR Legacy
"Pork, fresh, variety meats and by-products, tongue, cooked, braised",SR Legacy
"Pork, fresh, variety meats and by-products, tongue, raw",SR Legacy
"Pork, ground",Survey (FNDDS)
"Pork, ground, 72% lean / 28% fat, cooked, crumbles",SR Legacy
"Pork, ground, 72% lean / 28% fat, cooked, pan-broiled",SR Legacy
"Pork, ground, 84% lean / 16% fat, cooked, crumbles",SR Legacy
"Pork, ground, 84% lean / 16% fat, cooked, pan-broiled",SR Legacy
"Pork, ground, 84% lean / 16% fat, raw",SR Legacy
"Pork, ground, 96% lean / 4% fat, cooked, crumbles",SR Legacy
"Pork, ground, 96% lean / 4% fat, cooked, pan-broiled",SR Legacy
"Pork, ground, 96% lean / 4% fat, raw",SR Legacy
"Pork, ground, raw",Foundation
"Pork, ham hocks",Survey (FNDDS)
"Pork, Leg Cap Steak, boneless, separable lean and fat, raw",SR Legacy
"Pork, Leg sirloin tip roast, boneless, separable lean and fat, cooked, braised",SR Legacy
"Pork, Leg sirloin tip roast, boneless, separable lean and fat, raw",SR Legacy
"Pork, loin, boneless, raw",Foundation
"Pork, loin, leg cap steak, boneless, separable lean and fat, cooked, broiled",SR Legacy
"Pork, loin, tenderloin, boneless, raw",Foundation
"Pork, NFS",Survey (FNDDS)
"Pork, oriental style, dehydrated",SR Legacy
"Pork, pickled pork hocks",SR Legacy
"Pork, pig's feet",Survey (FNDDS)
"Pork, pig's feet, pickled",Survey (FNDDS)
"Pork, potatoes, and vegetables excluding carrots, broccoli, and dark-green leafy; gravy",Survey (FNDDS)
"Pork, potatoes, and vegetables excluding carrots, broccoli, and dark-green leafy; no sauce",Survey (FNDDS)
"Pork, potatoes, and vegetables excluding carrots, broccoli, and dark-green leafy; tomato-based sauce",Survey (FNDDS)
"Pork, potatoes, and vegetables including carrots, broccoli, and/or dark-green leafy; gravy",Survey (FNDDS)
"Pork, potatoes, and vegetables including carrots, broccoli, and/or dark-green leafy; no sauce",Survey (FNDDS)
"Pork, potatoes, and vegetables including carrots, broccoli, and/or dark-green leafy; tomato-based sauce",Survey (FNDDS)
"Pork, ribs",Survey (FNDDS)
"Pork, rice, and vegetables excluding carrots, broccoli, and dark-green leafy; soy-based sauce",Survey (FNDDS)
"Pork, rice, and vegetables excluding carrots, broccoli, and dark-green leafy; tomato-based sauce",Survey (FNDDS)
"Pork, rice, and vegetables including carrots, broccoli, and/or dark-green leafy; soy-based sauce",Survey (FNDDS)
"Pork, rice, and vegetables including carrots, broccoli, and/or dark-green leafy; tomato-based sauce",Survey (FNDDS)
"Pork, roast",Survey (FNDDS)
"Pork, roll",Survey (FNDDS)
"Pork, Shoulder breast, boneless, separable lean and fat, cooked, broiled",SR Legacy
"Pork, Shoulder breast, boneless, separable lean and fat, raw",SR Legacy
"Pork, Shoulder petite tender, boneless, separable lean and fat, raw",SR Legacy
"Pork, shoulder, petite tender, boneless, separable lean and fat, cooked, broiled",SR Legacy
"Pork, steak, coated",Survey (FNDDS)
"Pork, steak, lean and fat eaten",Survey (FNDDS)
"Pork, steak, lean only eaten",Survey (FNDDS)
"Pork, steak, NS as to fat eaten",Survey (FNDDS)
"Pork, tenderloin",Survey (FNDDS)
"Pork, tofu, and vegetables including carrots, broccoli, and/or dark-green leafy; no potatoes, soy-base sauce",Survey (FNDDS)
"Pork, tofu, and vegetables, excluding carrots, broccoli, and dark-green leafy; no potatoes, soy-based sauce",Survey (FNDDS)
"Pot pie, beef",Survey (FNDDS)
"Pot pie, chicken",Survey (FNDDS)
"Pot pie, no meat",Survey (FNDDS)
"Potato chips, baked, flavored",Survey (FNDDS)
"Potato chips, baked, plain",Survey (FNDDS)
"Potato chips, barbecue flavored",Survey (FNDDS)
"Potato chips, cheese flavored",Survey (FNDDS)
"Potato chips, lightly salted",Survey (FNDDS)
"Potato chips, NFS",Survey (FNDDS)
"Potato chips, other flavored",Survey (FNDDS)
"Potato chips, plain",Survey (FNDDS)
"Potato chips, popped, flavored",Survey (FNDDS)
"Potato chips, popped, NFS",Survey (FNDDS)
"Potato chips, popped, plain",Survey (FNDDS)
"Potato chips, reduced fat",Survey (FNDDS)
"Potato chips, restructured, flavored",Survey (FNDDS)
"Potato chips, restructured, lightly salted",Survey (FNDDS)
"Potato chips, restructured, multigrain",Survey (FNDDS)
"Potato chips, restructured, plain",Survey (FNDDS)
"Potato chips, restructured, reduced fat, lightly salted",Survey (FNDDS)
"Potato chips, ruffled, barbecue flavored",Survey (FNDDS)
"Potato chips, ruffled, cheese flavored",Survey (FNDDS)
"Potato chips, ruffled, other flavored",Survey (FNDDS)
"Potato chips, ruffled, plain",Survey (FNDDS)
"Potato chips, ruffled, sour cream and onion flavored",Survey (FNDDS)
"Potato chips, sour cream and onion flavored",Survey (FNDDS)
"Potato chips, unsalted",Survey (FNDDS)
"Potato chips, without salt, reduced fat",SR Legacy
Potato flour,SR Legacy
"Potato from Puerto Rican beef stew, with gravy",Survey (FNDDS)
"Potato from Puerto Rican chicken fricassee, with sauce",Survey (FNDDS)
"Potato from Puerto Rican style stuffed pot roast, with gravy",Survey (FNDDS)
"Potato only from Puerto Rican mixed dishes, gravy and other components reported separately",Survey (FNDDS)
Potato pancake,Survey (FNDDS)
Potato pancakes,SR Legacy
Potato patty,Survey (FNDDS)
"Potato puffs, frozen, oven-heated",SR Legacy
"Potato puffs, frozen, unprepared",SR Legacy
Potato salad with egg,SR Legacy
"Potato salad with egg, from restaurant",Survey (FNDDS)
"Potato salad with egg, made with any type of fat free dressing",Survey (FNDDS)
"Potato salad with egg, made with creamy dressing",Survey (FNDDS)
"Potato salad with egg, made with Italian dressing",Survey (FNDDS)
"Potato salad with egg, made with light creamy dressing",Survey (FNDDS)
"Potato salad with egg, made with light Italian dressing",Survey (FNDDS)
"Potato salad with egg, made with light mayonnaise",Survey (FNDDS)
"Potato salad with egg, made with light mayonnaise-type salad dressing",Survey (FNDDS)
"Potato salad with egg, made with mayonnaise",Survey (FNDDS)
"Potato salad with egg, made with mayonnaise-type salad dressing",Survey (FNDDS)
"Potato salad, from restaurant",Survey (FNDDS)
"Potato salad, German style",Survey (FNDDS)
"Potato salad, home-prepared",SR Legacy
"Potato salad, made with any type of fat free dressing",Survey (FNDDS)
"Potato salad, made with creamy dressing",Survey (FNDDS)
"Potato salad, made with Italian dressing",Survey (FNDDS)
"Potato salad, made with light creamy dressing",Survey (FNDDS)
"Potato salad, made with light Italian dressing",Survey (FNDDS)
"Potato salad, made with light mayonnaise",Survey (FNDDS)
"Potato salad, made with light mayonnaise-type salad dressing",Survey (FNDDS)
"Potato salad, made with mayonnaise",Survey (FNDDS)
"Potato salad, made with mayonnaise-type salad dressing",Survey (FNDDS)
Potato skins without topping,Survey (FNDDS)
"Potato skins, NFS",Survey (FNDDS)
"Potato skins, with cheese",Survey (FNDDS)
"Potato skins, with cheese and bacon",Survey (FNDDS)
"Potato soup, instant, dry mix",SR Legacy
"Potato sticks, flavored",Survey (FNDDS)
"Potato sticks, fry shaped",Survey (FNDDS)
"Potato sticks, plain",Survey (FNDDS)
"Potato tots, fast food / restaurant",Survey (FNDDS)
"Potato tots, from fresh, fried or baked",Survey (FNDDS)
"Potato tots, frozen, baked",Survey (FNDDS)
"Potato tots, frozen, fried",Survey (FNDDS)
"Potato tots, frozen, NS as to fried or baked",Survey (FNDDS)
"Potato tots, NFS",Survey (FNDDS)
"Potato tots, school",Survey (FNDDS)
"Potato wedges, frozen (Includes foods for USDA's Food Distribution Program)",SR Legacy
"Potato, baked, NFS",Survey (FNDDS)
"Potato, baked, peel eaten",Survey (FNDDS)
"Potato, baked, peel eaten, with butter",Survey (FNDDS)
"Potato, baked, peel eaten, with cheese",Survey (FNDDS)
"Potato, baked, peel eaten, with chili",Survey (FNDDS)
"Potato, baked, peel eaten, with meat",Survey (FNDDS)
"Potato, baked, peel eaten, with sour cream",Survey (FNDDS)
"Potato, baked, peel eaten, with vegetables",Survey (FNDDS)
"Potato, baked, peel not eaten",Survey (FNDDS)
"Potato, baked, peel not eaten, with butter",Survey (FNDDS)
"Potato, baked, peel not eaten, with cheese",Survey (FNDDS)
"Potato, baked, peel not eaten, with chili",Survey (FNDDS)
"Potato, baked, peel not eaten, with meat",Survey (FNDDS)
"Potato, baked, peel not eaten, with sour cream",Survey (FNDDS)
"Potato, baked, peel not eaten, with vegetables",Survey (FNDDS)
"Potato, boiled, from fresh,  peel eaten, no added fat",Survey (FNDDS)
"Potato, boiled, from fresh, peel eaten, fat added, NS as to fat type",Survey (FNDDS)
"Potato, boiled, from fresh, peel eaten, made with butter",Survey (FNDDS)
"Potato, boiled, from fresh, peel eaten, made with margarine",Survey (FNDDS)
"Potato, boiled, from fresh, peel eaten, made with oil",Survey (FNDDS)
"Potato, boiled, from fresh, peel eaten, NS as to fat",Survey (FNDDS)
"Potato, boiled, from fresh, peel not eaten, fat added, NS as to fat type",Survey (FNDDS)
"Potato, boiled, from fresh, peel not eaten, made with butter",Survey (FNDDS)
"Potato, boiled, from fresh, peel not eaten, made with margarine",Survey (FNDDS)
"Potato, boiled, from fresh, peel not eaten, made with oil",Survey (FNDDS)
"Potato, boiled, from fresh, peel not eaten, no added fat",Survey (FNDDS)
"Potato, boiled, from fresh, peel not eaten, NS as to fat",Survey (FNDDS)
"Potato, boiled, NFS",Survey (FNDDS)
"Potato, boiled, ready-to-heat",Survey (FNDDS)
"Potato, canned, fat added, NS as to fat type",Survey (FNDDS)
"Potato, canned, no added fat",Survey (FNDDS)
"Potato, canned, NS as to fat",Survey (FNDDS)
"Potato, cooked, as ingredient",Survey (FNDDS)
"Potato, french fries, fast food",Survey (FNDDS)
"Potato, french fries, from fresh, baked",Survey (FNDDS)
"Potato, french fries, from fresh, fried",Survey (FNDDS)
"Potato, french fries, from frozen, baked",Survey (FNDDS)
"Potato, french fries, from frozen, fried",Survey (FNDDS)
"Potato, french fries, NFS",Survey (FNDDS)
"Potato, french fries, NS as to fresh or frozen",Survey (FNDDS)
"Potato, french fries, restaurant",Survey (FNDDS)
"Potato, french fries, school",Survey (FNDDS)
"Potato, french fries, with cheese",Survey (FNDDS)
"Potato, french fries, with cheese, fast food / restaurant",Survey (FNDDS)
"Potato, french fries, with cheese, school",Survey (FNDDS)
"Potato, french fries, with chili",Survey (FNDDS)
"Potato, french fries, with chili and cheese",Survey (FNDDS)
"Potato, french fries, with chili and cheese, fast food / restaurant",Survey (FNDDS)
"Potato, french fries, with chili, fast food / restaurant",Survey (FNDDS)
"Potato, hash brown, from dry mix",Survey (FNDDS)
"Potato, hash brown, from fast food",Survey (FNDDS)
"Potato, hash brown, from fast food, with cheese",Survey (FNDDS)
"Potato, hash brown, from fresh",Survey (FNDDS)
"Potato, hash brown, from fresh, with cheese",Survey (FNDDS)
"Potato, hash brown, from restaurant",Survey (FNDDS)
"Potato, hash brown, from restaurant, with cheese",Survey (FNDDS)
"Potato, hash brown, from school lunch",Survey (FNDDS)
"Potato, hash brown, NFS",Survey (FNDDS)
"Potato, hash brown, ready-to-heat",Survey (FNDDS)
"Potato, hash brown, ready-to-heat, with cheese",Survey (FNDDS)
"Potato, home fries, from fresh",Survey (FNDDS)
"Potato, home fries, from restaurant / fast food",Survey (FNDDS)
"Potato, home fries, NFS",Survey (FNDDS)
"Potato, home fries, ready-to-heat",Survey (FNDDS)
"Potato, home fries, with vegetables",Survey (FNDDS)
"Potato, mashed, from dry mix, made with milk",Survey (FNDDS)
"Potato, mashed, from dry mix, made with milk, with cheese",Survey (FNDDS)
"Potato, mashed, from dry mix, made with milk, with gravy",Survey (FNDDS)
"Potato, mashed, from dry mix, NFS",Survey (FNDDS)
"Potato, mashed, from fast food",Survey (FNDDS)
"Potato, mashed, from fast food, with gravy",Survey (FNDDS)
"Potato, mashed, from fresh, made with milk",Survey (FNDDS)
"Potato, mashed, from fresh, made with milk, with cheese",Survey (FNDDS)
"Potato, mashed, from fresh, made with milk, with gravy",Survey (FNDDS)
"Potato, mashed, from fresh, NFS",Survey (FNDDS)
"Potato, mashed, from restaurant",Survey (FNDDS)
"Potato, mashed, from restaurant, with gravy",Survey (FNDDS)
"Potato, mashed, from school lunch",Survey (FNDDS)
"Potato, mashed, NFS",Survey (FNDDS)
"Potato, mashed, ready-to-heat",Survey (FNDDS)
"Potato, mashed, ready-to-heat, NFS",Survey (FNDDS)
"Potato, mashed, ready-to-heat, with cheese",Survey (FNDDS)
"Potato, mashed, ready-to-heat, with gravy",Survey (FNDDS)
"Potato, NFS",Survey (FNDDS)
"Potato, roasted, from fresh, peel eaten, fat added, NS as to fat type",Survey (FNDDS)
"Potato, roasted, from fresh, peel eaten, made with butter",Survey (FNDDS)
"Potato, roasted, from fresh, peel eaten, made with margarine",Survey (FNDDS)
"Potato, roasted, from fresh, peel eaten, made with oil",Survey (FNDDS)
"Potato, roasted, from fresh, peel eaten, no added fat",Survey (FNDDS)
"Potato, roasted, from fresh, peel eaten, NS as to fat",Survey (FNDDS)
"Potato, roasted, from fresh, peel not eaten, fat added, NS as to fat type",Survey (FNDDS)
"Potato, roasted, from fresh, peel not eaten, made with butter",Survey (FNDDS)
"Potato, roasted, from fresh, peel not eaten, made with margarine",Survey (FNDDS)
"Potato, roasted, from fresh, peel not eaten, made with oil",Survey (FNDDS)
"Potato, roasted, from fresh, peel not eaten, no added fat",Survey (FNDDS)
"Potato, roasted, from fresh, peel not eaten, NS as to fat",Survey (FNDDS)
"Potato, roasted, NFS",Survey (FNDDS)
"Potato, roasted, ready-to-heat",Survey (FNDDS)
"Potato, scalloped, from dry mix",Survey (FNDDS)
"Potato, scalloped, from dry mix, with meat",Survey (FNDDS)
"Potato, scalloped, from fast food or restaurant",Survey (FNDDS)
"Potato, scalloped, from fresh",Survey (FNDDS)
"Potato, scalloped, from fresh, with meat",Survey (FNDDS)
"Potato, scalloped, NFS",Survey (FNDDS)
"Potato, scalloped, ready-to-heat",Survey (FNDDS)
"Potato, scalloped, ready-to-heat, with meat",Survey (FNDDS)
"Potatoes, au gratin, dry mix, prepared with water, whole milk and butter",SR Legacy
"Potatoes, au gratin, dry mix, unprepared",SR Legacy
"Potatoes, au gratin, home-prepared from recipe using butter",SR Legacy
"Potatoes, au gratin, home-prepared from recipe using margarine",SR Legacy
"Potatoes, baked, flesh and skin, with salt",SR Legacy
"Potatoes, baked, flesh and skin, without salt",SR Legacy
"Potatoes, baked, flesh, with salt",SR Legacy
"Potatoes, baked, flesh, without salt",SR Legacy
"Potatoes, baked, skin only, with salt",SR Legacy
"Potatoes, baked, skin, without salt",SR Legacy
"Potatoes, boiled, cooked in skin, flesh, with salt",SR Legacy
"Potatoes, boiled, cooked in skin, flesh, without salt",SR Legacy
"Potatoes, boiled, cooked in skin, skin, with salt",SR Legacy
"Potatoes, boiled, cooked in skin, skin, without salt",SR Legacy
"Potatoes, boiled, cooked without skin, flesh, with salt",SR Legacy
"Potatoes, boiled, cooked without skin, flesh, without salt",SR Legacy
"Potatoes, canned, drained solids",SR Legacy
"Potatoes, canned, drained solids, no salt added",SR Legacy
"Potatoes, canned, solids and liquids",SR Legacy
"Potatoes, flesh and skin, raw",SR Legacy
"Potatoes, french fried, all types, salt added in processing, frozen, home-prepared, oven heated",SR Legacy
"Potatoes, french fried, all types, salt added in processing, frozen, unprepared",SR Legacy
"Potatoes, french fried, all types, salt not added in processing, frozen, as purchased",SR Legacy
"Potatoes, french fried, all types, salt not added in processing, frozen, oven-heated",SR Legacy
"Potatoes, french fried, cottage-cut, salt not added in processing, frozen, as purchased",SR Legacy
"Potatoes, french fried, cottage-cut, salt not added in processing, frozen, oven-heated",SR Legacy
"Potatoes, french fried, crinkle or regular cut, salt added in processing, frozen, as purchased",SR Legacy
"Potatoes, french fried, crinkle or regular cut, salt added in processing, frozen, oven-heated",SR Legacy
"Potatoes, french fried, cross cut, frozen, unprepared",SR Legacy
"Potatoes, french fried, shoestring, salt added in processing, frozen, as purchased",SR Legacy
"Potatoes, french fried, shoestring, salt added in processing, frozen, oven-heated",SR Legacy
"Potatoes, french fried, steak cut, salt not added in processing, frozen, unprepared",SR Legacy
"Potatoes, french fried, steak fries, salt added in processing, frozen, as purchased",SR Legacy
"Potatoes, french fried, steak fries, salt added in processing, frozen, oven-heated",SR Legacy
"Potatoes, french fried, wedge cut, frozen, unprepared",SR Legacy
"Potatoes, frozen, french fried, par fried, cottage-cut, prepared, heated in oven, with salt",SR Legacy
"Potatoes, frozen, french fried, par fried, extruded, prepared, heated in oven, without salt",SR Legacy
"Potatoes, frozen, french fried, par fried, extruded, unprepared",SR Legacy
"Potatoes, frozen, whole, cooked, boiled, drained, with salt",SR Legacy
"Potatoes, frozen, whole, cooked, boiled, drained, without salt",SR Legacy
"Potatoes, gold, without skin, raw",Foundation
"Potatoes, hash brown, frozen, plain, prepared, pan fried in canola oil",SR Legacy
"Potatoes, hash brown, frozen, plain, unprepared",SR Legacy
"Potatoes, hash brown, frozen, with butter sauce, prepared",SR Legacy
"Potatoes, hash brown, frozen, with butter sauce, unprepared",SR Legacy
"Potatoes, hash brown, home-prepared",SR Legacy
"Potatoes, hash brown, refrigerated, prepared, pan-fried in canola oil",SR Legacy
"Potatoes, hash brown, refrigerated, unprepared",SR Legacy
"Potatoes, mashed, dehydrated, flakes without milk, dry form",SR Legacy
"Potatoes, mashed, dehydrated, granules with milk, dry form",SR Legacy
"Potatoes, mashed, dehydrated, granules without milk, dry form",SR Legacy
"Potatoes, mashed, dehydrated, prepared from flakes without milk, whole milk and butter added",SR Legacy
"Potatoes, mashed, dehydrated, prepared from flakes without milk, whole milk and margarine added",SR Legacy
"Potatoes, mashed, dehydrated, prepared from granules with milk, water and margarine added",SR Legacy
"Potatoes, mashed, dehydrated, prepared from granules without milk, whole milk and butter added",SR Legacy
"Potatoes, mashed, home-prepared, whole milk added",SR Legacy
"Potatoes, mashed, home-prepared, whole milk and butter added",SR Legacy
"Potatoes, mashed, home-prepared, whole milk and margarine added",SR Legacy
"Potatoes, mashed, prepared from granules, without milk, whole milk and margarine",SR Legacy
"Potatoes, mashed, ready-to-eat",SR Legacy
"Potatoes, microwaved, cooked in skin, flesh and skin, without salt",SR Legacy
"Potatoes, microwaved, cooked in skin, flesh, with salt",SR Legacy
"Potatoes, microwaved, cooked in skin, flesh, without salt",SR Legacy
"Potatoes, microwaved, cooked in skin, skin, without salt",SR Legacy
"Potatoes, microwaved, cooked, in skin, flesh and skin, with salt",SR Legacy
"Potatoes, microwaved, cooked, in skin, skin with salt",SR Legacy
"Potatoes, o'brien, frozen, prepared",SR Legacy
"Potatoes, o'brien, frozen, unprepared",SR Legacy
"Potatoes, o'brien, home-prepared",SR Legacy
"Potatoes, raw, skin",SR Legacy
"Potatoes, red, flesh and skin, baked",SR Legacy
"Potatoes, red, flesh and skin, raw",SR Legacy
"Potatoes, red, without skin, raw",Foundation
"Potatoes, roasted, salt added in processing, frozen, unprepared",SR Legacy
"Potatoes, Russet, flesh and skin, baked",SR Legacy
"Potatoes, russet, flesh and skin, raw (Includes foods for USDA's Food Distribution Program)",SR Legacy
"Potatoes, russet, without skin, raw",Foundation
"Potatoes, scalloped, dry mix, prepared with water, whole milk and butter",SR Legacy
"Potatoes, scalloped, dry mix, unprepared",SR Legacy
"Potatoes, scalloped, home-prepared with butter",SR Legacy
"Potatoes, scalloped, home-prepared with margarine",SR Legacy
"Potatoes, white, flesh and skin, baked",SR Legacy
"Potatoes, white, flesh and skin, raw",SR Legacy
"Potatoes, yellow fleshed, french fried, frozen, unprepared",SR Legacy
"Potatoes, yellow fleshed, hash brown, shredded, salt added in processing, frozen, unprepared",SR Legacy
"Potatoes, yellow fleshed, roasted, salt added in processing, frozen, unprepared",SR Legacy
"Potsticker or wonton, pork and vegetable, frozen, unprepared",SR Legacy
Poultry salad sandwich spread,SR Legacy
"Poultry, mechanically deboned, from backs and necks with skin, raw",SR Legacy
"Poultry, mechanically deboned, from backs and necks without skin, raw",SR Legacy
"Poultry, mechanically deboned, from mature hens, raw",SR Legacy
"Prairie Turnips, boiled (Northern Plains Indians)",SR Legacy
"Prairie Turnips, raw (Northern Plains Indians)",SR Legacy
"Pretzel chips, hard, flavored",Survey (FNDDS)
"Pretzel chips, hard, gluten free",Survey (FNDDS)
"Pretzel chips, hard, plain",Survey (FNDDS)
"Pretzels, hard, cheese filled",Survey (FNDDS)
"Pretzels, hard, chocolate coated",Survey (FNDDS)
"Pretzels, hard, coated, gluten free",Survey (FNDDS)
"Pretzels, hard, coated, NFS",Survey (FNDDS)
"Pretzels, hard, filled, NFS",Survey (FNDDS)
"Pretzels, hard, flavored",Survey (FNDDS)
"Pretzels, hard, flavored, gluten free",Survey (FNDDS)
"Pretzels, hard, multigrain",Survey (FNDDS)
"Pretzels, hard, NFS",Survey (FNDDS)
"Pretzels, hard, peanut butter filled",Survey (FNDDS)
"Pretzels, hard, plain, gluten free",Survey (FNDDS)
"Pretzels, hard, plain, lightly salted",Survey (FNDDS)
"Pretzels, hard, plain, salted",Survey (FNDDS)
"Pretzels, hard, plain, unsalted",Survey (FNDDS)
"Pretzels, hard, white chocolate coated",Survey (FNDDS)
"Pretzels, hard, yogurt coated",Survey (FNDDS)
"Pretzels, NFS",Survey (FNDDS)
"Pretzels, soft",SR Legacy
"Pretzels, soft, filled with cheese",Survey (FNDDS)
"Pretzels, soft, from frozen, cinnamon sugar coated",Survey (FNDDS)
"Pretzels, soft, from frozen, coated or flavored",Survey (FNDDS)
"Pretzels, soft, from frozen, NFS",Survey (FNDDS)
"Pretzels, soft, from frozen, salted",Survey (FNDDS)
"Pretzels, soft, from frozen, topped with cheese",Survey (FNDDS)
"Pretzels, soft, from frozen, topped with meat",Survey (FNDDS)
"Pretzels, soft, from frozen, unsalted",Survey (FNDDS)
"Pretzels, soft, from school lunch",Survey (FNDDS)
"Pretzels, soft, gluten free",Survey (FNDDS)
"Pretzels, soft, gluten free, cinnamon sugar coated",Survey (FNDDS)
"Pretzels, soft, gluten free, coated or flavored",Survey (FNDDS)
"Pretzels, soft, multigrain",Survey (FNDDS)
"Pretzels, soft, NFS",Survey (FNDDS)
"Pretzels, soft, ready-to-eat, cinnamon sugar coated",Survey (FNDDS)
"Pretzels, soft, ready-to-eat, coated or flavored",Survey (FNDDS)
"Pretzels, soft, ready-to-eat, NFS",Survey (FNDDS)
"Pretzels, soft, ready-to-eat, salted, buttered",Survey (FNDDS)
"Pretzels, soft, ready-to-eat, salted, no butter",Survey (FNDDS)
"Pretzels, soft, ready-to-eat, topped with cheese",Survey (FNDDS)
"Pretzels, soft, ready-to-eat, topped with meat",Survey (FNDDS)
"Pretzels, soft, ready-to-eat, unsalted, buttered",Survey (FNDDS)
"Pretzels, soft, ready-to-eat, unsalted, no butter",Survey (FNDDS)
"Pretzels, soft, unsalted",SR Legacy
"Prickly pears, broiled (Northern Plains Indians)",SR Legacy
"Prickly pears, raw",SR Legacy
"Prickly pears, raw (Northern Plains Indians)",SR Legacy
"Protein supplement, milk based, Muscle Milk Light, powder",SR Legacy
"Protein supplement, milk based, Muscle Milk, powder",SR Legacy
"Prune juice, 100%",Survey (FNDDS)
"Prune juice, canned",SR Legacy
Prune puree,SR Legacy
"Prune, dried",Survey (FNDDS)
"Prunes, canned, heavy syrup pack, solids and liquids",SR Legacy
"Prunes, dehydrated (low-moisture), stewed",SR Legacy
"Prunes, dehydrated (low-moisture), uncooked",SR Legacy
"Pudding, bread",Survey (FNDDS)
"Pudding, chocolate, made from dry mix",Survey (FNDDS)
"Pudding, chocolate, made from dry mix, sugar free",Survey (FNDDS)
"Pudding, chocolate, NFS",Survey (FNDDS)
"Pudding, chocolate, ready-to-eat",Survey (FNDDS)
"Pudding, chocolate, ready-to-eat, sugar free",Survey (FNDDS)
"Pudding, flavors other than chocolate, made from dry mix",Survey (FNDDS)
"Pudding, flavors other than chocolate, made from dry mix, sugar free",Survey (FNDDS)
"Pudding, flavors other than chocolate, NFS",Survey (FNDDS)
"Pudding, flavors other than chocolate, ready-to-eat",Survey (FNDDS)
"Pudding, flavors other than chocolate, ready-to-eat, sugar free",Survey (FNDDS)
"Pudding, lemon, dry mix, regular, prepared with sugar, egg yolk and water",SR Legacy
"Pudding, rice",Survey (FNDDS)
"Pudding, tapioca, made from dry mix",Survey (FNDDS)
"Pudding, tapioca, ready-to-eat",Survey (FNDDS)
"Puddings, all flavors except chocolate, low calorie, instant, dry mix",SR Legacy
"Puddings, all flavors except chocolate, low calorie, regular, dry mix",SR Legacy
"Puddings, banana, dry mix, instant",SR Legacy
"Puddings, banana, dry mix, instant, prepared with 2% milk",SR Legacy
"Puddings, banana, dry mix, instant, prepared with whole milk",SR Legacy
"Puddings, banana, dry mix, instant, with added oil",SR Legacy
"Puddings, banana, dry mix, regular",SR Legacy
"Puddings, banana, dry mix, regular, prepared with 2% milk",SR Legacy
"Puddings, banana, dry mix, regular, prepared with whole milk",SR Legacy
"Puddings, banana, dry mix, regular, with added oil",SR Legacy
"Puddings, chocolate flavor, low calorie, instant, dry mix",SR Legacy
"Puddings, chocolate flavor, low calorie, regular, dry mix",SR Legacy
"Puddings, chocolate, dry mix, instant",SR Legacy
"Puddings, chocolate, dry mix, instant, prepared with 2% milk",SR Legacy
"Puddings, chocolate, dry mix, instant, prepared with whole milk",SR Legacy
"Puddings, chocolate, dry mix, regular",SR Legacy
"Puddings, chocolate, dry mix, regular, prepared with 2% milk",SR Legacy
"Puddings, chocolate, dry mix, regular, prepared with whole milk",SR Legacy
"Puddings, chocolate, ready-to-eat",SR Legacy
"Puddings, chocolate, ready-to-eat, fat free",SR Legacy
"Puddings, coconut cream, dry mix, instant",SR Legacy
"Puddings, coconut cream, dry mix, instant, prepared with 2% milk",SR Legacy
"Puddings, coconut cream, dry mix, instant, prepared with whole milk",SR Legacy
"Puddings, coconut cream, dry mix, regular",SR Legacy
"Puddings, coconut cream, dry mix, regular, prepared with 2% milk",SR Legacy
"Puddings, coconut cream, dry mix, regular, prepared with whole milk",SR Legacy
"Puddings, lemon, dry mix, instant",SR Legacy
"Puddings, lemon, dry mix, instant, prepared with 2% milk",SR Legacy
"Puddings, lemon, dry mix, instant, prepared with whole milk",SR Legacy
"Puddings, lemon, dry mix, regular",SR Legacy
"Puddings, lemon, dry mix, regular, with added oil, potassium, sodium",SR Legacy
"Puddings, rice, dry mix",SR Legacy
"Puddings, rice, dry mix, prepared with 2% milk",SR Legacy
"Puddings, rice, dry mix, prepared with whole milk",SR Legacy
"Puddings, rice, ready-to-eat",SR Legacy
"Puddings, tapioca, dry mix",SR Legacy
"Puddings, tapioca, dry mix, prepared with 2% milk",SR Legacy
"Puddings, tapioca, dry mix, prepared with whole milk",SR Legacy
"Puddings, tapioca, dry mix, with no added salt",SR Legacy
"Puddings, tapioca, ready-to-eat",SR Legacy
"Puddings, tapioca, ready-to-eat, fat free",SR Legacy
"Puddings, vanilla, dry mix, instant",SR Legacy
"Puddings, vanilla, dry mix, instant, prepared with whole milk",SR Legacy
"Puddings, vanilla, dry mix, regular",SR Legacy
"Puddings, vanilla, dry mix, regular, prepared with 2% milk",SR Legacy
"Puddings, vanilla, dry mix, regular, prepared with whole milk",SR Legacy
"Puddings, vanilla, dry mix, regular, with added oil",SR Legacy
"Puddings, vanilla, ready-to-eat",SR Legacy
"Puddings, vanilla, ready-to-eat, fat free",SR Legacy
Puerto Rican pasteles,Survey (FNDDS)
Puerto Rican seasoning with ham,Survey (FNDDS)
Puerto Rican seasoning without ham and tomato sauce,Survey (FNDDS)
Puerto Rican white cheese,Survey (FNDDS)
"Puff pastry, frozen, ready-to-bake",SR Legacy
"Puff pastry, frozen, ready-to-bake, baked",SR Legacy
"Puffs, fried, crab meat and cream cheese filled",Survey (FNDDS)
Pulled pork in barbecue sauce,SR Legacy
"Pummelo, raw",SR Legacy
"Pumpkin flowers, cooked, boiled, drained, without salt",SR Legacy
"Pumpkin flowers, raw",SR Legacy
"Pumpkin leaves, cooked, boiled, drained, with salt",SR Legacy
"Pumpkin leaves, cooked, boiled, drained, without salt",SR Legacy
"Pumpkin leaves, raw",SR Legacy
"Pumpkin pie mix, canned",SR Legacy
"Pumpkin seeds, NFS",Survey (FNDDS)
"Pumpkin seeds, salted",Survey (FNDDS)
"Pumpkin seeds, unsalted",Survey (FNDDS)
"Pumpkin, canned, cooked",Survey (FNDDS)
"Pumpkin, canned, with salt",SR Legacy
"Pumpkin, canned, without salt",SR Legacy
"Pumpkin, cooked",Survey (FNDDS)
"Pumpkin, cooked, boiled, drained, with salt",SR Legacy
"Pumpkin, cooked, boiled, drained, without salt",SR Legacy
"Pumpkin, flowers, cooked, boiled, drained, with salt",SR Legacy
"Pumpkin, raw",SR Legacy
"Pupusa, cheese only",Survey (FNDDS)
"Pupusa, meat",Survey (FNDDS)
"Pupusa, meat, with beans",Survey (FNDDS)
"Pupusa, with beans",Survey (FNDDS)
"Purslane, cooked, boiled, drained, with salt",SR Legacy
"Purslane, cooked, boiled, drained, without salt",SR Legacy
"Purslane, raw",SR Legacy
"Quail egg, canned",Survey (FNDDS)
"Quail, breast, meat only, raw",SR Legacy
"Quail, cooked",Survey (FNDDS)
"Quail, cooked, total edible",SR Legacy
"Quail, meat and skin, raw",SR Legacy
"Quail, meat only, raw",SR Legacy
Quarter Pounder (McDonalds),Survey (FNDDS)
Quarter Pounder with cheese (McDonalds),Survey (FNDDS)
"Quesadilla, beef or pork",Survey (FNDDS)
"Quesadilla, beef or pork, with vegetables",Survey (FNDDS)
"Quesadilla, cheese only",Survey (FNDDS)
"Quesadilla, chicken",Survey (FNDDS)
"Quesadilla, chicken, with vegetables",Survey (FNDDS)
"Quesadilla, egg",Survey (FNDDS)
"Quesadilla, egg, with meat",Survey (FNDDS)
"Quesadilla, NFS",Survey (FNDDS)
"Quesadilla, with vegetables",Survey (FNDDS)
"Queso Anejo, aged Mexican cheese",Survey (FNDDS)
Queso Asadero,Survey (FNDDS)
Queso cotija,Survey (FNDDS)
Queso Fresco,Survey (FNDDS)
"Quiche with meat, poultry or fish",Survey (FNDDS)
"Quinces, raw",SR Legacy
"Quinoa, cooked",SR Legacy
"Quinoa, fat added",Survey (FNDDS)
"Quinoa, no added fat",Survey (FNDDS)
"Quinoa, NS as to fat",Survey (FNDDS)
"Quinoa, uncooked",SR Legacy
Rabbit,Survey (FNDDS)
Raccoon,Survey (FNDDS)
"Radicchio, raw",SR Legacy
"Radicchio, raw",Survey (FNDDS)
Radish,Survey (FNDDS)
"Radish seeds, sprouted, raw",SR Legacy
"Radishes, hawaiian style, pickled",SR Legacy
"Radishes, oriental, cooked, boiled, drained, with salt",SR Legacy
"Radishes, oriental, cooked, boiled, drained, without salt",SR Legacy
"Radishes, oriental, dried",SR Legacy
"Radishes, oriental, raw",SR Legacy
"Radishes, pickled",Survey (FNDDS)
"Radishes, raw",SR Legacy
"Radishes, white icicle, raw",SR Legacy
Raisins,Survey (FNDDS)
"Raisins, dark, seedless (Includes foods for USDA's Food Distribution Program)",SR Legacy
"Raisins, golden, seedless",SR Legacy
"Raisins, seeded",SR Legacy
"Rambutan, canned, syrup pack",SR Legacy
Ramen bowl with beef,Survey (FNDDS)
Ramen bowl with chicken,Survey (FNDDS)
Ramen bowl with fish,Survey (FNDDS)
Ramen bowl with meat and egg,Survey (FNDDS)
"Ramen bowl, NFS",Survey (FNDDS)
"Ramen bowl, vegetarian",Survey (FNDDS)
"Ramen bowl, vegetarian with egg",Survey (FNDDS)
"Ranch dip, light",Survey (FNDDS)
"Ranch dip, regular",Survey (FNDDS)
"Ranch dip, yogurt based",Survey (FNDDS)
Ranch dressing,Survey (FNDDS)
"Ranch dressing, fat free",Survey (FNDDS)
"Ranch dressing, light",Survey (FNDDS)
"Raspberries, canned, red, heavy syrup pack, solids and liquids",SR Legacy
"Raspberries, frozen",Survey (FNDDS)
"Raspberries, frozen, red, sweetened",SR Legacy
"Raspberries, frozen, red, unsweetened",SR Legacy
"Raspberries, puree, seedless",SR Legacy
"Raspberries, puree, with seeds",SR Legacy
"Raspberries, raw",Foundation
"Raspberries, raw",SR Legacy
"Raspberries, raw",Survey (FNDDS)
"Raspberries, wild (Northern Plains Indians)",SR Legacy
Raspberry juice concentrate,SR Legacy
Ratatouille,Survey (FNDDS)
"Ravioli, cheese and spinach filled, with tomato sauce",Survey (FNDDS)
"Ravioli, cheese and spinach-filled, no sauce",Survey (FNDDS)
"Ravioli, cheese and spinach-filled, with cream sauce",Survey (FNDDS)
"Ravioli, cheese with tomato sauce, frozen, not prepared, includes regular and light entrees",SR Legacy
"Ravioli, cheese-filled, canned",SR Legacy
"Ravioli, cheese-filled, no sauce",Survey (FNDDS)
"Ravioli, cheese-filled, with cream sauce",Survey (FNDDS)
"Ravioli, cheese-filled, with meat sauce",Survey (FNDDS)
"Ravioli, cheese-filled, with tomato sauce",Survey (FNDDS)
"Ravioli, cheese-filled, with tomato sauce, canned",Survey (FNDDS)
"Ravioli, meat-filled, no sauce",Survey (FNDDS)
"Ravioli, meat-filled, with cream sauce",Survey (FNDDS)
"Ravioli, meat-filled, with tomato sauce or meat sauce",Survey (FNDDS)
"Ravioli, meat-filled, with tomato sauce or meat sauce, canned",SR Legacy
"Ravioli, meat-filled, with tomato sauce or meat sauce, canned",Survey (FNDDS)
"Ravioli, NS as to filling, no sauce",Survey (FNDDS)
"Ravioli, NS as to filling, with cream sauce",Survey (FNDDS)
"Ravioli, NS as to filling, with tomato sauce",Survey (FNDDS)
"Raw vegetable, NFS",Survey (FNDDS)
"Red pepper, cooked, as ingredient",Survey (FNDDS)
Reddi Wip Fat Free Whipped Topping,SR Legacy
Refried beans,Survey (FNDDS)
Refried beans with meat,Survey (FNDDS)
"Refried beans, canned, fat-free",SR Legacy
"Refried beans, canned, traditional style",SR Legacy
"Refried beans, canned, traditional, reduced sodium",SR Legacy
"Refried beans, canned, vegetarian",SR Legacy
"Refried beans, from canned, reduced sodium",Survey (FNDDS)
"Refried beans, from fast food / restaurant",Survey (FNDDS)
"Relish, corn",Survey (FNDDS)
"Relish, pickle",Survey (FNDDS)
"Rennin, chocolate, dry mix, prepared with 2% milk",SR Legacy
"Rennin, chocolate, dry mix, prepared with whole milk",SR Legacy
"Rennin, vanilla, dry mix, prepared with 2% milk",SR Legacy
"Rennin, vanilla, dry mix, prepared with whole milk",SR Legacy
"Restaurant, Chinese, beef and vegetables",SR Legacy
"Restaurant, Chinese, chicken and vegetables",SR Legacy
"Restaurant, Chinese, chicken chow mein",SR Legacy
"Restaurant, Chinese, egg rolls, assorted",SR Legacy
"Restaurant, Chinese, fried rice, without meat",SR Legacy
"Restaurant, Chinese, fried rice, without meat",Foundation
"Restaurant, Chinese, general tso's chicken",SR Legacy
"Restaurant, Chinese, kung pao chicken",SR Legacy
"Restaurant, Chinese, lemon chicken",SR Legacy
"Restaurant, Chinese, orange chicken",SR Legacy
"Restaurant, Chinese, sesame chicken",SR Legacy
"Restaurant, Chinese, shrimp and vegetables",SR Legacy
"Restaurant, Chinese, sweet and sour chicken",SR Legacy
"Restaurant, Chinese, sweet and sour pork",Foundation
"Restaurant, Chinese, sweet and sour pork",SR Legacy
"Restaurant, Chinese, vegetable chow mein, without meat or noodles",SR Legacy
"Restaurant, Chinese, vegetable lo mein, without meat",SR Legacy
"Restaurant, family style, chicken fingers, from kid's menu",SR Legacy
"Restaurant, family style, chicken tenders",SR Legacy
"Restaurant, family style, chili with meat and beans",SR Legacy
"Restaurant, family style, coleslaw",SR Legacy
"Restaurant, family style, fish fillet, battered or breaded, fried",SR Legacy
"Restaurant, family style, french fries",SR Legacy
"Restaurant, family style, fried mozzarella sticks",SR Legacy
"Restaurant, family style, hash browns",SR Legacy
"Restaurant, family style, macaroni & cheese, from kids' menu",SR Legacy
"Restaurant, family style, onion rings",SR Legacy
"Restaurant, family style, shrimp, breaded and fried",SR Legacy
"Restaurant, family style, sirloin steak",SR Legacy
"Restaurant, family style, spaghetti and meatballs",SR Legacy
"Restaurant, Italian, cheese ravioli with marinara sauce",SR Legacy
"Restaurant, Italian, chicken parmesan without pasta",SR Legacy
"Restaurant, Italian, lasagna with meat",SR Legacy
"Restaurant, Italian, spaghetti with meat sauce",SR Legacy
"Restaurant, Italian, spaghetti with pomodoro sauce (no meat)",SR Legacy
"Restaurant, Latino, arepa (unleavened cornmeal bread)",SR Legacy
"Restaurant, Latino, Arroz con frijoles negros (rice and black beans)",SR Legacy
"Restaurant, Latino, Arroz con grandules (rice and pigeonpeas)",SR Legacy
"Restaurant, Latino, Arroz con habichuelas colorados (Rice And Red Beans)",SR Legacy
"Restaurant, Latino, arroz con leche (rice pudding)",SR Legacy
"Restaurant, Latino, black bean soup",SR Legacy
"Restaurant, Latino, bunuelos (fried yeast bread)",SR Legacy
"Restaurant, Latino, chicken and rice, entree, prepared",SR Legacy
"Restaurant, Latino, empanadas, beef, prepared",SR Legacy
"Restaurant, Latino, pupusas con frijoles (pupusas, bean)",SR Legacy
"Restaurant, Latino, pupusas con frijoles (pupusas, bean)",Foundation
"Restaurant, Latino, pupusas con queso (pupusas, cheese)",SR Legacy
"Restaurant, Latino, pupusas del cerdo (pupusas, pork)",SR Legacy
"Restaurant, Latino, tamale, corn",SR Legacy
"Restaurant, Latino, tamale, pork",SR Legacy
"Restaurant, Latino, tamale, pork",Foundation
"Restaurant, Latino, tripe soup",SR Legacy
"Restaurant, Mexican, cheese enchilada",SR Legacy
"Restaurant, Mexican, cheese quesadilla",SR Legacy
"Restaurant, Mexican, cheese tamales",SR Legacy
"Restaurant, Mexican, refried beans",SR Legacy
"Restaurant, Mexican, soft taco with ground beef, cheese and lettuce",SR Legacy
"Restaurant, Mexican, spanish rice",SR Legacy
Reuben sandwich,Survey (FNDDS)
Rhubarb,Survey (FNDDS)
"Rhubarb, frozen, cooked, with sugar",SR Legacy
"Rhubarb, frozen, uncooked",SR Legacy
"Rhubarb, raw",SR Legacy
"Rhubarb, wild, leaves (Alaska Native)",SR Legacy
"Ribs, NFS",Survey (FNDDS)
"Rice and vermicelli mix, beef flavor, prepared with 80% margarine",SR Legacy
"Rice and vermicelli mix, beef flavor, unprepared",SR Legacy
"Rice and vermicelli mix, chicken flavor, prepared with 80% margarine",SR Legacy
"Rice and vermicelli mix, rice pilaf flavor, prepared with 80% margarine",SR Legacy
"Rice and vermicelli mix, rice pilaf flavor, unprepared",SR Legacy
Rice and Wheat cereal bar,SR Legacy
"Rice bowl with chicken, frozen entree, prepared (includes fried, teriyaki, and sweet and sour varieties)",SR Legacy
"Rice bran, crude",SR Legacy
Rice cake,Survey (FNDDS)
"Rice cake, cracker (include hain mini rice cakes)",SR Legacy
Rice crackers,SR Legacy
Rice croquette,Survey (FNDDS)
Rice dessert or salad with fruit,Survey (FNDDS)
Rice dressing,Survey (FNDDS)
"Rice flour, brown",SR Legacy
"Rice flour, white, unenriched",SR Legacy
Rice milk,Survey (FNDDS)
"Rice mix, cheese flavor, dry mix, unprepared",SR Legacy
"Rice mix, white and wild, flavored, unprepared",SR Legacy
"Rice noodles, cooked",Survey (FNDDS)
"Rice noodles, cooked",SR Legacy
"Rice noodles, dry",SR Legacy
Rice paper,Survey (FNDDS)
Rice pilaf,Survey (FNDDS)
Rice with raisins,Survey (FNDDS)
"Rice with Spanish sausage, Puerto Rican style",Survey (FNDDS)
"Rice with squid, Puerto Rican style",Survey (FNDDS)
"Rice with stewed beans, Puerto Rican style",Survey (FNDDS)
"Rice with vienna sausage, Puerto Rican style",Survey (FNDDS)
"Rice, black, unenriched, raw",Foundation
"Rice, brown and wild, cooked, fat added",Survey (FNDDS)
"Rice, brown and wild, cooked, no added fat",Survey (FNDDS)
"Rice, brown and wild, cooked, NS as to fat",Survey (FNDDS)
"Rice, brown, cooked, as ingredient",Survey (FNDDS)
"Rice, brown, cooked, fat added, made with oil",Survey (FNDDS)
"Rice, brown, cooked, fat added, NS as to fat type",Survey (FNDDS)
"Rice, brown, cooked, made with butter",Survey (FNDDS)
"Rice, brown, cooked, made with margarine",Survey (FNDDS)
"Rice, brown, cooked, no added fat",Survey (FNDDS)
"Rice, brown, cooked, NS as to fat",Survey (FNDDS)
"Rice, brown, long grain, unenriched, raw",Foundation
"Rice, brown, long-grain, cooked (Includes foods for USDA's Food Distribution Program)",SR Legacy
"Rice, brown, long-grain, raw (Includes foods for USDA's Food Distribution Program)",SR Legacy
"Rice, brown, medium-grain, cooked (Includes foods for USDA's Food Distribution Program)",SR Legacy
"Rice, brown, medium-grain, raw (Includes foods for USDA's Food Distribution Program)",SR Legacy
"Rice, brown, parboiled, cooked, UNCLE BENS",SR Legacy
"Rice, brown, parboiled, dry, UNCLE BEN'S",SR Legacy
"Rice, brown, with carrots and dark green vegetables, fat added",Survey (FNDDS)
"Rice, brown, with carrots and dark green vegetables, no added fat",Survey (FNDDS)
"Rice, brown, with carrots and dark green vegetables, NS as to fat",Survey (FNDDS)
"Rice, brown, with carrots and tomatoes and/or tomato-based sauce, fat added",Survey (FNDDS)
"Rice, brown, with carrots and tomatoes and/or tomato-based sauce, no added fat",Survey (FNDDS)
"Rice, brown, with carrots and tomatoes and/or tomato-based sauce, NS as to fat",Survey (FNDDS)
"Rice, brown, with carrots, dark green vegetables, and tomatoes and/or tomato-based sauce, fat added",Survey (FNDDS)
"Rice, brown, with carrots, dark green vegetables, and tomatoes and/or tomato-based sauce, no added fat",Survey (FNDDS)
"Rice, brown, with carrots, dark green vegetables, and tomatoes and/or tomato-based sauce, NS as to fat",Survey (FNDDS)
"Rice, brown, with carrots, fat added",Survey (FNDDS)
"Rice, brown, with carrots, no added fat",Survey (FNDDS)
"Rice, brown, with carrots, NS as to fat",Survey (FNDDS)
"Rice, brown, with cheese and/or cream based sauce, fat added",Survey (FNDDS)
"Rice, brown, with cheese and/or cream based sauce, no added fat",Survey (FNDDS)
"Rice, brown, with cheese and/or cream based sauce, NS as to fat",Survey (FNDDS)
"Rice, brown, with corn, fat added",Survey (FNDDS)
"Rice, brown, with corn, no added fat",Survey (FNDDS)
"Rice, brown, with corn, NS as to fat",Survey (FNDDS)
"Rice, brown, with dark green vegetables and tomatoes and/or tomato-based sauce, fat added",Survey (FNDDS)
"Rice, brown, with dark green vegetables and tomatoes and/or tomato-based sauce, no added fat",Survey (FNDDS)
"Rice, brown, with dark green vegetables and tomatoes and/or tomato-based sauce, NS as to fat",Survey (FNDDS)
"Rice, brown, with dark green vegetables, fat added",Survey (FNDDS)
"Rice, brown, with dark green vegetables, no added fat",Survey (FNDDS)
"Rice, brown, with dark green vegetables, NS as to fat",Survey (FNDDS)
"Rice, brown, with gravy, fat added",Survey (FNDDS)
"Rice, brown, with gravy, no added fat",Survey (FNDDS)
"Rice, brown, with gravy, NS as to fat",Survey (FNDDS)
"Rice, brown, with other vegetables, fat added",Survey (FNDDS)
"Rice, brown, with other vegetables, no added fat",Survey (FNDDS)
"Rice, brown, with other vegetables, NS as to fat",Survey (FNDDS)
"Rice, brown, with peas and carrots, fat added",Survey (FNDDS)
"Rice, brown, with peas and carrots, no added fat",Survey (FNDDS)
"Rice, brown, with peas and carrots, NS as to fat",Survey (FNDDS)
"Rice, brown, with peas, fat added",Survey (FNDDS)
"Rice, brown, with peas, no added fat",Survey (FNDDS)
"Rice, brown, with peas, NS as to fat",Survey (FNDDS)
"Rice, brown, with soy-based sauce, fat added",Survey (FNDDS)
"Rice, brown, with soy-based sauce, no added fat",Survey (FNDDS)
"Rice, brown, with soy-based sauce, NS as to fat",Survey (FNDDS)
"Rice, brown, with tomatoes and/or tomato based sauce, fat added",Survey (FNDDS)
"Rice, brown, with tomatoes and/or tomato based sauce, no added fat",Survey (FNDDS)
"Rice, brown, with tomatoes and/or tomato based sauce, NS as to fat",Survey (FNDDS)
"Rice, brown, with vegetables and gravy, fat added",Survey (FNDDS)
"Rice, brown, with vegetables and gravy, no added fat",Survey (FNDDS)
"Rice, brown, with vegetables and gravy, NS as to fat",Survey (FNDDS)
"Rice, brown, with vegetables, cheese and/or cream based sauce, fat added",Survey (FNDDS)
"Rice, brown, with vegetables, cheese and/or cream based sauce, no added fat",Survey (FNDDS)
"Rice, brown, with vegetables, cheese and/or cream based sauce, NS as to fat",Survey (FNDDS)
"Rice, brown, with vegetables, soy-based sauce, fat added",Survey (FNDDS)
"Rice, brown, with vegetables, soy-based sauce, no added fat",Survey (FNDDS)
"Rice, brown, with vegetables, soy-based sauce, NS as to fat",Survey (FNDDS)
"Rice, cooked with coconut milk",Survey (FNDDS)
"Rice, cooked, NFS",Survey (FNDDS)
"Rice, cooked, with milk",Survey (FNDDS)
"Rice, fried, meatless",Survey (FNDDS)
"Rice, fried, NFS",Survey (FNDDS)
"Rice, fried, with beef",Survey (FNDDS)
"Rice, fried, with chicken",Survey (FNDDS)
"Rice, fried, with pork",Survey (FNDDS)
"Rice, fried, with shrimp",Survey (FNDDS)
"Rice, red, unenriched, dry, raw",Foundation
"Rice, sweet, cooked with honey",Survey (FNDDS)
"Rice, white and wild, cooked, fat added",Survey (FNDDS)
"Rice, white and wild, cooked, no added fat",Survey (FNDDS)
"Rice, white and wild, cooked, NS as to fat",Survey (FNDDS)
"Rice, white, cooked with fat, Puerto Rican style",Survey (FNDDS)
"Rice, white, cooked, as ingredient",Survey (FNDDS)
"Rice, white, cooked, fat added, NS as to fat type",Survey (FNDDS)
"Rice, white, cooked, glutinous",Survey (FNDDS)
"Rice, white, cooked, made with butter",Survey (FNDDS)
"Rice, white, cooked, made with margarine",Survey (FNDDS)
"Rice, white, cooked, made with oil",Survey (FNDDS)
"Rice, white, cooked, no added fat",Survey (FNDDS)
"Rice, white, cooked, NS as to fat",Survey (FNDDS)
"Rice, white, glutinous, unenriched, cooked",SR Legacy
"Rice, white, glutinous, unenriched, uncooked",SR Legacy
"Rice, white, long grain, unenriched, raw",Foundation
"Rice, white, long-grain, parboiled, enriched, cooked",SR Legacy
"Rice, white, long-grain, parboiled, enriched, dry",SR Legacy
"Rice, white, long-grain, parboiled, unenriched, cooked",SR Legacy
"Rice, white, long-grain, parboiled, unenriched, dry",SR Legacy
"Rice, white, long-grain, precooked or instant, enriched, dry",SR Legacy
"Rice, white, long-grain, precooked or instant, enriched, prepared",SR Legacy
"Rice, white, long-grain, regular, cooked, enriched, with salt",SR Legacy
"Rice, white, long-grain, regular, cooked, unenriched, with salt",SR Legacy
"Rice, white, long-grain, regular, enriched, cooked",SR Legacy
"Rice, white, long-grain, regular, raw, enriched",SR Legacy
"Rice, white, long-grain, regular, raw, unenriched",SR Legacy
"Rice, white, long-grain, regular, unenriched, cooked without salt",SR Legacy
"Rice, white, medium-grain, cooked, unenriched",SR Legacy
"Rice, white, medium-grain, enriched, cooked",SR Legacy
"Rice, white, medium-grain, raw, enriched",SR Legacy
"Rice, white, medium-grain, raw, unenriched",SR Legacy
"Rice, white, short-grain, cooked, unenriched",SR Legacy
"Rice, white, short-grain, enriched, cooked",SR Legacy
"Rice, white, short-grain, enriched, uncooked",SR Legacy
"Rice, white, short-grain, raw, unenriched",SR Legacy
"Rice, white, steamed, Chinese restaurant",SR Legacy
"Rice, white, with carrots and dark green vegetables, fat added",Survey (FNDDS)
"Rice, white, with carrots and dark green vegetables, no added fat",Survey (FNDDS)
"Rice, white, with carrots and dark green vegetables, NS as to fat",Survey (FNDDS)
"Rice, white, with carrots and tomatoes and/or tomato-based sauce, fat added",Survey (FNDDS)
"Rice, white, with carrots and tomatoes and/or tomato-based sauce, no added fat",Survey (FNDDS)
"Rice, white, with carrots and tomatoes and/or tomato-based sauce, NS as to fat",Survey (FNDDS)
"Rice, white, with carrots, dark green vegetables, and tomatoes and/or tomato-based sauce, fat added",Survey (FNDDS)
"Rice, white, with carrots, dark green vegetables, and tomatoes and/or tomato-based sauce, no added fat",Survey (FNDDS)
"Rice, white, with carrots, dark green vegetables, and tomatoes and/or tomato-based sauce, NS as to fat",Survey (FNDDS)
"Rice, white, with carrots, fat added",Survey (FNDDS)
"Rice, white, with carrots, no added fat",Survey (FNDDS)
"Rice, white, with carrots, NS as to fat",Survey (FNDDS)
"Rice, white, with cheese and/or cream based sauce, fat added",Survey (FNDDS)
"Rice, white, with cheese and/or cream based sauce, no added fat",Survey (FNDDS)
"Rice, white, with cheese and/or cream based sauce, NS as to fat",Survey (FNDDS)
"Rice, white, with corn, fat added",Survey (FNDDS)
"Rice, white, with corn, no added fat",Survey (FNDDS)
"Rice, white, with corn, NS as to fat",Survey (FNDDS)
"Rice, white, with dark green vegetables and tomatoes and/or tomato-based sauce, fat added",Survey (FNDDS)
"Rice, white, with dark green vegetables and tomatoes and/or tomato-based sauce, no added fat",Survey (FNDDS)
"Rice, white, with dark green vegetables and tomatoes and/or tomato-based sauce, NS as to fat",Survey (FNDDS)
"Rice, white, with dark green vegetables, fat added",Survey (FNDDS)
"Rice, white, with dark green vegetables, no added fat",Survey (FNDDS)
"Rice, white, with dark green vegetables, NS as to fat",Survey (FNDDS)
"Rice, white, with gravy, fat added",Survey (FNDDS)
"Rice, white, with gravy, no added fat",Survey (FNDDS)
"Rice, white, with gravy, NS as to fat",Survey (FNDDS)
"Rice, white, with lentils, fat added",Survey (FNDDS)
"Rice, white, with lentils, no added fat",Survey (FNDDS)
"Rice, white, with lentils, NS as to fat",Survey (FNDDS)
"Rice, white, with other vegetables, fat added",Survey (FNDDS)
"Rice, white, with other vegetables, no added fat",Survey (FNDDS)
"Rice, white, with other vegetables, NS as to fat",Survey (FNDDS)
"Rice, white, with peas and carrots, fat added",Survey (FNDDS)
"Rice, white, with peas and carrots, no added fat",Survey (FNDDS)
"Rice, white, with peas and carrots, NS as to fat",Survey (FNDDS)
"Rice, white, with peas, fat added",Survey (FNDDS)
"Rice, white, with peas, no added fat",Survey (FNDDS)
"Rice, white, with peas, NS as to fat",Survey (FNDDS)
"Rice, white, with soy-based sauce, fat added",Survey (FNDDS)
"Rice, white, with soy-based sauce, no added fat",Survey (FNDDS)
"Rice, white, with soy-based sauce, NS as to fat",Survey (FNDDS)
"Rice, white, with tomatoes and/or tomato-based sauce, fat added",Survey (FNDDS)
"Rice, white, with tomatoes and/or tomato-based sauce, no added fat",Survey (FNDDS)
"Rice, white, with tomatoes and/or tomato-based sauce, NS as to fat",Survey (FNDDS)
"Rice, white, with vegetables and gravy, fat added",Survey (FNDDS)
"Rice, white, with vegetables and gravy, no added fat",Survey (FNDDS)
"Rice, white, with vegetables and gravy, NS as to fat",Survey (FNDDS)
"Rice, white, with vegetables, cheese and/or cream based sauce, fat added",Survey (FNDDS)
"Rice, white, with vegetables, cheese and/or cream based sauce, no added fat",Survey (FNDDS)
"Rice, white, with vegetables, cheese and/or cream based sauce, NS as to fat",Survey (FNDDS)
"Rice, white, with vegetables, soy-based sauce, fat added",Survey (FNDDS)
"Rice, white, with vegetables, soy-based sauce, no added fat",Survey (FNDDS)
"Rice, white, with vegetables, soy-based sauce, NS as to fat",Survey (FNDDS)
"Rice, wild, 100%, cooked, fat added",Survey (FNDDS)
"Rice, wild, 100%, cooked, no added fat",Survey (FNDDS)
"Rice, wild, 100%, cooked, NS as to fat",Survey (FNDDS)
"RICE-A-RONI, chicken flavor, unprepared",SR Legacy
"Ripe plantain meat pie, Puerto Rican style",Survey (FNDDS)
Roast beef sandwich on wheat,Survey (FNDDS)
"Roast beef sandwich on wheat, with cheese",Survey (FNDDS)
Roast beef sandwich on white,Survey (FNDDS)
"Roast beef sandwich on white, with cheese",Survey (FNDDS)
Roast beef spread,SR Legacy
"Roast beef, deli style, prepackaged, sliced",SR Legacy
Rob Roy,Survey (FNDDS)
"Roll with meat and/or shrimp, vegetables and rice paper, not fried",Survey (FNDDS)
"Roll, bran, NS as to type of bran",Survey (FNDDS)
"Roll, cheese",Survey (FNDDS)
"Roll, diet",Survey (FNDDS)
"Roll, egg bread",Survey (FNDDS)
"Roll, French or Vienna",Survey (FNDDS)
"Roll, garlic",Survey (FNDDS)
"Roll, gluten free",Survey (FNDDS)
"Roll, hard, NS as to major flour",Survey (FNDDS)
"Roll, Mexican, bolillo",Survey (FNDDS)
"Roll, multigrain",Survey (FNDDS)
"Roll, multigrain, hamburger bun",Survey (FNDDS)
"Roll, multigrain, hot dog bun",Survey (FNDDS)
"Roll, NS as to major flour",Survey (FNDDS)
"Roll, oatmeal",Survey (FNDDS)
"Roll, pumpernickel",Survey (FNDDS)
"Roll, rye",Survey (FNDDS)
"Roll, sour dough",Survey (FNDDS)
"Roll, sweet, cinnamon bun, frosted",Survey (FNDDS)
"Roll, sweet, cinnamon bun, no frosting",Survey (FNDDS)
"Roll, sweet, frosted",Survey (FNDDS)
"Roll, sweet, no frosting",Survey (FNDDS)
"Roll, sweet, with fruit, frosted",Survey (FNDDS)
"Roll, sweet, with fruit, frosted, diet",Survey (FNDDS)
"Roll, wheat or cracked wheat",Survey (FNDDS)
"Roll, wheat or cracked wheat, hamburger bun",Survey (FNDDS)
"Roll, wheat or cracked wheat, hot dog bun",Survey (FNDDS)
"Roll, white, hamburger bun",Survey (FNDDS)
"Roll, white, hard",Survey (FNDDS)
"Roll, white, hoagie, submarine",Survey (FNDDS)
"Roll, white, hot dog bun",Survey (FNDDS)
"Roll, white, soft",Survey (FNDDS)
"Roll, whole grain white",Survey (FNDDS)
"Roll, whole grain white, hamburger bun",Survey (FNDDS)
"Roll, whole grain white, hot dog bun",Survey (FNDDS)
"Roll, whole wheat",Survey (FNDDS)
"Roll, whole wheat, hamburger bun",Survey (FNDDS)
"Roll, whole wheat, hot dog bun",Survey (FNDDS)
"Rolls, dinner, egg",SR Legacy
"Rolls, dinner, oat bran",SR Legacy
"Rolls, dinner, plain, commercially prepared (includes brown-and-serve)",SR Legacy
"Rolls, dinner, plain, prepared from recipe, made with low fat (2%) milk",SR Legacy
"Rolls, dinner, rye",SR Legacy
"Rolls, dinner, sweet",SR Legacy
"Rolls, dinner, wheat",SR Legacy
"Rolls, dinner, whole-wheat",SR Legacy
"Rolls, french",SR Legacy
"Rolls, gluten-free, white, made with brown rice flour, tapioca starch, and potato starch",SR Legacy
"Rolls, gluten-free, white, made with brown rice flour, tapioca starch, and sorghum flour",SR Legacy
"Rolls, gluten-free, white, made with rice flour, rice starch, and corn starch",SR Legacy
"Rolls, gluten-free, whole grain, made with tapioca starch and brown rice flour",SR Legacy
"Rolls, hamburger or hot dog, wheat/cracked wheat",SR Legacy
"Rolls, hamburger or hot dog, whole wheat",SR Legacy
"Rolls, hamburger or hotdog, mixed-grain",SR Legacy
"Rolls, hamburger or hotdog, plain",SR Legacy
"Rolls, hamburger, whole grain white, calcium-fortified",SR Legacy
"Rolls, hard (includes kaiser)",SR Legacy
"Rolls, pumpernickel",SR Legacy
"Romaine lettuce, raw",Survey (FNDDS)
"Rose Hips, wild (Northern Plains Indians)",SR Legacy
"Rose-apples, raw",SR Legacy
"Roselle, raw",SR Legacy
"Rosemary, fresh",SR Legacy
"Rowal, raw",SR Legacy
"Ruby Red grapefruit juice blend (grapefruit, grape, apple), OCEAN SPRAY, bottled, with added vitamin C",SR Legacy
"Rudi's, Gluten-Free Bakery, Original Sandwich Bread",SR Legacy
"Ruffed Grouse, breast meat, skinless, raw",SR Legacy
Rum,Survey (FNDDS)
Rum and cola,Survey (FNDDS)
Rum and diet cola,Survey (FNDDS)
"Rum, hot buttered",Survey (FNDDS)
Russian dressing,Survey (FNDDS)
Rusty Nail,Survey (FNDDS)
"Rutabaga, cooked",Survey (FNDDS)
"Rutabaga, peeled, raw",Foundation
"Rutabaga, raw",Survey (FNDDS)
"Rutabagas, cooked, boiled, drained, with salt",SR Legacy
"Rutabagas, cooked, boiled, drained, without salt",SR Legacy
"Rutabagas, raw",SR Legacy
"Rye flour, dark",SR Legacy
"Rye flour, light",SR Legacy
"Rye flour, medium",SR Legacy
Rye grain,SR Legacy
Safflower oil,Survey (FNDDS)
"Sage Valley, Gluten Free Vanilla Sandwich Cookies",SR Legacy
"Salad dressing, bacon and tomato",SR Legacy
"Salad dressing, blue or roquefort cheese dressing, commercial, regular",SR Legacy
"Salad dressing, blue or roquefort cheese dressing, fat-free",SR Legacy
"Salad dressing, blue or roquefort cheese dressing, light",SR Legacy
"Salad dressing, blue or roquefort cheese, low calorie",SR Legacy
"Salad dressing, buttermilk, lite",SR Legacy
"Salad dressing, caesar dressing, regular",SR Legacy
"Salad dressing, caesar, fat-free",SR Legacy
"Salad dressing, caesar, low calorie",SR Legacy
"Salad dressing, coleslaw",SR Legacy
"Salad Dressing, coleslaw, reduced fat",SR Legacy
"Salad dressing, fat free, NFS",Survey (FNDDS)
"Salad dressing, french dressing, commercial, regular",SR Legacy
"Salad dressing, french dressing, commercial, regular, without salt",SR Legacy
"Salad dressing, french dressing, fat-free",SR Legacy
"Salad dressing, french dressing, reduced calorie",SR Legacy
"Salad dressing, french dressing, reduced fat",SR Legacy
"Salad dressing, french dressing, reduced fat, without salt",SR Legacy
"Salad dressing, french, cottonseed, oil, home recipe",SR Legacy
"Salad dressing, french, home recipe",SR Legacy
"Salad dressing, green goddess, regular",SR Legacy
"Salad dressing, home recipe, vinegar and oil",SR Legacy
"Salad dressing, honey mustard dressing, reduced calorie",SR Legacy
"Salad dressing, honey mustard, regular",SR Legacy
"Salad dressing, italian dressing, commercial, reduced fat",SR Legacy
"Salad dressing, italian dressing, commercial, regular",SR Legacy
"Salad dressing, italian dressing, commercial, regular, without salt",SR Legacy
"Salad dressing, italian dressing, fat-free",SR Legacy
"Salad dressing, italian dressing, reduced calorie",SR Legacy
"Salad dressing, italian dressing, reduced fat, without salt",SR Legacy
"Salad dressing, KRAFT Mayo Fat Free Mayonnaise Dressing",SR Legacy
"Salad dressing, KRAFT Mayo Light Mayonnaise",SR Legacy
"Salad dressing, KRAFT MIRACLE WHIP FREE Nonfat Dressing",SR Legacy
"Salad dressing, light, NFS",Survey (FNDDS)
"Salad dressing, mayonnaise and mayonnaise-type, low calorie",SR Legacy
"Salad dressing, mayonnaise type, regular, with salt",SR Legacy
"Salad dressing, mayonnaise, imitation, milk cream",SR Legacy
"Salad dressing, mayonnaise, imitation, soybean",SR Legacy
"Salad dressing, mayonnaise, imitation, soybean without cholesterol",SR Legacy
"Salad dressing, mayonnaise, light",SR Legacy
"Salad Dressing, mayonnaise, light, SMART BALANCE, Omega Plus light",SR Legacy
"Salad dressing, mayonnaise, regular",SR Legacy
"Salad dressing, mayonnaise, soybean and safflower oil, with salt",SR Legacy
"Salad dressing, mayonnaise, soybean oil, without salt",SR Legacy
"Salad Dressing, mayonnaise-like, fat-free",SR Legacy
"Salad dressing, mayonnaise-type, light",SR Legacy
"Salad dressing, NFS, for salads",Survey (FNDDS)
"Salad dressing, NFS, for sandwiches",Survey (FNDDS)
"Salad dressing, peppercorn dressing, commercial, regular",SR Legacy
"Salad dressing, poppyseed, creamy",SR Legacy
"Salad dressing, ranch dressing, fat-free",SR Legacy
"Salad dressing, ranch dressing, reduced fat",SR Legacy
"Salad dressing, ranch dressing, regular",SR Legacy
"Salad dressing, russian dressing",SR Legacy
"Salad dressing, russian dressing, low calorie",SR Legacy
"Salad dressing, sesame seed dressing, regular",SR Legacy
"Salad dressing, spray-style dressing, assorted flavors",SR Legacy
"Salad dressing, sweet and sour",SR Legacy
"Salad dressing, thousand island dressing, fat-free",SR Legacy
"Salad dressing, thousand island dressing, reduced fat",SR Legacy
"Salad dressing, thousand island, commercial, regular",SR Legacy
Salami sandwich on wheat,Survey (FNDDS)
"Salami sandwich on wheat, with cheese",Survey (FNDDS)
Salami sandwich on white,Survey (FNDDS)
"Salami sandwich on white, with cheese",Survey (FNDDS)
"Salami, cooked, beef",SR Legacy
"Salami, cooked, beef and pork",SR Legacy
"Salami, cooked, turkey",SR Legacy
"Salami, dry or hard, pork",SR Legacy
"Salami, dry or hard, pork, beef",SR Legacy
"Salami, Italian, pork",SR Legacy
"Salami, Italian, pork and beef, dry, sliced, 50% less sodium",SR Legacy
"Salami, made from any type of meat, reduced fat",Survey (FNDDS)
"Salami, made from any type of meat, reduced sodium",Survey (FNDDS)
"Salami, NFS",Survey (FNDDS)
"Salami, pork, beef, less sodium",SR Legacy
"Salisbury steak dinner, NFS, frozen meal",Survey (FNDDS)
Salisbury steak with gravy,Survey (FNDDS)
"Salisbury steak with gravy, frozen",SR Legacy
"Salisbury steak with gravy, macaroni and cheese, frozen meal",Survey (FNDDS)
"Salisbury steak with gravy, potatoes, vegetable, frozen meal",Survey (FNDDS)
"Salisbury steak with gravy, whipped potatoes, vegetable, dessert, frozen meal",Survey (FNDDS)
Salmon cake sandwich,Survey (FNDDS)
"Salmon nuggets, breaded, frozen, heated",SR Legacy
"Salmon nuggets, cooked as purchased, unheated",SR Legacy
Salmon salad,Survey (FNDDS)
"Salmon, red (sockeye), filets with skin, smoked (Alaska Native)",SR Legacy
"Salmon, sockeye, canned, drained solids, without skin and bones",SR Legacy
"Salmon, sockeye, canned, total can contents",SR Legacy
"Salmonberries, raw (Alaska Native)",SR Legacy
"Salsa verde or salsa, green",Survey (FNDDS)
"Salsa, NFS",Survey (FNDDS)
"Salsa, pico de gallo",Survey (FNDDS)
"Salsa, red",Survey (FNDDS)
"Salsa, red, homemade",Survey (FNDDS)
"Salsify, (vegetable oyster), raw",SR Legacy
"Salsify, cooked",Survey (FNDDS)
"Salsify, cooked, boiled, drained, with salt",SR Legacy
"Salsify, cooked, boiled, drained, without salt",SR Legacy
"Salt, table",SR Legacy
"Salt, table, iodized",Foundation
"Sambar, vegetable stew",Survey (FNDDS)
Samosa,Survey (FNDDS)
Sandwich spread,Survey (FNDDS)
"Sandwich spread, meatless",SR Legacy
"Sandwich spread, pork, beef",SR Legacy
"Sandwich spread, with chopped pickle, regular, unspecified oils",SR Legacy
"Sandwich wrap, NFS",Survey (FNDDS)
"Sandwich, NFS",Survey (FNDDS)
"Sangria, red",Survey (FNDDS)
"Sangria, white",Survey (FNDDS)
"Sapodilla, raw",SR Legacy
"Sapote, mamey, raw",SR Legacy
Sardine sandwich,Survey (FNDDS)
Sauce as ingredient in hamburgers,Survey (FNDDS)
"Sauce, alfredo mix, dry",SR Legacy
"Sauce, barbecue",SR Legacy
"Sauce, barbecue, BULL'S-EYE, original",SR Legacy
"Sauce, barbecue, KC MASTERPIECE, original",SR Legacy
"Sauce, barbecue, KRAFT, original",SR Legacy
"Sauce, barbecue, OPEN PIT, original",SR Legacy
"Sauce, barbecue, SWEET BABY RAY'S, original",SR Legacy
"Sauce, cheese sauce mix, dry",SR Legacy
"Sauce, cheese, ready-to-serve",SR Legacy
"Sauce, chili, peppers, hot, immature green, canned",SR Legacy
"Sauce, cocktail, ready-to-serve",SR Legacy
"Sauce, duck, ready-to-serve",SR Legacy
"Sauce, enchilada, red, mild, ready to serve",SR Legacy
"Sauce, fish, ready-to-serve",SR Legacy
"Sauce, hoisin, ready-to-serve",SR Legacy
"Sauce, homemade, white, medium",SR Legacy
"Sauce, homemade, white, thick",SR Legacy
"Sauce, horseradish",SR Legacy
"Sauce, hot chile, sriracha",SR Legacy
"Sauce, hot chile, sriracha, CHA! BY TEXAS PETE",SR Legacy
"Sauce, hot chile, sriracha, TUONG OT SRIRACHA",SR Legacy
"Sauce, NFS",Survey (FNDDS)
"Sauce, oyster, ready-to-serve",SR Legacy
"Sauce, pasta, spaghetti/marinara, ready-to-serve",Foundation
"Sauce, pasta, spaghetti/marinara, ready-to-serve",SR Legacy
"Sauce, pasta, spaghetti/marinara, ready-to-serve, low sodium",SR Legacy
"Sauce, peanut, made from coconut, water, sugar, peanuts",SR Legacy
"Sauce, peanut, made from peanut butter, water, soy sauce",SR Legacy
"Sauce, peppers, hot, chili, mature red, canned",SR Legacy
"Sauce, pesto, BUITONI, pesto with basil, ready-to-serve, refrigerated",SR Legacy
"Sauce, pesto, CLASSICO, basil pesto, ready-to-serve",SR Legacy
"Sauce, pesto, MEZZETTA, NAPA VALLEY BISTRO, basil pesto, ready-to-serve",SR Legacy
"Sauce, pesto, ready-to-serve, refrigerated",SR Legacy
"Sauce, pesto, ready-to-serve, shelf stable",SR Legacy
"Sauce, pizza, canned, ready-to-serve",SR Legacy
"Sauce, plum, ready-to-serve",SR Legacy
"Sauce, ready-to-serve, pepper or hot",SR Legacy
"Sauce, ready-to-serve, pepper, TABASCO",SR Legacy
"Sauce, salsa, ready-to-serve",Foundation
"Sauce, salsa, ready-to-serve",SR Legacy
"Sauce, salsa, verde, ready-to-serve",SR Legacy
"Sauce, sofrito, prepared from recipe",SR Legacy
"Sauce, steak, tomato based",SR Legacy
"Sauce, sweet and sour, prepared-from-recipe",SR Legacy
"Sauce, sweet and sour, ready-to-serve",SR Legacy
"Sauce, tartar, ready-to-serve",SR Legacy
"Sauce, teriyaki, ready-to-serve",SR Legacy
"Sauce, teriyaki, ready-to-serve, reduced sodium",SR Legacy
"Sauce, tomato chili sauce, bottled, with salt",SR Legacy
"Sauce, white, thin, prepared-from-recipe, with butter",SR Legacy
"Sauce, worcestershire",SR Legacy
Sauerkraut,Survey (FNDDS)
"Sauerkraut, canned, solids and liquids",SR Legacy
Sausage and noodles with cream or white sauce,Survey (FNDDS)
"Sausage and peppers, no sauce",Survey (FNDDS)
Sausage and rice with cheese sauce,Survey (FNDDS)
Sausage and rice with mushroom sauce,Survey (FNDDS)
Sausage and rice with tomato-based sauce,Survey (FNDDS)
"Sausage and vegetables including  carrots, broccoli, and/or dark-green leafy; no potatoes, tomato-based sauce",Survey (FNDDS)
"Sausage and vegetables, excluding carrots, broccoli, and dark-green leafy; no potatoes, tomato-based sauce",Survey (FNDDS)
Sausage biscuit sandwich,Survey (FNDDS)
"Sausage biscuit sandwich, with cheese",Survey (FNDDS)
Sausage English muffin sandwich,Survey (FNDDS)
Sausage gravy,Survey (FNDDS)
Sausage griddle/pancake sandwich,Survey (FNDDS)
Sausage with tomato-based sauce,Survey (FNDDS)
"Sausage, beef, cured, cooked, smoked",SR Legacy
"Sausage, beef, fresh, cooked",SR Legacy
"Sausage, Berliner, pork, beef",SR Legacy
"Sausage, breakfast sausage, beef, pre-cooked, unprepared",Foundation
"Sausage, breakfast sausage, beef, pre-cooked, unprepared",SR Legacy
"Sausage, chicken or turkey, Italian style,  lower sodium",SR Legacy
"Sausage, chicken, beef, pork, skinless, smoked",SR Legacy
"Sausage, egg and cheese breakfast biscuit",SR Legacy
"Sausage, Italian, pork, mild, cooked, pan-fried",SR Legacy
"Sausage, Italian, pork, mild, cooked, pan-fried",Foundation
"Sausage, Italian, pork, mild, raw",SR Legacy
"Sausage, Italian, sweet, links",SR Legacy
"Sausage, Italian, turkey, smoked",SR Legacy
"Sausage, meatless",SR Legacy
"Sausage, New england brand, pork, beef",SR Legacy
"Sausage, NFS",Survey (FNDDS)
"Sausage, noodles, and vegetables excluding carrots, broccoli, and dark-green leafy; tomato-based sauce",Survey (FNDDS)
"Sausage, noodles, and vegetables including carrots, broccoli, and/or dark-green leafy; tomato-based sauce",Survey (FNDDS)
"Sausage, Polish, beef with chicken, hot",SR Legacy
"Sausage, Polish, pork and beef, smoked",SR Legacy
"Sausage, pork and beef, fresh, cooked",SR Legacy
"Sausage, pork and beef, with cheddar cheese, smoked",SR Legacy
"Sausage, pork and turkey, pre-cooked",SR Legacy
"Sausage, pork, chorizo, link or ground, cooked, pan-fried",Foundation
"Sausage, pork, chorizo, link or ground, raw",SR Legacy
"Sausage, pork, turkey, and beef, reduced sodium",SR Legacy
"Sausage, potatoes, and vegetables excluding carrots, broccoli, and dark-green leafy; gravy",Survey (FNDDS)
"Sausage, potatoes, and vegetables including carrots, broccoli, and/or dark-green leafy; gravy",Survey (FNDDS)
"Sausage, smoked link sausage, pork",SR Legacy
"Sausage, smoked link sausage, pork and beef",SR Legacy
"Sausage, smoked link sausage, pork and beef (nonfat dry milk added)",SR Legacy
"Sausage, summer, pork and beef, sticks, with cheddar cheese",SR Legacy
"Sausage, turkey and pork, fresh, bulk, patty or link, cooked",SR Legacy
"Sausage, turkey, breakfast links, mild, raw",SR Legacy
"Sausage, turkey, breakfast links, mild, raw",Foundation
"Sausage, turkey, fresh, cooked",SR Legacy
"Sausage, turkey, fresh, raw",SR Legacy
"Sausage, turkey, hot, smoked",SR Legacy
"Sausage, turkey, pork, and beef, low fat, smoked",SR Legacy
"Sausage, turkey, reduced fat, brown and serve, cooked",SR Legacy
"Sausage, Vienna, canned, chicken, beef, pork",SR Legacy
"Scallops, baked or broiled",Survey (FNDDS)
"Scallops, fried",Survey (FNDDS)
"Scallops, grilled",Survey (FNDDS)
"Scallops, steamed or boiled",Survey (FNDDS)
"Schar, Gluten-Free, Classic White Rolls",SR Legacy
"Schar, Gluten-Free, Wheat-Free, Classic White Bread",SR Legacy
"SCHIFF,TIGER'S MILK BAR",SR Legacy
"School Lunch, chicken nuggets, whole grain breaded",SR Legacy
"School Lunch, chicken patty, whole grain breaded",SR Legacy
"School Lunch, pizza, BIG DADDY'S LS 16"" 51% Whole Grain Rolled Edge Cheese Pizza, frozen",SR Legacy
"School Lunch, pizza, BIG DADDY'S LS 16"" 51% Whole Grain Rolled Edge Turkey Pepperoni Pizza, frozen",SR Legacy
"School Lunch, pizza, cheese topping, thick crust, whole grain, frozen, cooked",SR Legacy
"School Lunch, pizza, cheese topping, thin crust, whole grain, frozen, cooked",SR Legacy
"School Lunch, pizza, pepperoni topping, thick crust, whole grain, frozen, cooked",SR Legacy
"School Lunch, pizza, pepperoni topping, thin crust, whole grain, frozen, cooked",SR Legacy
"School Lunch, pizza, sausage topping, thick crust, whole grain, frozen, cooked",SR Legacy
"School Lunch, pizza, sausage topping, thin crust, whole grain, frozen, cooked",SR Legacy
"School Lunch, pizza, TONY'S Breakfast Pizza Sausage, frozen",SR Legacy
"School Lunch, pizza, TONY'S SMARTPIZZA Whole Grain 4x6 Cheese Pizza 50/50 Cheese, frozen",SR Legacy
"School Lunch, pizza, TONY'S SMARTPIZZA Whole Grain 4x6 Pepperoni Pizza 50/50 Cheese, frozen",SR Legacy
Scone,Survey (FNDDS)
"Scone, with fruit",Survey (FNDDS)
Scotch,Survey (FNDDS)
"Scrapple, cooked",Survey (FNDDS)
"Scrapple, pork",SR Legacy
Screwdriver,Survey (FNDDS)
"Sea cucumber, yane (Alaska Native)",SR Legacy
"Sea lion, Steller, fat (Alaska Native)",SR Legacy
"Sea lion, Steller, heart (Alaska Native)",SR Legacy
"Sea lion, Steller, kidney (Alaska Native)",SR Legacy
"Sea lion, Steller, liver (Alaska Native)",SR Legacy
"Sea lion, Steller, meat (Alaska Native)",SR Legacy
"Sea lion, Steller, meat with fat (Alaska Native)",SR Legacy
Seabreeze,Survey (FNDDS)
Seafood dip,Survey (FNDDS)
"Seafood garden salad with seafood, lettuce, eggs, tomato and/or carrots, other vegetables, no dressing",Survey (FNDDS)
"Seafood garden salad with seafood, lettuce, eggs, vegetables excluding tomato and carrots, no dressing",Survey (FNDDS)
"Seafood garden salad with seafood, lettuce, tomato and/or carrots, other vegetables, no dressing",Survey (FNDDS)
"Seafood garden salad with seafood, lettuce, vegetables excluding tomato and carrots, no dressing",Survey (FNDDS)
"Seafood paella, Puerto Rican style",Survey (FNDDS)
Seafood salad,Survey (FNDDS)
Seafood salad sandwich,Survey (FNDDS)
Seafood sauce,Survey (FNDDS)
Seafood souffle,Survey (FNDDS)
Seafood thermidor,Survey (FNDDS)
"Seal, bearded (Oogruk), meat, dried (Alaska Native)",SR Legacy
"Seal, bearded (Oogruk), meat, dried, in oil (Alaska Native)",SR Legacy
"Seal, bearded (Oogruk), meat, low quadrant, raw (Alaska Native)",SR Legacy
"Seal, bearded (Oogruk), meat, partially dried (Alaska Native)",SR Legacy
"Seal, bearded (Oogruk), meat, raw (Alaska Native)",SR Legacy
"Seal, ringed, liver (Alaska Native)",SR Legacy
"Seal, ringed, meat (Alaska Native)",SR Legacy
"Seasoning mix, dry, chili, original",SR Legacy
"Seasoning mix, dry, sazon, coriander & annatto",SR Legacy
"Seasoning mix, dry, taco, original",SR Legacy
"Seaweed, agar, dried",SR Legacy
"Seaweed, agar, raw",SR Legacy
"Seaweed, Canadian Cultivated EMI-TSUNOMATA, dry",SR Legacy
"Seaweed, Canadian Cultivated EMI-TSUNOMATA, rehydrated",SR Legacy
"Seaweed, cooked, fat added",Survey (FNDDS)
"Seaweed, cooked, no added fat",Survey (FNDDS)
"Seaweed, dried",Survey (FNDDS)
"Seaweed, irishmoss, raw",SR Legacy
"Seaweed, kelp, raw",SR Legacy
"Seaweed, laver, raw",SR Legacy
"Seaweed, pickled",Survey (FNDDS)
"Seaweed, raw",Survey (FNDDS)
"Seaweed, spirulina, dried",SR Legacy
"Seaweed, spirulina, raw",SR Legacy
"Seaweed, wakame, raw",SR Legacy
"Seeds, breadfruit seeds, boiled",SR Legacy
"Seeds, breadfruit seeds, raw",SR Legacy
"Seeds, breadfruit seeds, roasted",SR Legacy
"Seeds, breadnut tree seeds, dried",SR Legacy
"Seeds, breadnut tree seeds, raw",SR Legacy
"Seeds, chia seeds, dried",SR Legacy
"Seeds, cottonseed flour, low fat (glandless)",SR Legacy
"Seeds, cottonseed flour, partially defatted (glandless)",SR Legacy
"Seeds, cottonseed kernels, roasted (glandless)",SR Legacy
"Seeds, cottonseed meal, partially defatted (glandless)",SR Legacy
"Seeds, flaxseed",SR Legacy
"Seeds, hemp seed, hulled",SR Legacy
"Seeds, lotus seeds, dried",SR Legacy
"Seeds, lotus seeds, raw",SR Legacy
"Seeds, pumpkin and squash seed kernels, dried",SR Legacy
"Seeds, pumpkin and squash seed kernels, roasted, with salt added",SR Legacy
"Seeds, pumpkin and squash seed kernels, roasted, without salt",SR Legacy
"Seeds, pumpkin and squash seeds, whole, roasted, with salt added",SR Legacy
"Seeds, pumpkin and squash seeds, whole, roasted, without salt",SR Legacy
"Seeds, pumpkin seeds (pepitas), raw",Foundation
"Seeds, safflower seed kernels, dried",SR Legacy
"Seeds, safflower seed meal, partially defatted",SR Legacy
"Seeds, sesame butter, paste",SR Legacy
"Seeds, sesame butter, tahini, from raw and stone ground kernels",SR Legacy
"Seeds, sesame butter, tahini, from roasted and toasted kernels (most common type)",SR Legacy
"Seeds, sesame butter, tahini, from unroasted kernels (non-chemically removed seed coat)",SR Legacy
"Seeds, sesame butter, tahini, type of kernels unspecified",SR Legacy
"Seeds, sesame flour, high-fat",SR Legacy
"Seeds, sesame flour, low-fat",SR Legacy
"Seeds, sesame flour, partially defatted",SR Legacy
"Seeds, sesame meal, partially defatted",SR Legacy
"Seeds, sesame seed kernels, dried (decorticated)",SR Legacy
"Seeds, sesame seed kernels, toasted, with salt added (decorticated)",SR Legacy
"Seeds, sesame seed kernels, toasted, without salt added (decorticated)",SR Legacy
"Seeds, sesame seeds, whole, dried",SR Legacy
"Seeds, sesame seeds, whole, roasted and toasted",SR Legacy
"Seeds, sisymbrium sp. seeds, whole, dried",SR Legacy
"Seeds, sunflower seed butter, with salt added (Includes foods for USDA's Food Distribution Program)",SR Legacy
"Seeds, sunflower seed butter, without salt",SR Legacy
"Seeds, sunflower seed flour, partially defatted",SR Legacy
"Seeds, sunflower seed kernels from shell, dry roasted, with salt added",SR Legacy
"Seeds, sunflower seed kernels, dried",SR Legacy
"Seeds, sunflower seed kernels, dry roasted, with salt added",SR Legacy
"Seeds, sunflower seed kernels, dry roasted, with salt added",Foundation
"Seeds, sunflower seed kernels, dry roasted, without salt",SR Legacy
"Seeds, sunflower seed kernels, oil roasted, with salt added",SR Legacy
"Seeds, sunflower seed kernels, oil roasted, without salt",SR Legacy
"Seeds, sunflower seed kernels, toasted, with salt added",SR Legacy
"Seeds, sunflower seed kernels, toasted, without salt",SR Legacy
"Seeds, sunflower seed, kernel, raw",Foundation
"Seeds, watermelon seed kernels, dried",SR Legacy
"Semolina, enriched",SR Legacy
"Semolina, unenriched",SR Legacy
"Sesame butter, creamy",Foundation
Sesame chicken,Survey (FNDDS)
Sesame dressing,Survey (FNDDS)
"Sesame dressing, light",Survey (FNDDS)
Sesame oil,Survey (FNDDS)
Sesame seeds,Survey (FNDDS)
"Sesbania flower, cooked, steamed, with salt",SR Legacy
"Sesbania flower, cooked, steamed, without salt",SR Legacy
"Sesbania flower, raw",SR Legacy
Seven and Seven,Survey (FNDDS)
"Seven-layer salad, lettuce salad made with a combination of onion, celery, green pepper, peas, mayonnaise, cheese, eggs, and/or bacon",Survey (FNDDS)
"Shake, fast food, vanilla",SR Legacy
"Shallots, bulb, peeled, root removed, raw",Foundation
"Shallots, freeze-dried",SR Legacy
"Shallots, raw",SR Legacy
Shellfish and noodles with tomato-based sauce,Survey (FNDDS)
"Shellfish mixture and vegetables excluding carrots, broccoli, and dark-green leafy; no potatoes, mushroom sauce",Survey (FNDDS)
"Shellfish mixture and vegetables excluding carrots, broccoli, and dark-green leafy; no potatoes, soy-based sauce",Survey (FNDDS)
"Shellfish mixture and vegetables including carrots, broccoli, and/or dark-green leafy; no potatoes, mushroom sauce",Survey (FNDDS)
"Shellfish mixture and vegetables including carrots, broccoli, and/or dark-green leafy; no potatoes, soy-based sauce",Survey (FNDDS)
"Shellfish, NFS",Survey (FNDDS)
Shepherd's pie,Survey (FNDDS)
"Sherbet, all flavors",Survey (FNDDS)
"Sherbet, orange",SR Legacy
Shirley Temple,Survey (FNDDS)
"Shortening bread, soybean (hydrogenated) and cottonseed",SR Legacy
"Shortening cake mix, soybean (hydrogenated) and cottonseed (hydrogenated)",SR Legacy
"Shortening confectionery, coconut (hydrogenated) and or palm kernel (hydrogenated)",SR Legacy
"Shortening frying (heavy duty), beef tallow and cottonseed",SR Legacy
"Shortening frying (heavy duty), palm (hydrogenated)",SR Legacy
"Shortening frying (heavy duty), soybean (hydrogenated), linoleic (less than 1%)",SR Legacy
Shortening household soybean (hydrogenated) and palm,SR Legacy
"Shortening industrial, lard and vegetable oil",SR Legacy
"Shortening industrial, soybean (hydrogenated) and cottonseed",SR Legacy
"Shortening, confectionery, fractionated palm",SR Legacy
"Shortening, household, lard and vegetable oil",SR Legacy
"Shortening, household, soybean (partially hydrogenated)-cottonseed (partially hydrogenated)",SR Legacy
"Shortening, industrial, soy (partially hydrogenated ) and corn for frying",SR Legacy
"Shortening, industrial, soy (partially hydrogenated ) for baking and confections",SR Legacy
"Shortening, industrial, soy (partially hydrogenated), pourable liquid fry shortening",SR Legacy
"Shortening, multipurpose, soybean (hydrogenated) and palm (hydrogenated)",SR Legacy
"Shortening, NS as to vegetable or animal",Survey (FNDDS)
"Shortening, special purpose for baking, soybean (hydrogenated) palm and cottonseed",SR Legacy
"Shortening, special purpose for cakes and frostings, soybean (hydrogenated)",SR Legacy
"Shortening, vegetable, household, composite",SR Legacy
Shrimp and noodles with cheese sauce,Survey (FNDDS)
Shrimp and noodles with cream or white sauce,Survey (FNDDS)
Shrimp and noodles with gravy,Survey (FNDDS)
Shrimp and noodles with mushroom sauce,Survey (FNDDS)
Shrimp and noodles with soy-based sauce,Survey (FNDDS)
Shrimp and noodles with tomato sauce,Survey (FNDDS)
"Shrimp and noodles, no sauce",Survey (FNDDS)
"Shrimp and vegetables excluding carrots, broccoli, and dark-green leafy; no potatoes, no sauce",Survey (FNDDS)
"Shrimp and vegetables excluding carrots, broccoli, and dark-green leafy; no potatoes, soy-based sauce",Survey (FNDDS)
"Shrimp and vegetables in sauce with noodles, diet frozen meal",Survey (FNDDS)
"Shrimp and vegetables including carrots, broccoli, and/or dark-green leafy; no potatoes, no sauce",Survey (FNDDS)
"Shrimp and vegetables including carrots, broccoli, and/or dark-green leafy; no potatoes, soy-based sauce",Survey (FNDDS)
Shrimp chips,Survey (FNDDS)
Shrimp chow mein or chop suey with noodles,Survey (FNDDS)
"Shrimp chow mein or chop suey, no noodles",Survey (FNDDS)
Shrimp cocktail,Survey (FNDDS)
"Shrimp creole, no rice",Survey (FNDDS)
"Shrimp creole, with rice",Survey (FNDDS)
Shrimp egg foo yung,Survey (FNDDS)
"Shrimp garden salad, shrimp, lettuce, eggs, tomato and/or carrots, other vegetables, no dressing",Survey (FNDDS)
"Shrimp garden salad, shrimp, lettuce, eggs, vegetables excluding tomato and carrots, no dressing",Survey (FNDDS)
Shrimp gumbo,Survey (FNDDS)
"Shrimp in garlic sauce, Puerto Rican style",Survey (FNDDS)
Shrimp salad,Survey (FNDDS)
Shrimp scampi,Survey (FNDDS)
"Shrimp shish kabob with vegetables, excluding potatoes",Survey (FNDDS)
Shrimp teriyaki,Survey (FNDDS)
Shrimp toast,Survey (FNDDS)
Shrimp with crab stuffing,Survey (FNDDS)
Shrimp with lobster sauce,Survey (FNDDS)
"Shrimp, baked or broiled",Survey (FNDDS)
"Shrimp, baked or broiled, coated",Survey (FNDDS)
"Shrimp, cake or patty",Survey (FNDDS)
"Shrimp, canned",Survey (FNDDS)
"Shrimp, dried",Survey (FNDDS)
"Shrimp, fried",Survey (FNDDS)
"Shrimp, grilled",Survey (FNDDS)
"Shrimp, NFS",Survey (FNDDS)
"Shrimp, steamed or boiled",Survey (FNDDS)
SILK Banana-Strawberry soy yogurt,SR Legacy
SILK Black Cherry soy yogurt,SR Legacy
SILK Blueberry soy yogurt,SR Legacy
"SILK Chai, soymilk",SR Legacy
"SILK Chocolate, soymilk",SR Legacy
"SILK Coffee, soymilk",SR Legacy
SILK French Vanilla Creamer,SR Legacy
SILK Hazelnut Creamer,SR Legacy
SILK Key Lime soy yogurt,SR Legacy
"SILK Light Chocolate, soymilk",SR Legacy
"SILK Light Plain, soymilk",SR Legacy
"SILK Light Vanilla, soymilk",SR Legacy
"SILK Mocha, soymilk",SR Legacy
"SILK Nog, soymilk",SR Legacy
SILK Original Creamer,SR Legacy
SILK Peach soy yogurt,SR Legacy
SILK Plain soy yogurt,SR Legacy
"SILK Plain, soymilk",SR Legacy
"SILK Plus Fiber, soymilk",SR Legacy
"SILK Plus for Bone Health, soymilk",SR Legacy
"SILK Plus Omega-3 DHA, soymilk",SR Legacy
SILK Raspberry soy yogurt,SR Legacy
SILK Strawberry soy yogurt,SR Legacy
"SILK Unsweetened, soymilk",SR Legacy
SILK Vanilla soy yogurt (family size),SR Legacy
SILK Vanilla soy yogurt (single serving size),SR Legacy
"SILK Vanilla, soymilk",SR Legacy
"SILK Very Vanilla, soymilk",SR Legacy
Simple syrup,Survey (FNDDS)
Singapore Sling,Survey (FNDDS)
Sloe gin fizz,Survey (FNDDS)
"Sloppy joe sandwich, on wheat bun",Survey (FNDDS)
"Sloppy joe sandwich, on white bun",Survey (FNDDS)
"Sloppy joe, no bun",Survey (FNDDS)
Slush frozen drink,Survey (FNDDS)
"Slush frozen drink, no sugar added",Survey (FNDDS)
"SMART SOUP, French Lentil",SR Legacy
"SMART SOUP, Greek Minestrone",SR Legacy
"SMART SOUP, Indian Bean Masala",SR Legacy
"SMART SOUP, Moroccan Chick Pea",SR Legacy
"SMART SOUP, Santa Fe Corn Chowder",SR Legacy
"SMART SOUP, Thai Coconut Curry",SR Legacy
"SMART SOUP, Vietnamese Carrot Lemongrass",SR Legacy
"Smelt, dried (Alaska Native)",SR Legacy
"Snack bar, oatmeal",Survey (FNDDS)
"Snack cake, chocolate",Survey (FNDDS)
"Snack cake, white",Survey (FNDDS)
Snack mix,Survey (FNDDS)
"Snack mix, plain (Chex Mix)",Survey (FNDDS)
"Snack, BALANCE, original bar",SR Legacy
"Snack, Mixed Berry Bar",SR Legacy
"Snack, potato chips, made from dried potatoes, plain",SR Legacy
"Snack, Pretzel, hard chocolate coated",SR Legacy
"Snacks, bagel chips, plain",SR Legacy
"Snacks, banana chips",SR Legacy
"Snacks, beef jerky, chopped and formed",SR Legacy
"Snacks, beef sticks, smoked",SR Legacy
"Snacks, brown rice chips",SR Legacy
"Snacks, candy bits, yogurt covered with vitamin C",SR Legacy
"Snacks, candy rolls, yogurt-covered, fruit flavored with high vitamin C",SR Legacy
"Snacks, CLIF BAR, mixed flavors",SR Legacy
"Snacks, corn cakes",SR Legacy
"Snacks, corn cakes, very low sodium",SR Legacy
"Snacks, corn-based, extruded, chips, barbecue-flavor",SR Legacy
"Snacks, corn-based, extruded, chips, barbecue-flavor, made with enriched masa flour",SR Legacy
"Snacks, corn-based, extruded, chips, plain",SR Legacy
"Snacks, corn-based, extruded, chips, unsalted",SR Legacy
"Snacks, corn-based, extruded, cones, plain",SR Legacy
"Snacks, corn-based, extruded, onion-flavor",SR Legacy
"Snacks, corn-based, extruded, puffs or twists, cheese-flavor",SR Legacy
"Snacks, corn-based, extruded, puffs or twists, cheese-flavor, unenriched",SR Legacy
"Snacks, cornnuts, barbecue-flavor",SR Legacy
"Snacks, crisped rice bar, almond",SR Legacy
"Snacks, crisped rice bar, chocolate chip",SR Legacy
"Snacks, FARLEY CANDY, FARLEY Fruit Snacks, with vitamins A, C, and E",SR Legacy
"Snacks, FRITOLAY, SUNCHIPS, Multigrain Snack, Harvest Cheddar flavor",SR Legacy
"Snacks, FRITOLAY, SUNCHIPS, Multigrain Snack, original flavor",SR Legacy
"Snacks, FRITOLAY, SUNCHIPS, multigrain, French onion flavor",SR Legacy
"Snacks, fruit leather, pieces",SR Legacy
"Snacks, fruit leather, pieces, with vitamin C",SR Legacy
"Snacks, fruit leather, rolls",SR Legacy
"Snacks, GENERAL MILLS, BETTY CROCKER Fruit Roll Ups, berry flavored, with vitamin C",SR Legacy
"Snacks, granola bar, chewy, reduced sugar, all flavors",SR Legacy
"Snacks, granola bar, fruit-filled, nonfat",SR Legacy
"Snacks, granola bar, GENERAL MILLS NATURE VALLEY, SWEET&SALTY NUT, peanut",SR Legacy
"Snacks, granola bar, GENERAL MILLS, NATURE VALLEY, CHEWY TRAIL MIX",SR Legacy
"Snacks, granola bar, GENERAL MILLS, NATURE VALLEY, with yogurt coating",SR Legacy
"Snacks, granola bar, KASHI GOLEAN, chewy, mixed flavors",SR Legacy
"Snacks, granola bar, KASHI GOLEAN, crunchy, mixed flavors",SR Legacy
"Snacks, granola bar, KASHI TLC Bar, chewy, mixed flavors",SR Legacy
"Snacks, granola bar, KASHI TLC Bar, crunchy, mixed flavors",SR Legacy
"Snacks, granola bar, QUAKER, chewy, 90 Calorie Bar",SR Legacy
"Snacks, granola bar, QUAKER, DIPPS, all flavors",SR Legacy
"Snacks, granola bar, with coconut, chocolate coated",SR Legacy
"Snacks, granola bars, hard, almond",SR Legacy
"Snacks, granola bars, hard, chocolate chip",SR Legacy
"Snacks, granola bars, hard, peanut butter",SR Legacy
"Snacks, granola bars, hard, plain",SR Legacy
"Snacks, granola bars, QUAKER OATMEAL TO GO, all flavors",SR Legacy
"Snacks, granola bars, soft, almond, confectioners coating",SR Legacy
"Snacks, granola bars, soft, coated, milk chocolate coating, chocolate chip",SR Legacy
"Snacks, granola bars, soft, coated, milk chocolate coating, peanut butter",SR Legacy
"Snacks, granola bars, soft, uncoated, chocolate chip",SR Legacy
"Snacks, granola bars, soft, uncoated, chocolate chip, graham and marshmallow",SR Legacy
"Snacks, granola bars, soft, uncoated, nut and raisin",SR Legacy
"Snacks, granola bars, soft, uncoated, peanut butter",SR Legacy
"Snacks, granola bars, soft, uncoated, peanut butter and chocolate chip",SR Legacy
"Snacks, granola bars, soft, uncoated, plain",SR Legacy
"Snacks, granola bars, soft, uncoated, raisin",SR Legacy
"Snacks, granola bites, mixed flavors",SR Legacy
"Snacks, KELLOGG, KELLOGG'S Low Fat Granola Bar, Crunchy Almond/Brown Sugar",SR Legacy
"Snacks, KELLOGG, KELLOGG'S RICE KRISPIES TREATS Squares",SR Legacy
"Snacks, KELLOGG, KELLOGG'S, NUTRI-GRAIN Cereal Bars, fruit",SR Legacy
"Snacks, KRAFT, CORNNUTS, plain",SR Legacy
"Snacks, M&M MARS, COMBOS Snacks Cheddar Cheese Pretzel",SR Legacy
"Snacks, M&M MARS, KUDOS Whole Grain Bar, chocolate chip",SR Legacy
"Snacks, M&M MARS, KUDOS Whole Grain Bar, M&M's milk chocolate",SR Legacy
"Snacks, M&M MARS, KUDOS Whole Grain Bars, peanut butter",SR Legacy
"Snacks, NUTRI-GRAIN FRUIT AND NUT BAR",SR Legacy
"Snacks, oriental mix, rice-based",SR Legacy
"Snacks, peas, roasted, wasabi-flavored",SR Legacy
"Snacks, pita chips, salted",SR Legacy
"Snacks, plantain chips, salted",SR Legacy
"Snacks, popcorn, air-popped",SR Legacy
"Snacks, popcorn, air-popped (Unsalted)",SR Legacy
"Snacks, popcorn, cakes",SR Legacy
"Snacks, popcorn, caramel-coated, with peanuts",SR Legacy
"Snacks, popcorn, caramel-coated, without peanuts",SR Legacy
"Snacks, popcorn, cheese-flavor",SR Legacy
"Snacks, popcorn, home-prepared, oil-popped, unsalted",SR Legacy
"Snacks, popcorn, microwave, 94% fat free",SR Legacy
"Snacks, popcorn, microwave, low fat",SR Legacy
"Snacks, popcorn, microwave, regular (butter) flavor, made with partially hydrogenated oil",SR Legacy
"Snacks, popcorn, oil-popped, microwave, regular flavor, no trans fat",SR Legacy
"Snacks, popcorn, oil-popped, white popcorn, salt added",SR Legacy
"Snacks, pork skins, barbecue-flavor",SR Legacy
"Snacks, pork skins, plain",SR Legacy
"Snacks, potato chips, barbecue-flavor",SR Legacy
"Snacks, potato chips, cheese-flavor",SR Legacy
"Snacks, potato chips, fat free, salted",SR Legacy
"Snacks, potato chips, fat-free, made with olestra",SR Legacy
"Snacks, potato chips, lightly salted",SR Legacy
"Snacks, potato chips, made from dried potatoes (preformed), multigrain",SR Legacy
"Snacks, potato chips, made from dried potatoes, cheese-flavor",SR Legacy
"Snacks, potato chips, made from dried potatoes, fat-free, made with olestra",SR Legacy
"Snacks, potato chips, made from dried potatoes, reduced fat",SR Legacy
"Snacks, potato chips, made from dried potatoes, sour-cream and onion-flavor",SR Legacy
"Snacks, potato chips, plain, made with partially hydrogenated soybean oil, salted",SR Legacy
"Snacks, potato chips, plain, made with partially hydrogenated soybean oil, unsalted",SR Legacy
"Snacks, potato chips, plain, salted",SR Legacy
"Snacks, potato chips, plain, unsalted",SR Legacy
"Snacks, potato chips, reduced fat",SR Legacy
"Snacks, potato chips, sour-cream-and-onion-flavor",SR Legacy
"Snacks, potato chips, white, restructured, baked",SR Legacy
"Snacks, potato sticks",SR Legacy
"Snacks, Pretzels, gluten- free made with cornstarch and potato flour",SR Legacy
"Snacks, pretzels, hard, confectioner's coating, chocolate-flavor",SR Legacy
"Snacks, pretzels, hard, plain, made with enriched flour, unsalted",SR Legacy
"Snacks, pretzels, hard, plain, made with unenriched flour, salted",SR Legacy
"Snacks, pretzels, hard, plain, made with unenriched flour, unsalted",SR Legacy
"Snacks, pretzels, hard, plain, salted",SR Legacy
"Snacks, pretzels, hard, whole-wheat including both salted and unsalted",SR Legacy
"Snacks, rice cakes, brown rice, buckwheat",SR Legacy
"Snacks, rice cakes, brown rice, buckwheat, unsalted",SR Legacy
"Snacks, rice cakes, brown rice, corn",SR Legacy
"Snacks, rice cakes, brown rice, multigrain",SR Legacy
"Snacks, rice cakes, brown rice, multigrain, unsalted",SR Legacy
"Snacks, rice cakes, brown rice, plain, unsalted",SR Legacy
"Snacks, rice cakes, brown rice, rye",SR Legacy
"Snacks, rice cakes, brown rice, sesame seed",SR Legacy
"Snacks, rice cakes, brown rice, sesame seed, unsalted",SR Legacy
"Snacks, rice cracker brown rice, plain",SR Legacy
"Snacks, sesame sticks, wheat-based, salted",SR Legacy
"Snacks, sesame sticks, wheat-based, unsalted",SR Legacy
"Snacks, shrimp cracker",SR Legacy
"Snacks, soy chips or crisps, salted",SR Legacy
"Snacks, SUNKIST, SUNKIST Fruit Roll, strawberry, with vitamins A, C, and E",SR Legacy
"Snacks, sweet potato chips, unsalted",SR Legacy
"Snacks, taro chips",SR Legacy
"Snacks, tortilla chips, light (baked with less oil)",SR Legacy
"Snacks, tortilla chips, low fat, made with olestra, nacho cheese",SR Legacy
"Snacks, tortilla chips, low fat, unsalted",SR Legacy
"Snacks, tortilla chips, nacho cheese",SR Legacy
"Snacks, tortilla chips, nacho-flavor, made with enriched masa flour",SR Legacy
"Snacks, tortilla chips, nacho-flavor, reduced fat",SR Legacy
"Snacks, tortilla chips, plain, white corn, salted",SR Legacy
"Snacks, tortilla chips, ranch-flavor",SR Legacy
"Snacks, tortilla chips, taco-flavor",SR Legacy
"Snacks, tortilla chips, unsalted, white corn",SR Legacy
"Snacks, trail mix, regular",SR Legacy
"Snacks, trail mix, regular, unsalted",SR Legacy
"Snacks, trail mix, regular, with chocolate chips, salted nuts and seeds",SR Legacy
"Snacks, trail mix, regular, with chocolate chips, unsalted nuts and seeds",SR Legacy
"Snacks, trail mix, tropical",SR Legacy
"Snacks, vegetable chips, HAIN CELESTIAL GROUP, TERRA CHIPS",SR Legacy
"Snacks, vegetable chips, made from garden vegetables",SR Legacy
"Snacks, yucca (cassava) chips, salted",SR Legacy
Snow cone,Survey (FNDDS)
"Snow cone, no sugar added",Survey (FNDDS)
"Snowpeas, fresh, cooked, fat added",Survey (FNDDS)
"Snowpeas, fresh, cooked, no added fat",Survey (FNDDS)
"Snowpeas, frozen, cooked, fat added",Survey (FNDDS)
"Snowpeas, frozen, cooked, no added fat",Survey (FNDDS)
"Snowpeas, NS as to form, cooked",Survey (FNDDS)
"Snowpeas, raw",Survey (FNDDS)
"Soft drink, chocolate flavored",Survey (FNDDS)
"Soft drink, chocolate flavored, diet",Survey (FNDDS)
"Soft drink, cola",Survey (FNDDS)
"Soft drink, cola, chocolate flavored",Survey (FNDDS)
"Soft drink, cola, chocolate flavored, diet",Survey (FNDDS)
"Soft drink, cola, decaffeinated",Survey (FNDDS)
"Soft drink, cola, decaffeinated, diet",Survey (FNDDS)
"Soft drink, cola, diet",Survey (FNDDS)
"Soft drink, cola, fruit or vanilla flavored",Survey (FNDDS)
"Soft drink, cola, fruit or vanilla flavored, diet",Survey (FNDDS)
"Soft drink, cream soda",Survey (FNDDS)
"Soft drink, cream soda, diet",Survey (FNDDS)
"Soft drink, fruit flavored, caffeine containing",Survey (FNDDS)
"Soft drink, fruit flavored, caffeine containing, diet",Survey (FNDDS)
"Soft drink, fruit flavored, caffeine free",Survey (FNDDS)
"Soft drink, fruit flavored, diet, caffeine free",Survey (FNDDS)
"Soft drink, ginger ale",Survey (FNDDS)
"Soft drink, ginger ale, diet",Survey (FNDDS)
"Soft drink, NFS",Survey (FNDDS)
"Soft drink, NFS, diet",Survey (FNDDS)
"Soft drink, pepper type",Survey (FNDDS)
"Soft drink, pepper type, decaffeinated",Survey (FNDDS)
"Soft drink, pepper type, decaffeinated, diet",Survey (FNDDS)
"Soft drink, pepper type, diet",Survey (FNDDS)
"Soft drink, root beer",Survey (FNDDS)
"Soft drink, root beer, diet",Survey (FNDDS)
"Soft serve, blended with candy or cookies, from fast food",Survey (FNDDS)
Sopaipilla with syrup or honey,Survey (FNDDS)
"Sopaipilla, without syrup or honey",Survey (FNDDS)
Sorbet,Survey (FNDDS)
"Sorghum bran, white, unenriched, dry, raw",Foundation
"Sorghum flour, refined, unenriched",SR Legacy
"Sorghum flour, white, pearled, unenriched, dry, raw",Foundation
"Sorghum flour, whole-grain",SR Legacy
Sorghum grain,SR Legacy
"Sorghum grain, white, pearled, unenriched, dry, raw",Foundation
"Sorghum, whole grain, white, dry, raw",Foundation
"Soup, barley",Survey (FNDDS)
"Soup, bean",Survey (FNDDS)
"Soup, bean & ham, canned, reduced sodium, prepared with water or ready-to-serve",SR Legacy
"Soup, bean with bacon, condensed, single brand",SR Legacy
"Soup, bean with frankfurters, canned, condensed",SR Legacy
"Soup, bean with frankfurters, canned, prepared with equal volume water",SR Legacy
"Soup, bean with ham, canned, chunky, ready-to-serve",SR Legacy
"Soup, bean with pork, canned, condensed",SR Legacy
"Soup, bean with pork, canned, prepared with equal volume water",SR Legacy
"Soup, bean, canned",Survey (FNDDS)
"Soup, bean, canned, reduced sodium",Survey (FNDDS)
"Soup, bean, with meat",Survey (FNDDS)
"Soup, beef",Survey (FNDDS)
"Soup, beef and mushroom, low sodium, chunk style",SR Legacy
"Soup, beef and vegetables, canned, ready-to-serve",SR Legacy
"Soup, beef and vegetables, reduced sodium, canned, ready-to-serve",SR Legacy
"Soup, beef barley, ready to serve",SR Legacy
"Soup, beef broth bouillon and consomme, canned, condensed",SR Legacy
"Soup, beef broth or bouillon canned, ready-to-serve",SR Legacy
"Soup, beef broth or bouillon, powder, dry",SR Legacy
"Soup, beef broth or bouillon, powder, prepared with water",SR Legacy
"Soup, beef broth, bouillon, consomme, prepared with equal volume water",SR Legacy
"Soup, beef broth, cubed, dry",SR Legacy
"Soup, beef broth, cubed, prepared with water",SR Legacy
"Soup, beef broth, less/reduced sodium, ready to serve",SR Legacy
"Soup, beef mushroom, canned, condensed",SR Legacy
"Soup, beef mushroom, canned, prepared with equal volume water",SR Legacy
"Soup, beef noodle, canned, condensed",SR Legacy
"Soup, beef noodle, canned, prepared with equal volume water",SR Legacy
"Soup, beef stroganoff, canned, chunky style, ready-to-serve",SR Legacy
"Soup, beef, canned",Survey (FNDDS)
"Soup, bisque",Survey (FNDDS)
"Soup, black bean, canned, condensed",SR Legacy
"Soup, black bean, canned, prepared with equal volume water",SR Legacy
"Soup, borscht",Survey (FNDDS)
"Soup, bouillabaisse",Survey (FNDDS)
"Soup, bouillon cubes and granules, low sodium, dry",SR Legacy
"Soup, broccoli cheese",Survey (FNDDS)
"Soup, broccoli cheese, canned, condensed, commercial",SR Legacy
"Soup, broth",Survey (FNDDS)
"Soup, cheese, canned, condensed",SR Legacy
"Soup, cheese, canned, prepared with equal volume milk",SR Legacy
"Soup, cheese, canned, prepared with equal volume water",SR Legacy
"Soup, chicken",Survey (FNDDS)
"Soup, chicken and vegetable, canned, ready-to-serve",SR Legacy
"Soup, chicken broth cubes, dry",SR Legacy
"Soup, chicken broth cubes, dry, prepared with water",SR Legacy
"Soup, chicken broth or bouillon, dry",SR Legacy
"Soup, chicken broth or bouillon, dry, prepared with water",SR Legacy
"Soup, chicken broth, canned, condensed",SR Legacy
"Soup, chicken broth, canned, prepared with equal volume water",SR Legacy
"Soup, chicken broth, less/reduced sodium, ready to serve",SR Legacy
"Soup, chicken broth, low sodium, canned",SR Legacy
"Soup, chicken broth, ready-to-serve",SR Legacy
"Soup, chicken corn chowder, chunky, ready-to-serve, single brand",SR Legacy
"Soup, chicken gumbo, canned, condensed",SR Legacy
"Soup, chicken gumbo, canned, prepared with equal volume water",SR Legacy
"Soup, chicken mushroom, canned, condensed",SR Legacy
"Soup, chicken mushroom, canned, prepared with equal volume water",SR Legacy
"Soup, chicken noodle",Survey (FNDDS)
"Soup, chicken noodle, canned",Survey (FNDDS)
"Soup, chicken noodle, canned, condensed",SR Legacy
"Soup, chicken noodle, canned, prepared with equal volume water",SR Legacy
"Soup, chicken noodle, dry, mix",SR Legacy
"Soup, chicken noodle, dry, mix, prepared with water",SR Legacy
"Soup, chicken noodle, low sodium, canned, prepared with equal volume water",SR Legacy
"Soup, chicken noodle, reduced sodium, canned, ready-to-serve",SR Legacy
"Soup, chicken rice, canned, chunky, ready-to-serve",SR Legacy
"Soup, chicken vegetable with potato and cheese, chunky, ready-to-serve",SR Legacy
"Soup, chicken vegetable, canned, condensed",SR Legacy
"Soup, chicken with rice, canned, condensed",SR Legacy
"Soup, chicken with rice, canned, prepared with equal volume water",SR Legacy
"Soup, chicken, canned",Survey (FNDDS)
"Soup, chicken, canned, chunky, ready-to-serve",SR Legacy
"Soup, chicken, canned, reduced sodium",Survey (FNDDS)
"Soup, chili beef, canned, condensed",SR Legacy
"Soup, chili beef, canned, prepared with equal volume water",SR Legacy
"Soup, chunky beef, canned, ready-to-serve",SR Legacy
"Soup, chunky chicken noodle, canned, ready-to-serve",SR Legacy
"Soup, chunky vegetable, canned, ready-to-serve",SR Legacy
"Soup, chunky vegetable, reduced sodium, canned, ready-to-serve",SR Legacy
"Soup, clam chowder, manhattan style, canned, chunky, ready-to-serve",SR Legacy
"Soup, clam chowder, manhattan, canned, condensed",SR Legacy
"Soup, clam chowder, manhattan, canned, prepared with equal volume water",SR Legacy
"Soup, clam chowder, new england, canned, condensed",SR Legacy
"Soup, clam chowder, new england, canned, prepared with equal volume low fat (2%) milk",SR Legacy
"Soup, clam chowder, new england, canned, prepared with equal volume water",SR Legacy
"Soup, clam chowder, new england, canned, ready-to-serve",SR Legacy
"Soup, clam chowder, new england, reduced sodium, canned, ready-to-serve",SR Legacy
"Soup, cream of asparagus, canned, condensed",SR Legacy
"Soup, cream of asparagus, canned, prepared with equal volume milk",SR Legacy
"Soup, cream of asparagus, canned, prepared with equal volume water",SR Legacy
"Soup, cream of celery, canned, condensed",SR Legacy
"Soup, cream of celery, canned, prepared with equal volume milk",SR Legacy
"Soup, cream of celery, canned, prepared with equal volume water",SR Legacy
"Soup, cream of chicken",Survey (FNDDS)
"Soup, cream of chicken, canned, condensed",SR Legacy
"Soup, cream of chicken, canned, condensed, reduced sodium",SR Legacy
"Soup, cream of chicken, canned, prepared with equal volume milk",SR Legacy
"Soup, cream of chicken, canned, prepared with equal volume water",SR Legacy
"Soup, cream of chicken, dry, mix, prepared with water",SR Legacy
"Soup, cream of mushroom",Survey (FNDDS)
"Soup, cream of mushroom, canned, condensed",SR Legacy
"Soup, cream of mushroom, canned, condensed, reduced sodium",SR Legacy
"Soup, cream of mushroom, canned, prepared with equal volume low fat (2%) milk",SR Legacy
"Soup, cream of mushroom, canned, prepared with equal volume water",SR Legacy
"Soup, cream of mushroom, low sodium, ready-to-serve, canned",SR Legacy
"Soup, cream of onion, canned, condensed",SR Legacy
"Soup, cream of onion, canned, prepared with equal volume milk",SR Legacy
"Soup, cream of onion, canned, prepared with equal volume water",SR Legacy
"Soup, cream of potato, canned, condensed",SR Legacy
"Soup, cream of potato, canned, prepared with equal volume milk",SR Legacy
"Soup, cream of potato, canned, prepared with equal volume water",SR Legacy
"Soup, cream of shrimp, canned, condensed",SR Legacy
"Soup, cream of shrimp, canned, prepared with equal volume low fat (2%) milk",SR Legacy
"Soup, cream of shrimp, canned, prepared with equal volume water",SR Legacy
"Soup, cream of tomato",Survey (FNDDS)
"Soup, cream of vegetable",Survey (FNDDS)
"Soup, cream of vegetable, dry, powder",SR Legacy
"Soup, egg drop",Survey (FNDDS)
"Soup, egg drop, Chinese restaurant",SR Legacy
"Soup, fish or shrimp",Survey (FNDDS)
"Soup, fish, homemade (Alaska Native)",SR Legacy
"Soup, French onion",Survey (FNDDS)
"Soup, fruit",Survey (FNDDS)
"Soup, gazpacho",Survey (FNDDS)
"Soup, HEALTHY CHOICE Chicken and Rice Soup, canned",SR Legacy
"Soup, HEALTHY CHOICE Chicken Noodle Soup, canned",SR Legacy
"Soup, HEALTHY CHOICE Garden Vegetable Soup, canned",SR Legacy
"Soup, hot and sour",Survey (FNDDS)
"Soup, hot and sour, Chinese restaurant",SR Legacy
"Soup, Italian wedding",Survey (FNDDS)
"Soup, lentil",Survey (FNDDS)
"Soup, lentil with ham, canned, ready-to-serve",SR Legacy
"Soup, lentil, canned",Survey (FNDDS)
"Soup, lentil, canned, reduced sodium",Survey (FNDDS)
"Soup, lentil, with meat",Survey (FNDDS)
"Soup, Manhattan clam chowder",Survey (FNDDS)
"Soup, Matzo ball",Survey (FNDDS)
"Soup, meatball",Survey (FNDDS)
"Soup, minestrone",Survey (FNDDS)
"Soup, minestrone, canned, chunky, ready-to-serve",SR Legacy
"Soup, minestrone, canned, condensed",SR Legacy
"Soup, minestrone, canned, prepared with equal volume water",SR Legacy
"Soup, minestrone, canned, reduced sodium, ready-to-serve",SR Legacy
"Soup, miso or tofu",Survey (FNDDS)
"Soup, mulligatawany",Survey (FNDDS)
"Soup, mushroom barley, canned, condensed",SR Legacy
"Soup, mushroom barley, canned, prepared with equal volume water",SR Legacy
"Soup, mushroom with beef stock, canned, condensed",SR Legacy
"Soup, mushroom with beef stock, canned, prepared with equal volume water",SR Legacy
"Soup, New England clam chowder",Survey (FNDDS)
"Soup, NFS",Survey (FNDDS)
"Soup, noodle, NFS",Survey (FNDDS)
"Soup, onion, canned, condensed",SR Legacy
"Soup, onion, dry, mix",SR Legacy
"Soup, onion, dry, mix, prepared with water",SR Legacy
"Soup, oyster stew, canned, condensed",SR Legacy
"Soup, oyster stew, canned, prepared with equal volume milk",SR Legacy
"Soup, oyster stew, canned, prepared with equal volume water",SR Legacy
"Soup, pea, green, canned, condensed",SR Legacy
"Soup, pea, green, canned, prepared with equal volume milk",SR Legacy
"Soup, pea, green, canned, prepared with equal volume water",SR Legacy
"Soup, pea, low sodium, prepared with equal volume water",SR Legacy
"Soup, pea, split with ham, canned, chunky, ready-to-serve",SR Legacy
"Soup, pea, split with ham, canned, condensed",SR Legacy
"Soup, pea, split with ham, canned, prepared with equal volume water",SR Legacy
"Soup, peanut",Survey (FNDDS)
"Soup, pepperpot",Survey (FNDDS)
"Soup, pho, no meat",Survey (FNDDS)
"Soup, pho, with meat",Survey (FNDDS)
"Soup, pork or ham",Survey (FNDDS)
"Soup, potato",Survey (FNDDS)
"Soup, potato with meat",Survey (FNDDS)
"Soup, pozole",Survey (FNDDS)
"Soup, pumpkin",Survey (FNDDS)
"Soup, ramen noodle, any flavor, dry",SR Legacy
"Soup, ramen noodle, beef flavor, dry",SR Legacy
"Soup, ramen noodle, chicken flavor, dry",SR Legacy
"Soup, ramen noodle, dry, any flavor, reduced fat, reduced sodium",SR Legacy
"Soup, ramen noodles, water added",Survey (FNDDS)
"Soup, rice",Survey (FNDDS)
"Soup, seaweed",Survey (FNDDS)
"Soup, shark fin, restaurant-prepared",SR Legacy
"Soup, sopa de fideo aguada",Survey (FNDDS)
"Soup, sopa or caldo de pollo",Survey (FNDDS)
"Soup, sopa or caldo de res",Survey (FNDDS)
"Soup, split pea",Survey (FNDDS)
"Soup, split pea, with meat",Survey (FNDDS)
"Soup, stock, beef, home-prepared",SR Legacy
"Soup, stock, chicken, home-prepared",SR Legacy
"Soup, stock, fish, home-prepared",SR Legacy
"Soup, SWANSON, beef broth, lower sodium",SR Legacy
"Soup, SWANSON, vegetable broth",SR Legacy
"Soup, tomato",Survey (FNDDS)
"Soup, tomato beef with noodle, canned, condensed",SR Legacy
"Soup, tomato beef with noodle, canned, prepared with equal volume water",SR Legacy
"Soup, tomato bisque, canned, condensed",SR Legacy
"Soup, tomato bisque, canned, prepared with equal volume milk",SR Legacy
"Soup, tomato bisque, canned, prepared with equal volume water",SR Legacy
"Soup, tomato rice, canned, condensed",SR Legacy
"Soup, tomato rice, canned, prepared with equal volume water",SR Legacy
"Soup, tomato, canned",Survey (FNDDS)
"Soup, tomato, canned / carton, reduced sodium",Survey (FNDDS)
"Soup, tomato, canned, condensed",SR Legacy
"Soup, tomato, canned, condensed, reduced sodium",SR Legacy
"Soup, tomato, canned, prepared with equal volume low fat (2%) milk",SR Legacy
"Soup, tomato, canned, prepared with equal volume water, commercial",SR Legacy
"Soup, tomato, dry, mix, prepared with water",SR Legacy
"Soup, tomato, low sodium, with water",SR Legacy
"Soup, tortilla",Survey (FNDDS)
"Soup, turkey noodle, canned, prepared with equal volume water",SR Legacy
"Soup, turkey vegetable, canned, prepared with equal volume water",SR Legacy
"Soup, turkey, chunky, canned, ready-to-serve",SR Legacy
"Soup, vegetable",Survey (FNDDS)
"Soup, vegetable beef, canned, condensed",SR Legacy
"Soup, vegetable beef, canned, prepared with equal volume water",SR Legacy
"Soup, vegetable beef, microwavable, ready-to-serve, single brand",SR Legacy
"Soup, vegetable broth, ready to serve",SR Legacy
"Soup, vegetable chicken, canned, prepared with water, low sodium",SR Legacy
"Soup, vegetable soup, condensed, low sodium, prepared with equal volume water",SR Legacy
"Soup, vegetable with beef broth, canned, condensed",SR Legacy
"Soup, vegetable with beef broth, canned, prepared with equal volume water",SR Legacy
"Soup, vegetable, canned",Survey (FNDDS)
"Soup, vegetable, canned, low sodium, condensed",SR Legacy
"Soup, vegetable, canned, reduced sodium",Survey (FNDDS)
"Soup, vegetable, with meat",Survey (FNDDS)
"Soup, vegetarian vegetable, canned, condensed",SR Legacy
"Soup, vegetarian vegetable, canned, prepared with equal volume water",SR Legacy
"Soup, wonton",Survey (FNDDS)
"Soup, wonton, Chinese restaurant",SR Legacy
"Soupy rice mixture with chicken and potatoes, Puerto Rican style",Survey (FNDDS)
"Soupy rice with chicken, Puerto Rican style",Survey (FNDDS)
"Sour cream, fat free",Survey (FNDDS)
"Sour cream, fat free",SR Legacy
"Sour cream, imitation",Survey (FNDDS)
"Sour cream, imitation, cultured",SR Legacy
"Sour cream, light",Survey (FNDDS)
"Sour cream, light",SR Legacy
"Sour cream, reduced fat",SR Legacy
"Sour cream, regular",Survey (FNDDS)
"Sour dressing, non-butterfat, cultured, filled cream-type",SR Legacy
"Sourdock, young leaves (Alaska Native)",SR Legacy
"Soursop, nectar",Survey (FNDDS)
"Soursop, raw",SR Legacy
"Soy based sauce, for use with vegetables",Survey (FNDDS)
Soy chips,Survey (FNDDS)
"Soy flour, defatted",SR Legacy
"Soy flour, full-fat, raw",SR Legacy
"Soy flour, full-fat, roasted",SR Legacy
"Soy flour, low-fat",SR Legacy
"Soy meal, defatted, raw",SR Legacy
"Soy milk, chocolate",Survey (FNDDS)
"Soy milk, sweetened",Survey (FNDDS)
"Soy milk, sweetened, plain, refrigerated",Foundation
"Soy milk, unsweetened",Survey (FNDDS)
"Soy milk, unsweetened, plain, shelf stable",Foundation
Soy nut butter,Survey (FNDDS)
Soy nuts,Survey (FNDDS)
"Soy protein concentrate, produced by acid wash",SR Legacy
"Soy protein concentrate, produced by alcohol extraction",SR Legacy
Soy protein isolate,SR Legacy
"Soy protein isolate, potassium type",SR Legacy
Soy sauce,Survey (FNDDS)
Soy sauce made from hydrolyzed vegetable protein,SR Legacy
Soy sauce made from soy (tamari),SR Legacy
Soy sauce made from soy and wheat (shoyu),SR Legacy
"Soy sauce made from soy and wheat (shoyu), low sodium",SR Legacy
"Soy sauce, reduced sodium",Survey (FNDDS)
"Soy sauce, reduced sodium, made from hydrolyzed vegetable protein",SR Legacy
Soybean curd,Survey (FNDDS)
Soybean curd cheese,Survey (FNDDS)
"Soybean curd, breaded, fried",Survey (FNDDS)
"Soybean curd, deep fried",Survey (FNDDS)
Soybean oil,Survey (FNDDS)
"Soybean, curd cheese",SR Legacy
"Soybeans, cooked",Survey (FNDDS)
"Soybeans, green, cooked, boiled, drained, with salt",SR Legacy
"Soybeans, green, cooked, boiled, drained, without salt",SR Legacy
"Soybeans, green, raw",SR Legacy
"Soybeans, mature cooked, boiled, without salt",SR Legacy
"Soybeans, mature seeds, cooked, boiled, with salt",SR Legacy
"Soybeans, mature seeds, dry roasted",SR Legacy
"Soybeans, mature seeds, raw",SR Legacy
"Soybeans, mature seeds, roasted, no salt added",SR Legacy
"Soybeans, mature seeds, roasted, salted",SR Legacy
"Soybeans, mature seeds, sprouted, cooked, steamed",SR Legacy
"Soybeans, mature seeds, sprouted, cooked, steamed, with salt",SR Legacy
"Soybeans, mature seeds, sprouted, cooked, stir-fried",SR Legacy
"Soybeans, mature seeds, sprouted, cooked, stir-fried, with salt",SR Legacy
"Soybeans, mature seeds, sprouted, raw",SR Legacy
"Soymilk (All flavors), enhanced",SR Legacy
"Soymilk (All flavors), lowfat, with added calcium, vitamins A and D",SR Legacy
"Soymilk (all flavors), nonfat, with added calcium, vitamins A and D",SR Legacy
"Soymilk (all flavors), unsweetened, with added calcium, vitamins A and D",SR Legacy
"Soymilk, chocolate and other flavors, light, with added calcium, vitamins A and D",SR Legacy
"Soymilk, chocolate, nonfat, with added calcium, vitamins A and D",SR Legacy
"Soymilk, chocolate, unfortified",SR Legacy
"Soymilk, chocolate, with added calcium, vitamins A and D",SR Legacy
"Soymilk, original and vanilla, light, unsweetened, with added calcium, vitamins A and D",SR Legacy
"Soymilk, original and vanilla, light, with added calcium, vitamins A and D",SR Legacy
"Soymilk, original and vanilla, unfortified",SR Legacy
"Soymilk, original and vanilla, with added calcium, vitamins A and D",SR Legacy
"Spaghetti and meatballs dinner, NFS, frozen meal",Survey (FNDDS)
Spaghetti sauce,Survey (FNDDS)
Spaghetti sauce with added vegetables,Survey (FNDDS)
Spaghetti sauce with meat,Survey (FNDDS)
Spaghetti sauce with meat and added vegetables,Survey (FNDDS)
Spaghetti sauce with poultry,Survey (FNDDS)
Spaghetti sauce with poultry and added vegetables,Survey (FNDDS)
Spaghetti sauce with seafood,Survey (FNDDS)
Spaghetti sauce with seafood and added vegetables,Survey (FNDDS)
"Spaghetti sauce, fat free",Survey (FNDDS)
"Spaghetti sauce, reduced sodium",Survey (FNDDS)
"Spaghetti squash, cooked",Survey (FNDDS)
"Spaghetti with meat sauce, diet frozen meal",Survey (FNDDS)
"Spaghetti with meat sauce, frozen entree",SR Legacy
"Spaghetti, protein-fortified, cooked, enriched (n x 6.25)",SR Legacy
"Spaghetti, protein-fortified, dry, enriched (n x 6.25)",SR Legacy
"Spaghetti, spinach, cooked",SR Legacy
"Spaghetti, spinach, dry",SR Legacy
"Spaghetti, with meatballs in tomato sauce, canned",SR Legacy
Spam,Survey (FNDDS)
Spam sandwich,Survey (FNDDS)
"Spam, reduced sodium",Survey (FNDDS)
Spanakopita,Survey (FNDDS)
"Spanish rice mix, dry mix, prepared (with canola/vegetable oil blend or diced tomatoes and margarine)",SR Legacy
"Spanish rice mix, dry mix, unprepared",SR Legacy
Spanish rice with ground beef,Survey (FNDDS)
"Spanish rice, fat added",Survey (FNDDS)
"Spanish rice, from restaurant",Survey (FNDDS)
"Spanish rice, no added fat",Survey (FNDDS)
"Spanish rice, NS as to fat",Survey (FNDDS)
"Spearmint, dried",SR Legacy
"Spearmint, fresh",SR Legacy
"Spelt, cooked",SR Legacy
"Spelt, uncooked",SR Legacy
"Spices, allspice, ground",SR Legacy
"Spices, anise seed",SR Legacy
"Spices, basil, dried",SR Legacy
"Spices, bay leaf",SR Legacy
"Spices, caraway seed",SR Legacy
"Spices, cardamom",SR Legacy
"Spices, celery seed",SR Legacy
"Spices, chervil, dried",SR Legacy
"Spices, chili powder",SR Legacy
"Spices, cinnamon, ground",SR Legacy
"Spices, cloves, ground",SR Legacy
"Spices, coriander leaf, dried",SR Legacy
"Spices, coriander seed",SR Legacy
"Spices, cumin seed",SR Legacy
"Spices, curry powder",SR Legacy
"Spices, dill seed",SR Legacy
"Spices, dill weed, dried",SR Legacy
"Spices, fennel seed",SR Legacy
"Spices, fenugreek seed",SR Legacy
"Spices, garlic powder",SR Legacy
"Spices, ginger, ground",SR Legacy
"Spices, mace, ground",SR Legacy
"Spices, marjoram, dried",SR Legacy
"Spices, mustard seed, ground",SR Legacy
"Spices, nutmeg, ground",SR Legacy
"Spices, onion powder",SR Legacy
"Spices, oregano, dried",SR Legacy
"Spices, paprika",SR Legacy
"Spices, parsley, dried",SR Legacy
"Spices, pepper, black",SR Legacy
"Spices, pepper, red or cayenne",SR Legacy
"Spices, pepper, white",SR Legacy
"Spices, poppy seed",SR Legacy
"Spices, poultry seasoning",SR Legacy
"Spices, pumpkin pie spice",SR Legacy
"Spices, rosemary, dried",SR Legacy
"Spices, saffron",SR Legacy
"Spices, sage, ground",SR Legacy
"Spices, savory, ground",SR Legacy
"Spices, tarragon, dried",SR Legacy
"Spices, thyme, dried",SR Legacy
"Spices, turmeric, ground",SR Legacy
Spinach and artichoke dip,Survey (FNDDS)
Spinach and cheese casserole,Survey (FNDDS)
"Spinach dip, light",Survey (FNDDS)
"Spinach dip, regular",Survey (FNDDS)
"Spinach dip, yogurt based",Survey (FNDDS)
"Spinach quiche, meatless",Survey (FNDDS)
"Spinach salad, no dressing",Survey (FNDDS)
Spinach souffle,Survey (FNDDS)
Spinach souffle,SR Legacy
"Spinach, baby",Foundation
"Spinach, canned, cooked with butter or margarine",Survey (FNDDS)
"Spinach, canned, cooked with oil",Survey (FNDDS)
"Spinach, canned, cooked, fat added, NS as to fat type",Survey (FNDDS)
"Spinach, canned, cooked, no added fat",Survey (FNDDS)
"Spinach, canned, no salt added, solids and liquids",SR Legacy
"Spinach, canned, regular pack, drained solids",SR Legacy
"Spinach, canned, regular pack, solids and liquids",SR Legacy
"Spinach, cooked, as ingredient",Survey (FNDDS)
"Spinach, cooked, boiled, drained, with salt",SR Legacy
"Spinach, cooked, boiled, drained, without salt",SR Legacy
"Spinach, creamed",Survey (FNDDS)
"Spinach, for use on a sandwich",Survey (FNDDS)
"Spinach, fresh, cooked with butter or margarine",Survey (FNDDS)
"Spinach, fresh, cooked with oil",Survey (FNDDS)
"Spinach, fresh, cooked, fat added, NS as to fat type",Survey (FNDDS)
"Spinach, fresh, cooked, no added fat",Survey (FNDDS)
"Spinach, frozen, chopped or leaf, cooked, boiled, drained, with salt",SR Legacy
"Spinach, frozen, chopped or leaf, cooked, boiled, drained, without salt",SR Legacy
"Spinach, frozen, chopped or leaf, unprepared (Includes foods for USDA's Food Distribution Program)",SR Legacy
"Spinach, frozen, cooked with butter or margarine",Survey (FNDDS)
"Spinach, frozen, cooked with oil",Survey (FNDDS)
"Spinach, frozen, cooked, fat added, NS as to fat type",Survey (FNDDS)
"Spinach, frozen, cooked, no added fat",Survey (FNDDS)
"Spinach, mature",Foundation
"Spinach, NS as to form, cooked",Survey (FNDDS)
"Spinach, raw",Survey (FNDDS)
"Spinach, raw",SR Legacy
"Split pea soup, canned, reduced sodium, prepared with water or ready-to serve",SR Legacy
"Split pea with ham soup, canned, reduced sodium, prepared with water or ready-to-serve",SR Legacy
"Split peas, from dried, fat added",Survey (FNDDS)
"Split peas, from dried, no added fat",Survey (FNDDS)
Spoonbread,Survey (FNDDS)
Sports drink (Gatorade G),Survey (FNDDS)
Sports drink (Powerade),Survey (FNDDS)
"Sports drink, dry concentrate, not reconstituted",Survey (FNDDS)
"Sports drink, low calorie",Survey (FNDDS)
"Sports drink, low calorie (Gatorade G2)",Survey (FNDDS)
"Sports drink, low calorie (Powerade Zero)",Survey (FNDDS)
"Sports drink, NFS",Survey (FNDDS)
"Sprouts, NFS",Survey (FNDDS)
"Squab, (pigeon), light meat without skin, raw",SR Legacy
"Squab, (pigeon), meat and skin, raw",SR Legacy
"Squab, (pigeon), meat only, raw",SR Legacy
"Squash, Indian, cooked, boiled (Navajo)",SR Legacy
"Squash, Indian, raw (Navajo)",SR Legacy
"Squash, pie pumpkin, peeled, seeded, raw",Foundation
"Squash, spaghetti, peeled, seeded, raw",Foundation
"Squash, summer, all varieties, cooked, boiled, drained, with salt",SR Legacy
"Squash, summer, all varieties, cooked, boiled, drained, without salt",SR Legacy
"Squash, summer, all varieties, raw",SR Legacy
"Squash, summer, casserole with tomato and cheese",Survey (FNDDS)
"Squash, summer, casserole, with cheese sauce",Survey (FNDDS)
"Squash, summer, casserole, with rice and tomato sauce",Survey (FNDDS)
"Squash, summer, crookneck and straightneck, canned, drained, solid, without salt",SR Legacy
"Squash, summer, crookneck and straightneck, cooked, boiled, drained, with salt",SR Legacy
"Squash, summer, crookneck and straightneck, cooked, boiled, drained, without salt",SR Legacy
"Squash, summer, crookneck and straightneck, frozen, cooked, boiled, drained, with salt",SR Legacy
"Squash, summer, crookneck and straightneck, frozen, cooked, boiled, drained, without salt",SR Legacy
"Squash, summer, crookneck and straightneck, frozen, unprepared",SR Legacy
"Squash, summer, crookneck and straightneck, raw",SR Legacy
"Squash, summer, green, zucchini, includes skin, raw",Foundation
"Squash, summer, scallop, cooked, boiled, drained, with salt",SR Legacy
"Squash, summer, scallop, cooked, boiled, drained, without salt",SR Legacy
"Squash, summer, scallop, raw",SR Legacy
"Squash, summer, souffle",Survey (FNDDS)
"Squash, summer, yellow, includes skin, raw",Foundation
"Squash, summer, zucchini, includes skin, cooked, boiled, drained, with salt",SR Legacy
"Squash, summer, zucchini, includes skin, cooked, boiled, drained, without salt",SR Legacy
"Squash, summer, zucchini, includes skin, frozen, cooked, boiled, drained, with salt",SR Legacy
"Squash, summer, zucchini, includes skin, frozen, cooked, boiled, drained, without salt",SR Legacy
"Squash, summer, zucchini, includes skin, frozen, unprepared",SR Legacy
"Squash, summer, zucchini, includes skin, raw",SR Legacy
"Squash, summer, zucchini, italian style, canned",SR Legacy
"Squash, winter, acorn, cooked, baked, with salt",SR Legacy
"Squash, winter, acorn, cooked, baked, without salt",SR Legacy
"Squash, winter, acorn, cooked, boiled, mashed, with salt",SR Legacy
"Squash, winter, acorn, cooked, boiled, mashed, without salt",SR Legacy
"Squash, winter, acorn, raw",SR Legacy
"Squash, winter, acorn, raw",Foundation
"Squash, winter, all varieties, cooked, baked, with salt",SR Legacy
"Squash, winter, all varieties, cooked, baked, without salt",SR Legacy
"Squash, winter, all varieties, raw",SR Legacy
"Squash, winter, butternut, cooked, baked, with salt",SR Legacy
"Squash, winter, butternut, cooked, baked, without salt",SR Legacy
"Squash, winter, butternut, frozen, cooked, boiled, with salt",SR Legacy
"Squash, winter, butternut, frozen, cooked, boiled, without salt",SR Legacy
"Squash, winter, butternut, frozen, unprepared",SR Legacy
"Squash, winter, butternut, raw",SR Legacy
"Squash, winter, butternut, raw",Foundation
"Squash, winter, hubbard, baked, with salt",SR Legacy
"Squash, winter, hubbard, baked, without salt",SR Legacy
"Squash, winter, hubbard, cooked, boiled, mashed, with salt",SR Legacy
"Squash, winter, hubbard, cooked, boiled, mashed, without salt",SR Legacy
"Squash, winter, hubbard, raw",SR Legacy
"Squash, winter, souffle",Survey (FNDDS)
"Squash, winter, spaghetti, cooked, boiled, drained, or baked, with salt",SR Legacy
"Squash, winter, spaghetti, cooked, boiled, drained, or baked, without salt",SR Legacy
"Squash, winter, spaghetti, raw",SR Legacy
"Squash, zucchini, baby, raw",SR Legacy
Squirrel,Survey (FNDDS)
"Squirrel, ground, meat (Alaska Native)",SR Legacy
"Starfruit, raw",Survey (FNDDS)
Steak sandwich or sub on wheat,Survey (FNDDS)
Steak sandwich or sub on white,Survey (FNDDS)
Steak sauce,Survey (FNDDS)
Steak tartare,Survey (FNDDS)
Steak teriyaki,Survey (FNDDS)
"Steak, NS as to type of meat, NS as to fat eaten",Survey (FNDDS)
"Steelhead trout, boiled, canned (Alaska Native)",SR Legacy
"Steelhead trout, dried, flesh (Shoshone Bannock)",SR Legacy
"Stew, beef",Survey (FNDDS)
"Stew, beef, canned",Survey (FNDDS)
"Stew, beef, with pasta",Survey (FNDDS)
"Stew, chicken",Survey (FNDDS)
"Stew, chicken, with pasta",Survey (FNDDS)
"Stew, dumpling with mutton (Navajo)",SR Legacy
"Stew, fish",Survey (FNDDS)
"Stew, hominy with mutton (Navajo)",SR Legacy
"Stew, lamb",Survey (FNDDS)
"Stew, moose (Alaska Native)",SR Legacy
"Stew, mutton, corn, squash (Navajo)",SR Legacy
"Stew, NFS",Survey (FNDDS)
"Stew, pinto bean and hominy, badufsuki (Hopi)",SR Legacy
"Stew, pork",Survey (FNDDS)
"Stew, pork, with pasta",Survey (FNDDS)
"Stew, steamed corn (Navajo)",SR Legacy
"Stew, vegetable",Survey (FNDDS)
"Stew/soup, caribou (Alaska Native)",SR Legacy
"Stewed chicken with tomato-based sauce, Mexican style",Survey (FNDDS)
"Stewed chitterlings, Puerto Rican style",Survey (FNDDS)
"Stewed dried beef, Puerto Rican style",Survey (FNDDS)
"Stewed gizzards, Puerto Rican style",Survey (FNDDS)
"Stewed goat, Puerto Rican style",Survey (FNDDS)
"Stewed pig's feet, Puerto Rican style",Survey (FNDDS)
"Stewed pork, Puerto Rican style",Survey (FNDDS)
Stewed potatoes,Survey (FNDDS)
Stewed potatoes with tomatoes,Survey (FNDDS)
"Stewed potatoes, Puerto Rican style",Survey (FNDDS)
"Stewed rabbit, Puerto Rican style,",Survey (FNDDS)
"Stewed rice, Puerto Rican style",Survey (FNDDS)
"Stewed salmon, Puerto Rican style",Survey (FNDDS)
"Stewed seasoned ground beef, Mexican style",Survey (FNDDS)
"Stewed seasoned ground beef, Puerto Rican style",Survey (FNDDS)
"Stewed tripe, with potatoes, Puerto Rican style",Survey (FNDDS)
"Stewed, seasoned, ground beef and pork with potatoes, Mexican style",Survey (FNDDS)
"Stewed, seasoned, ground beef and pork, Mexican style",Survey (FNDDS)
"Stewed, seasoned, ground beef with potatoes, Mexican style",Survey (FNDDS)
"Stinging Nettles, blanched (Northern Plains Indians)",SR Legacy
Stir fried beef and vegetables in soy sauce,Survey (FNDDS)
"Strawberries, canned",Survey (FNDDS)
"Strawberries, canned, heavy syrup pack, solids and liquids",SR Legacy
"Strawberries, frozen",Survey (FNDDS)
"Strawberries, frozen, sweetened, sliced",SR Legacy
"Strawberries, frozen, unsweetened (Includes foods for USDA's Food Distribution Program)",SR Legacy
"Strawberries, raw",SR Legacy
"Strawberries, raw",Survey (FNDDS)
"Strawberries, raw",Foundation
"Strawberry beverage powder, dry mix, not reconstituted",Survey (FNDDS)
Strawberry drink syrup,Survey (FNDDS)
"Strawberry juice, 100%",Survey (FNDDS)
"Strawberry milk, fat free  (skim)",Survey (FNDDS)
"Strawberry milk, low fat (1%)",Survey (FNDDS)
"Strawberry milk, NFS",Survey (FNDDS)
"Strawberry milk, reduced fat (2%)",Survey (FNDDS)
"Strawberry milk, reduced sugar",Survey (FNDDS)
"Strawberry milk, whole",Survey (FNDDS)
"Strawberry-flavor beverage mix, powder",SR Legacy
"Strudel, apple",Survey (FNDDS)
"Strudel, apple",SR Legacy
"Strudel, berry",Survey (FNDDS)
"Strudel, cheese",Survey (FNDDS)
"Strudel, cherry",Survey (FNDDS)
"Strudel, peach",Survey (FNDDS)
Stuffed cabbage rolls with beef and rice,Survey (FNDDS)
"Stuffed cabbage, with meat and rice, Syrian dish, Puerto Rican style",Survey (FNDDS)
"Stuffed cabbage, with meat, Puerto Rican style",Survey (FNDDS)
"Stuffed chicken, drumstick or breast, Puerto Rican style",Survey (FNDDS)
Stuffed grape leaves with beef and rice,Survey (FNDDS)
Stuffed grape leaves with lamb and rice,Survey (FNDDS)
"Stuffed green pepper, Puerto Rican style",Survey (FNDDS)
Stuffed jalapeno pepper,Survey (FNDDS)
"Stuffed pepper, with meat",Survey (FNDDS)
"Stuffed pepper, with rice and meat",Survey (FNDDS)
"Stuffed pepper, with rice, meatless",Survey (FNDDS)
"Stuffed shells, cheese- and spinach- filled, no sauce",Survey (FNDDS)
"Stuffed shells, cheese-filled, no sauce",Survey (FNDDS)
"Stuffed shells, cheese-filled, with meat sauce",Survey (FNDDS)
"Stuffed shells, cheese-filled, with tomato sauce, meatless",Survey (FNDDS)
"Stuffed shells, with chicken, with tomato sauce",Survey (FNDDS)
"Stuffed shells, with fish and/or shellfish, with tomato sauce",Survey (FNDDS)
"Stuffed tomato, with rice and meat",Survey (FNDDS)
"Stuffed tomato, with rice, meatless",Survey (FNDDS)
"SUBWAY, B.L.T. sub on white bread with bacon, lettuce and tomato",SR Legacy
"SUBWAY, black forest ham sub on white bread with lettuce and tomato",SR Legacy
"SUBWAY, cold cut sub on white bread with lettuce and tomato",SR Legacy
"SUBWAY, meatball marinara sub on white bread (no toppings)",SR Legacy
"SUBWAY, oven roasted chicken sub on white bread with lettuce and tomato",SR Legacy
"SUBWAY, roast beef sub on white bread with lettuce and tomato",SR Legacy
"SUBWAY, steak & cheese sub on white bread with American cheese, lettuce and tomato",SR Legacy
"SUBWAY, SUBWAY CLUB sub on white bread with lettuce and tomato",SR Legacy
"SUBWAY, sweet onion chicken teriyaki sub on white bread with lettuce, tomato and sweet onion sauce",SR Legacy
"SUBWAY, tuna sub on white bread with lettuce and tomato",SR Legacy
"SUBWAY, turkey breast sub on white bread with lettuce and tomato",SR Legacy
"Succotash, (corn and limas), canned, with cream style corn",SR Legacy
"Succotash, (corn and limas), canned, with whole kernel corn, solids and liquids",SR Legacy
"Succotash, (corn and limas), cooked, boiled, drained, with salt",SR Legacy
"Succotash, (corn and limas), cooked, boiled, drained, without salt",SR Legacy
"Succotash, (corn and limas), frozen, cooked, boiled, drained, with salt",SR Legacy
"Succotash, (corn and limas), frozen, cooked, boiled, drained, without salt",SR Legacy
"Succotash, (corn and limas), frozen, unprepared",SR Legacy
"Succotash, (corn and limas), raw",SR Legacy
Sugar cane beverage,Survey (FNDDS)
Sugar substitute and sugar blend,Survey (FNDDS)
"Sugar substitute, aspartame, powder",Survey (FNDDS)
"Sugar substitute, liquid, NFS",Survey (FNDDS)
"Sugar substitute, monk fruit, powder",Survey (FNDDS)
"Sugar substitute, powder, NFS",Survey (FNDDS)
"Sugar substitute, saccharin, liquid",Survey (FNDDS)
"Sugar substitute, saccharin, powder",Survey (FNDDS)
"Sugar substitute, stevia, liquid",Survey (FNDDS)
"Sugar substitute, stevia, powder",Survey (FNDDS)
"Sugar substitute, sucralose, powder",Survey (FNDDS)
"Sugar, brown",Survey (FNDDS)
"Sugar, cinnamon",Survey (FNDDS)
"Sugar, NFS",Survey (FNDDS)
"Sugar, turbinado",SR Legacy
"Sugar, white, confectioner's, powdered",Survey (FNDDS)
"Sugar, white, granulated or lump",Survey (FNDDS)
"Sugar-apples, (sweetsop), raw",SR Legacy
"Sugars, brown",SR Legacy
"Sugars, granulated",Foundation
"Sugars, granulated",SR Legacy
"Sugars, maple",SR Legacy
"Sugars, powdered",SR Legacy
"Summer squash, cooked, as ingredient",Survey (FNDDS)
"Summer squash, green, raw",Survey (FNDDS)
"Summer squash, yellow or green, canned, cooked, fat added, NS as to fat type",Survey (FNDDS)
"Summer squash, yellow or green, fresh, cooked with butter or margarine",Survey (FNDDS)
"Summer squash, yellow or green, fresh, cooked with oil",Survey (FNDDS)
"Summer squash, yellow or green, fresh, cooked, fat added, NS as to fat type",Survey (FNDDS)
"Summer squash, yellow or green, fresh, cooked, no added fat",Survey (FNDDS)
"Summer squash, yellow or green, frozen, cooked with butter or margarine",Survey (FNDDS)
"Summer squash, yellow or green, frozen, cooked with oil",Survey (FNDDS)
"Summer squash, yellow or green, frozen, cooked, fat added, NS as to fat type",Survey (FNDDS)
"Summer squash, yellow or green, frozen, cooked, no added fat",Survey (FNDDS)
"Summer squash, yellow or green, NS as to form, cooked",Survey (FNDDS)
"Summer squash, yellow, raw",Survey (FNDDS)
Sun-dried tomatoes,Survey (FNDDS)
Sunflower oil,Survey (FNDDS)
"Sunflower seeds, flavored",Survey (FNDDS)
"Sunflower seeds, NFS",Survey (FNDDS)
"Sunflower seeds, plain, salted",Survey (FNDDS)
"Sunflower seeds, plain, unsalted",Survey (FNDDS)
Sushi roll tuna,Survey (FNDDS)
"Sushi roll, avocado",Survey (FNDDS)
"Sushi roll, California",Survey (FNDDS)
"Sushi roll, eel",Survey (FNDDS)
"Sushi roll, salmon",Survey (FNDDS)
"Sushi roll, shrimp",Survey (FNDDS)
"Sushi roll, vegetable",Survey (FNDDS)
"Sushi, NFS",Survey (FNDDS)
"Sushi, topped with crab",Survey (FNDDS)
"Sushi, topped with eel",Survey (FNDDS)
"Sushi, topped with egg",Survey (FNDDS)
"Sushi, topped with salmon",Survey (FNDDS)
"Sushi, topped with shrimp",Survey (FNDDS)
"Sushi, topped with tuna",Survey (FNDDS)
Swedish meatballs with cream or white sauce,Survey (FNDDS)
Sweet and sour chicken or turkey,Survey (FNDDS)
"Sweet and sour chicken or turkey, without vegetables",Survey (FNDDS)
Sweet and sour pork,Survey (FNDDS)
Sweet and sour pork with rice,Survey (FNDDS)
Sweet and sour sauce,Survey (FNDDS)
Sweet and sour shrimp,Survey (FNDDS)
Sweet potato chips,Survey (FNDDS)
"Sweet potato fries, fast food / restaurant",Survey (FNDDS)
"Sweet potato fries, from fresh",Survey (FNDDS)
"Sweet potato fries, frozen",Survey (FNDDS)
"Sweet potato fries, NFS",Survey (FNDDS)
"Sweet potato fries, school",Survey (FNDDS)
"Sweet potato leaves, cooked, steamed, with salt",SR Legacy
"Sweet potato leaves, cooked, steamed, without salt",SR Legacy
"Sweet potato leaves, raw",SR Legacy
Sweet potato paste,Survey (FNDDS)
"Sweet Potato puffs, frozen, unprepared",SR Legacy
Sweet potato tots,Survey (FNDDS)
"Sweet potato tots, fast food / restaurant",Survey (FNDDS)
"Sweet potato tots, school",Survey (FNDDS)
"Sweet potato, baked, fat added",Survey (FNDDS)
"Sweet potato, baked, no added fat",Survey (FNDDS)
"Sweet potato, baked, NS as to fat",Survey (FNDDS)
"Sweet potato, boiled, fat added",Survey (FNDDS)
"Sweet potato, boiled, no added fat",Survey (FNDDS)
"Sweet potato, boiled, NS as to fat",Survey (FNDDS)
"Sweet potato, candied",Survey (FNDDS)
"Sweet potato, canned, fat added",Survey (FNDDS)
"Sweet potato, canned, mashed",SR Legacy
"Sweet potato, canned, no added fat",Survey (FNDDS)
"Sweet potato, canned, NS as to fat",Survey (FNDDS)
"Sweet potato, canned, syrup pack, drained solids",SR Legacy
"Sweet potato, canned, syrup pack, solids and liquids",SR Legacy
"Sweet potato, canned, vacuum pack",SR Legacy
"Sweet potato, casserole or mashed",Survey (FNDDS)
"Sweet potato, cooked, as ingredient",Survey (FNDDS)
"Sweet potato, cooked, baked in skin, flesh, with salt",SR Legacy
"Sweet potato, cooked, baked in skin, flesh, without salt",SR Legacy
"Sweet potato, cooked, boiled, without skin",SR Legacy
"Sweet potato, cooked, boiled, without skin, with salt",SR Legacy
"Sweet potato, cooked, candied, home-prepared",SR Legacy
"Sweet potato, frozen, cooked, baked, with salt",SR Legacy
"Sweet potato, frozen, cooked, baked, without salt",SR Legacy
"Sweet potato, frozen, unprepared (Includes foods for USDA's Food Distribution Program)",SR Legacy
"Sweet potato, NFS",Survey (FNDDS)
"Sweet potato, raw, unprepared (Includes foods for USDA's Food Distribution Program)",SR Legacy
"Sweet potato, squash, pumpkin, chrysanthemum, or bean leaves, cooked",Survey (FNDDS)
"Sweet Potatoes, french fried, crosscut, frozen, unprepared",SR Legacy
"Sweet Potatoes, french fried, frozen as packaged, salt added in processing",SR Legacy
"Sweet potatoes, orange flesh, without skin, raw",Foundation
"Sweet rolls, cheese",SR Legacy
"Sweet rolls, cinnamon, commercially prepared with raisins",SR Legacy
"Sweet rolls, cinnamon, refrigerated dough with frosting",SR Legacy
"Sweet rolls, cinnamon, refrigerated dough with frosting, baked",SR Legacy
Sweetbreads,Survey (FNDDS)
"Sweetener, herbal extract powder from Stevia leaf",SR Legacy
"Sweetener, syrup, agave",SR Legacy
"Sweeteners, for baking, brown, contains sugar and sucralose",SR Legacy
"Sweeteners, for baking, contains sugar and sucralose",SR Legacy
"Sweeteners, sugar substitute, granulated, brown",SR Legacy
"Sweeteners, tabletop, aspartame, EQUAL, packets",SR Legacy
"Sweeteners, tabletop, fructose, dry, powder",SR Legacy
"Sweeteners, tabletop, fructose, liquid",SR Legacy
"Sweeteners, tabletop, saccharin (sodium saccharin)",SR Legacy
"Sweeteners, tabletop, sucralose, SPLENDA packets",SR Legacy
Swiss steak,Survey (FNDDS)
"Swiss steak, with gravy, meatless",Survey (FNDDS)
"Swisswurst, pork and beef, with swiss cheese, smoked",SR Legacy
"Syrup, Cane",SR Legacy
"Syrup, fruit flavored",SR Legacy
"Syrup, maple, Canadian",SR Legacy
"Syrup, NESTLE, chocolate",SR Legacy
"Syrup, NFS",Survey (FNDDS)
"Syrups, chocolate, fudge-type",SR Legacy
"Syrups, chocolate, HERSHEY'S Genuine Chocolate Flavored Lite Syrup",SR Legacy
"Syrups, chocolate, HERSHEY'S Sugar free, Genuine Chocolate Flavored, Lite Syrup",SR Legacy
"Syrups, corn, dark",SR Legacy
"Syrups, corn, high-fructose",SR Legacy
"Syrups, corn, light",SR Legacy
"Syrups, grenadine",SR Legacy
"Syrups, malt",SR Legacy
"Syrups, maple",SR Legacy
"Syrups, sorghum",SR Legacy
"Syrups, sugar free",SR Legacy
"Syrups, table blends, corn, refiner, and sugar",SR Legacy
"Syrups, table blends, pancake",SR Legacy
"Syrups, table blends, pancake, reduced-calorie",SR Legacy
"Syrups, table blends, pancake, with 2% maple",SR Legacy
"Syrups, table blends, pancake, with 2% maple, with added potassium",SR Legacy
"Syrups, table blends, pancake, with butter",SR Legacy
Szechuan beef,Survey (FNDDS)
"T.G.I. FRIDAY'S, chicken fingers",SR Legacy
"T.G.I. FRIDAY'S, chicken fingers, from kids' menu",SR Legacy
"T.G.I. FRIDAY'S, classic sirloin steak (10 oz)",SR Legacy
"T.G.I. FRIDAY'S, french fries",SR Legacy
"T.G.I. FRIDAY'S, FRIDAY'S Shrimp, breaded",SR Legacy
"T.G.I. FRIDAY'S, fried mozzarella",SR Legacy
"T.G.I. FRIDAY'S, macaroni & cheese, from kid's menu",SR Legacy
Tabbouleh,Survey (FNDDS)
"Table fat, NFS",Survey (FNDDS)
"TACO BELL, Bean Burrito",SR Legacy
"TACO BELL, BURRITO SUPREME with beef",SR Legacy
"TACO BELL, BURRITO SUPREME with chicken",SR Legacy
"TACO BELL, BURRITO SUPREME with steak",SR Legacy
"TACO BELL, Nachos",SR Legacy
"TACO BELL, Nachos Supreme",SR Legacy
"TACO BELL, Original Taco with beef, cheese and lettuce",SR Legacy
"TACO BELL, Soft Taco with beef, cheese and lettuce",SR Legacy
"TACO BELL, Soft Taco with chicken, cheese and lettuce",SR Legacy
"TACO BELL, Soft Taco with steak",SR Legacy
"TACO BELL, Taco Salad",SR Legacy
Taco or tostada salad with chicken,Survey (FNDDS)
Taco or tostada salad with chicken and sour cream,Survey (FNDDS)
Taco or tostada salad with meat,Survey (FNDDS)
Taco or tostada salad with meat and sour cream,Survey (FNDDS)
"Taco or tostada salad, meatless",Survey (FNDDS)
"Taco or tostada salad, meatless with sour cream",Survey (FNDDS)
Taco sauce,Survey (FNDDS)
"Taco shell, corn",Survey (FNDDS)
"Taco shell, flour",Survey (FNDDS)
"Taco shells, baked",SR Legacy
"Taco shells, baked, without added salt",SR Legacy
"Taco, cheese only",Survey (FNDDS)
"Taco, corn tortilla, beef, cheese",Survey (FNDDS)
"Taco, corn tortilla, beef, with beans, cheese",Survey (FNDDS)
"Taco, corn tortilla, chicken, cheese",Survey (FNDDS)
"Taco, corn tortilla, chicken, with beans, cheese",Survey (FNDDS)
"Taco, corn tortilla, pork, cheese",Survey (FNDDS)
"Taco, corn tortilla, pork, with beans, cheese",Survey (FNDDS)
"Taco, corn tortilla, with beans, cheese",Survey (FNDDS)
"Taco, fish",Survey (FNDDS)
"Taco, flour tortilla, beef, cheese",Survey (FNDDS)
"Taco, flour tortilla, beef, with beans, cheese",Survey (FNDDS)
"Taco, flour tortilla, chicken, cheese",Survey (FNDDS)
"Taco, flour tortilla, chicken, with beans, cheese",Survey (FNDDS)
"Taco, flour tortilla, pork, cheese",Survey (FNDDS)
"Taco, flour tortilla, pork, with beans, cheese",Survey (FNDDS)
"Taco, flour tortilla, with beans, cheese",Survey (FNDDS)
"Taco, meat, no cheese",Survey (FNDDS)
"Taco, meat, with beans, no cheese",Survey (FNDDS)
"Taco, NFS",Survey (FNDDS)
"Taco, with beans, no cheese",Survey (FNDDS)
Tahini,Survey (FNDDS)
Tamale casserole with meat,Survey (FNDDS)
"Tamale, beef",Survey (FNDDS)
"Tamale, chicken",Survey (FNDDS)
"Tamale, NFS",Survey (FNDDS)
"Tamale, no meat",Survey (FNDDS)
"Tamale, pork",Survey (FNDDS)
"Tamale, sweet",Survey (FNDDS)
Tamales (Navajo),SR Legacy
"Tamales, masa and pork filling (Hopi)",SR Legacy
Tamarind,Survey (FNDDS)
Tamarind drink,Survey (FNDDS)
"Tamarind nectar, canned",SR Legacy
"Tamarinds, raw",SR Legacy
"Tangerine juice, 100%",Survey (FNDDS)
"Tangerine juice, raw",SR Legacy
"Tangerine, raw",Survey (FNDDS)
"Tangerines, (mandarin oranges), canned, juice pack",SR Legacy
"Tangerines, (mandarin oranges), canned, juice pack, drained",SR Legacy
"Tangerines, (mandarin oranges), canned, light syrup pack",SR Legacy
"Tangerines, (mandarin oranges), raw",SR Legacy
"Tapioca, pearl, dry",SR Legacy
"Taquito, beef or pork",Survey (FNDDS)
"Taquito, cheese only",Survey (FNDDS)
"Taquito, chicken",Survey (FNDDS)
"Taquito, egg",Survey (FNDDS)
"Taquitos, frozen, beef and cheese, oven-heated",SR Legacy
"Taquitos, frozen, chicken and cheese, oven-heated",SR Legacy
Taro chips,Survey (FNDDS)
"Taro leaves, cooked",Survey (FNDDS)
"Taro leaves, cooked, steamed, without salt",SR Legacy
"Taro leaves, raw",SR Legacy
"Taro shoots, cooked, without salt",SR Legacy
"Taro shoots, raw",SR Legacy
"Taro, cooked",Survey (FNDDS)
"Taro, cooked, with salt",SR Legacy
"Taro, cooked, without salt",SR Legacy
"Taro, leaves, cooked, steamed, with salt",SR Legacy
"Taro, raw",SR Legacy
"Taro, shoots, cooked, with salt",SR Legacy
"Taro, tahitian, cooked, with salt",SR Legacy
"Taro, tahitian, cooked, without salt",SR Legacy
"Taro, tahitian, raw",SR Legacy
"Tart, all types",Survey (FNDDS)
"Tart, breakfast, low fat",SR Legacy
Tartar sauce,Survey (FNDDS)
"Tea, bubble",Survey (FNDDS)
"Tea, ginger",Survey (FNDDS)
"Tea, herbal, brewed, Hohoysi (Hopi)",SR Legacy
"Tea, hot, chamomile",Survey (FNDDS)
"Tea, hot, herbal",Survey (FNDDS)
"Tea, hot, hibiscus",Survey (FNDDS)
"Tea, hot, leaf, black",Survey (FNDDS)
"Tea, hot, leaf, black, decaffeinated",Survey (FNDDS)
"Tea, hot, leaf, green",Survey (FNDDS)
"Tea, hot, leaf, green, decaffeinated",Survey (FNDDS)
"Tea, hot, leaf, oolong",Survey (FNDDS)
"Tea, hot, with milk",Survey (FNDDS)
"Tea, iced, bottled, black",Survey (FNDDS)
"Tea, iced, bottled, black, decaffeinated",Survey (FNDDS)
"Tea, iced, bottled, black, decaffeinated, diet",Survey (FNDDS)
"Tea, iced, bottled, black, decaffeinated, unsweetened",Survey (FNDDS)
"Tea, iced, bottled, black, diet",Survey (FNDDS)
"Tea, iced, bottled, black, unsweetened",Survey (FNDDS)
"Tea, iced, bottled, green",Survey (FNDDS)
"Tea, iced, bottled, green, diet",Survey (FNDDS)
"Tea, iced, bottled, green, unsweetened",Survey (FNDDS)
"Tea, iced, brewed, black, decaffeinated, pre-sweetened with low calorie sweetener",Survey (FNDDS)
"Tea, iced, brewed, black, decaffeinated, pre-sweetened with sugar",Survey (FNDDS)
"Tea, iced, brewed, black, decaffeinated, unsweetened",Survey (FNDDS)
"Tea, iced, brewed, black, pre-sweetened with low calorie sweetener",Survey (FNDDS)
"Tea, iced, brewed, black, pre-sweetened with sugar",Survey (FNDDS)
"Tea, iced, brewed, black, unsweetened",Survey (FNDDS)
"Tea, iced, brewed, green, decaffeinated, pre-sweetened with low calorie sweetener",Survey (FNDDS)
"Tea, iced, brewed, green, decaffeinated, pre-sweetened with sugar",Survey (FNDDS)
"Tea, iced, brewed, green, decaffeinated, unsweetened",Survey (FNDDS)
"Tea, iced, brewed, green, pre-sweetened with low calorie sweetener",Survey (FNDDS)
"Tea, iced, brewed, green, pre-sweetened with sugar",Survey (FNDDS)
"Tea, iced, brewed, green, unsweetened",Survey (FNDDS)
"Tea, iced, instant, black, decaffeinated, pre-sweetened with low calorie sweetener",Survey (FNDDS)
"Tea, iced, instant, black, decaffeinated, pre-sweetened with sugar",Survey (FNDDS)
"Tea, iced, instant, black, decaffeinated, unsweetened",Survey (FNDDS)
"Tea, iced, instant, black, pre-sweetened with low calorie sweetener",Survey (FNDDS)
"Tea, iced, instant, black, pre-sweetened with sugar",Survey (FNDDS)
"Tea, iced, instant, black, pre-sweetened, dry",Survey (FNDDS)
"Tea, iced, instant, black, unsweetened",Survey (FNDDS)
"Tea, iced, instant, black, unsweetened, dry",Survey (FNDDS)
"Tea, iced, instant, green, pre-sweetened with low calorie sweetener",Survey (FNDDS)
"Tea, iced, instant, green, pre-sweetened with sugar",Survey (FNDDS)
"Tea, iced, instant, green, unsweetened",Survey (FNDDS)
"Tea, kombucha",Survey (FNDDS)
"Tea, tundra, herb and laborador combination (Alaska Native)",SR Legacy
"Teff, cooked",SR Legacy
"Teff, uncooked",SR Legacy
Tempeh,SR Legacy
"Tempeh, cooked",SR Legacy
"Tennis Bread, plain (Apache)",SR Legacy
Tequila,Survey (FNDDS)
Tequila Sunrise,Survey (FNDDS)
"Teriyaki chicken with rice and vegetable, diet frozen meal",Survey (FNDDS)
Teriyaki sauce,Survey (FNDDS)
"Teriyaki sauce, reduced sodium",Survey (FNDDS)
"Textured vegetable protein, dry",Survey (FNDDS)
Thousand Island dressing,Survey (FNDDS)
"Thousand Island dressing, fat free",Survey (FNDDS)
"Thousand Island dressing, light",Survey (FNDDS)
Thuringer,Survey (FNDDS)
"Thuringer, cervelat, summer sausage, beef, pork",SR Legacy
"Thyme, fresh",SR Legacy
Tiramisu,Survey (FNDDS)
"Toaster pastries, brown-sugar-cinnamon",SR Legacy
"Toaster pastries, fruit (includes apple, blueberry, cherry, strawberry)",SR Legacy
"Toaster Pastries, fruit, frosted (include apples, blueberry, cherry, strawberry)",SR Legacy
"Toaster pastries, fruit, toasted (include apple, blueberry, cherry, strawberry)",SR Legacy
"Toddler drink, MEAD JOHNSON, PurAmino Toddler Powder, with ARA and DHA, not reconstituted",SR Legacy
"Toddler formula, Enfamil Enfagrow",Survey (FNDDS)
"Toddler formula, Gerber Good Start, Stage 3",Survey (FNDDS)
"Toddler formula, MEAD JOHNSON, ENFAGROW PREMIUM (formerly ENFAMIL, LIPIL, NEXT STEP), ready-to-feed",SR Legacy
"Toddler formula, MEAD JOHNSON, ENFAGROW, Toddler Transitions, with ARA and DHA, powder",SR Legacy
"Toddler formula, MEAD JOHNSON, Nutramigen Toddler with LGG Powder, with ARA and DHA, not reconstituted",SR Legacy
"Toddler formula, Nido Kinder",Survey (FNDDS)
"Toddler formula, PediaSure",Survey (FNDDS)
"Toddler formula, Similac Go and Grow",Survey (FNDDS)
"Toddler formula, store brand, beginning or next stage",Survey (FNDDS)
"Toddler formula, store brand, pediatric shake",Survey (FNDDS)
"Toddler meal, meat and vegetables",Survey (FNDDS)
"Toddler meal, NFS",Survey (FNDDS)
"Toddler meal, pasta",Survey (FNDDS)
"Toddler meal, pasta and vegetables",Survey (FNDDS)
"Toddler meal, rice and vegetables",Survey (FNDDS)
"Tofu and vegetables excluding carrots, broccoli, and dark-green leafy; no potatoes, with soy-based sauce",Survey (FNDDS)
"Tofu and vegetables including carrots, broccoli, and/or dark-green leafy; no potatoes, with soy-based sauce",Survey (FNDDS)
Tofu yogurt,SR Legacy
"Tofu, dried-frozen (koyadofu)",SR Legacy
"Tofu, dried-frozen (koyadofu), prepared with calcium sulfate",SR Legacy
"Tofu, extra firm, prepared with nigari",SR Legacy
"Tofu, firm, prepared with calcium sulfate and magnesium chloride (nigari)",SR Legacy
"Tofu, fried",SR Legacy
"Tofu, fried, prepared with calcium sulfate",SR Legacy
"Tofu, hard, prepared with nigari",SR Legacy
"Tofu, raw, firm, prepared with calcium sulfate",SR Legacy
"Tofu, raw, regular, prepared with calcium sulfate",SR Legacy
"Tofu, salted and fermented (fuyu)",SR Legacy
"Tofu, salted and fermented (fuyu), prepared with calcium sulfate",SR Legacy
"Tofu, soft, prepared with calcium sulfate and magnesium chloride (nigari)",SR Legacy
Tom Collins,Survey (FNDDS)
"Tomatillos, dehusked, raw",Foundation
"Tomatillos, raw",SR Legacy
"Tomato and cucumber salad made with tomato, cucumber, oil, and vinegar",Survey (FNDDS)
"Tomato and vegetable juice, 100%",Survey (FNDDS)
"Tomato and vegetable juice, 100%, low sodium",Survey (FNDDS)
"Tomato and vegetable juice, low sodium",SR Legacy
Tomato chili sauce,Survey (FNDDS)
Tomato juice cocktail,Survey (FNDDS)
"Tomato juice, 100%",Survey (FNDDS)
"Tomato juice, 100%, low sodium",Survey (FNDDS)
"Tomato juice, canned, with salt added",SR Legacy
"Tomato juice, canned, without salt added",SR Legacy
"Tomato juice, with added ingredients, from concentrate, shelf stable",Foundation
Tomato powder,SR Legacy
"Tomato products, canned, paste, without salt added (Includes foods for USDA's Food Distribution Program)",SR Legacy
"Tomato products, canned, puree, with salt added",SR Legacy
"Tomato products, canned, puree, without salt added",SR Legacy
"Tomato products, canned, sauce",SR Legacy
"Tomato products, canned, sauce, spanish style",SR Legacy
"Tomato products, canned, sauce, with herbs and cheese",SR Legacy
"Tomato products, canned, sauce, with mushrooms",SR Legacy
"Tomato products, canned, sauce, with onions",SR Legacy
"Tomato products, canned, sauce, with onions, green peppers, and celery",SR Legacy
"Tomato products, canned, sauce, with tomato tidbits",SR Legacy
Tomato sandwich on wheat,Survey (FNDDS)
Tomato sandwich on white,Survey (FNDDS)
"Tomato sauce, canned, no salt added",SR Legacy
"Tomato sauce, for use with vegetables",Survey (FNDDS)
"Tomato, green, pickled",Survey (FNDDS)
"Tomato, paste, canned, without salt added",Foundation
"Tomato, puree, canned",Foundation
"Tomato, roma",Foundation
"Tomato, sauce, canned, with salt added",Foundation
Tomatoes as ingredient in omelet,Survey (FNDDS)
"Tomatoes, canned, cooked",Survey (FNDDS)
"Tomatoes, canned, red, ripe, diced",Foundation
"Tomatoes, canned, reduced sodium, cooked",Survey (FNDDS)
"Tomatoes, cooked, as ingredient",Survey (FNDDS)
"Tomatoes, crushed, canned",SR Legacy
"Tomatoes, crushed, canned",Foundation
"Tomatoes, for use on a sandwich",Survey (FNDDS)
"Tomatoes, fresh, cooked",Survey (FNDDS)
"Tomatoes, grape, raw",Foundation
"Tomatoes, green, raw",SR Legacy
"Tomatoes, NS as to form, cooked",Survey (FNDDS)
"Tomatoes, orange, raw",SR Legacy
"Tomatoes, raw",Survey (FNDDS)
"Tomatoes, red, ripe, canned, packed in tomato juice",SR Legacy
"Tomatoes, red, ripe, canned, packed in tomato juice, no salt added",SR Legacy
"Tomatoes, red, ripe, canned, stewed",SR Legacy
"Tomatoes, red, ripe, canned, with green chilies",SR Legacy
"Tomatoes, red, ripe, cooked",SR Legacy
"Tomatoes, red, ripe, cooked, stewed",SR Legacy
"Tomatoes, red, ripe, cooked, with salt",SR Legacy
"Tomatoes, red, ripe, raw, year round average",SR Legacy
"Tomatoes, scalloped",Survey (FNDDS)
"Tomatoes, sun-dried",SR Legacy
"Tomatoes, sun-dried, packed in oil, drained",SR Legacy
"Tomatoes, whole, canned, solids and liquids, with salt added",Foundation
"Tomatoes, yellow, raw",SR Legacy
Tongue,Survey (FNDDS)
"Tongue pot roast, Puerto Rican style",Survey (FNDDS)
Topping from cheese pizza,Survey (FNDDS)
Topping from meat and vegetable pizza,Survey (FNDDS)
Topping from meat pizza,Survey (FNDDS)
Topping from vegetable pizza,Survey (FNDDS)
"Topping, butterscotch or caramel",Survey (FNDDS)
"Topping, chocolate",Survey (FNDDS)
"Topping, fruit",Survey (FNDDS)
"Topping, marshmallow",Survey (FNDDS)
"Topping, nuts and syrup",Survey (FNDDS)
"Topping, SMUCKER'S MAGIC SHELL",SR Legacy
"Toppings, butterscotch or caramel",SR Legacy
"Toppings, marshmallow cream",SR Legacy
"Toppings, nuts in syrup",SR Legacy
"Toppings, pineapple",SR Legacy
"Toppings, strawberry",SR Legacy
"Tortellini, cheese-filled, meatless, with tomato sauce",Survey (FNDDS)
"Tortellini, cheese-filled, meatless, with tomato sauce, canned",Survey (FNDDS)
"Tortellini, cheese-filled, meatless, with vinaigrette dressing",Survey (FNDDS)
"Tortellini, cheese-filled, no sauce",Survey (FNDDS)
"Tortellini, cheese-filled, with cream sauce",Survey (FNDDS)
"Tortellini, meat-filled, no sauce",Survey (FNDDS)
"Tortellini, meat-filled, with tomato sauce",Survey (FNDDS)
"Tortellini, meat-filled, with tomato sauce, canned",Survey (FNDDS)
"Tortellini, pasta with cheese filling, fresh-refrigerated, as purchased",SR Legacy
"Tortellini, spinach-filled, no sauce",Survey (FNDDS)
"Tortellini, spinach-filled, with tomato sauce",Survey (FNDDS)
"Tortilla chips, cool ranch flavor (Doritos)",Survey (FNDDS)
"Tortilla chips, flavored",Survey (FNDDS)
"Tortilla chips, low fat, baked without fat",SR Legacy
"Tortilla chips, low fat, unsalted",Survey (FNDDS)
"Tortilla chips, nacho cheese flavor (Doritos)",Survey (FNDDS)
"Tortilla chips, other flavors (Doritos)",Survey (FNDDS)
"Tortilla chips, plain",Survey (FNDDS)
"Tortilla chips, reduced fat, flavored",Survey (FNDDS)
"Tortilla chips, reduced fat, plain",Survey (FNDDS)
"Tortilla chips, reduced sodium",Survey (FNDDS)
"Tortilla chips, yellow, plain, salted",SR Legacy
"Tortilla, blue corn, Sakwavikaviki (Hopi)",SR Legacy
"Tortilla, corn",Survey (FNDDS)
"Tortilla, flour",Survey (FNDDS)
"Tortilla, includes plain and from mutton sandwich (Navajo)",SR Legacy
"Tortilla, NFS",Survey (FNDDS)
"Tortilla, whole wheat",Survey (FNDDS)
"Tortillas, ready-to-bake or -fry, corn",SR Legacy
"Tortillas, ready-to-bake or -fry, corn, without added salt",SR Legacy
"Tortillas, ready-to-bake or -fry, flour, refrigerated",SR Legacy
"Tortillas, ready-to-bake or -fry, flour, shelf stable",SR Legacy
"Tortillas, ready-to-bake or -fry, flour, without added calcium",SR Legacy
"Tortillas, ready-to-bake or -fry, whole wheat",SR Legacy
"Tostada shells, corn",SR Legacy
Trail mix with chocolate,Survey (FNDDS)
Trail mix with nuts,Survey (FNDDS)
Trail mix with nuts and fruit,Survey (FNDDS)
"Trail mix with pretzels, cereal, or granola",Survey (FNDDS)
"Trail mix, NFS",Survey (FNDDS)
"Tree fern, cooked, with salt",SR Legacy
"Tree fern, cooked, without salt",SR Legacy
Trifle,Survey (FNDDS)
Tripe,Survey (FNDDS)
Triticale,SR Legacy
"Triticale flour, whole-grain",SR Legacy
Tuna and rice with mushroom sauce,Survey (FNDDS)
Tuna cake or patty,Survey (FNDDS)
"Tuna casserole with vegetables and mushroom sauce, no noodles",Survey (FNDDS)
Tuna noodle casserole with cream or white sauce,Survey (FNDDS)
Tuna noodle casserole with mushroom sauce,Survey (FNDDS)
Tuna noodle casserole with vegetables and mushroom sauce,Survey (FNDDS)
"Tuna noodle casserole with vegetables, cream or white sauce",Survey (FNDDS)
Tuna salad sandwich on wheat,Survey (FNDDS)
"Tuna salad sandwich on wheat, with cheese",Survey (FNDDS)
Tuna salad sandwich on white,Survey (FNDDS)
"Tuna salad sandwich on white, with cheese",Survey (FNDDS)
Tuna salad sandwich wrap,Survey (FNDDS)
Tuna salad with cheese,Survey (FNDDS)
Tuna salad with egg,Survey (FNDDS)
"Tuna salad, made with any type of fat free dressing",Survey (FNDDS)
"Tuna salad, made with creamy dressing",Survey (FNDDS)
"Tuna salad, made with Italian dressing",Survey (FNDDS)
"Tuna salad, made with light creamy dressing",Survey (FNDDS)
"Tuna salad, made with light Italian dressing",Survey (FNDDS)
"Tuna salad, made with light mayonnaise",Survey (FNDDS)
"Tuna salad, made with light mayonnaise-type salad dressing",Survey (FNDDS)
"Tuna salad, made with mayonnaise",Survey (FNDDS)
"Tuna salad, made with mayonnaise-type salad dressing",Survey (FNDDS)
Tuna with cream or white sauce,Survey (FNDDS)
"Turkey and gravy, frozen",SR Legacy
Turkey and ham sandwich on wheat,Survey (FNDDS)
"Turkey and ham sandwich on wheat, with cheese",Survey (FNDDS)
Turkey and ham sandwich on white,Survey (FNDDS)
"Turkey and ham sandwich on white, with cheese",Survey (FNDDS)
"Turkey and ham sandwich or sub, restaurant",Survey (FNDDS)
"Turkey and ham sandwich or sub, with cheese, restaurant",Survey (FNDDS)
"Turkey bacon, cooked",Survey (FNDDS)
"Turkey bacon, reduced sodium, cooked",Survey (FNDDS)
"Turkey breast, low salt, prepackaged or deli, luncheon meat",SR Legacy
"Turkey breast, pre-basted, meat and skin, cooked, roasted",SR Legacy
"Turkey breast, sliced, prepackaged",SR Legacy
"Turkey from whole, light meat, meat and skin, with added solution, cooked, roasted",SR Legacy
"Turkey from whole, light meat, meat and skin, with added solution, raw",SR Legacy
"Turkey from whole, light meat, meat only, with added solution, cooked, roasted",SR Legacy
"Turkey from whole, light meat, meat only, with added solution, raw",SR Legacy
"Turkey ham, prepackaged or deli, luncheon meat",Survey (FNDDS)
"Turkey light or dark meat, stewed, skin eaten",Survey (FNDDS)
Turkey or chicken and pork sausage,Survey (FNDDS)
"Turkey or chicken burger, on wheat bun",Survey (FNDDS)
"Turkey or chicken burger, on white bun",Survey (FNDDS)
Turkey or chicken sausage,Survey (FNDDS)
"Turkey or chicken sausage, reduced sodium",Survey (FNDDS)
"Turkey Pot Pie, frozen entree",SR Legacy
"Turkey roast, boneless, frozen, seasoned, light and dark meat, raw",SR Legacy
Turkey sandwich on wheat,Survey (FNDDS)
"Turkey sandwich on wheat, with cheese",Survey (FNDDS)
Turkey sandwich on white,Survey (FNDDS)
"Turkey sandwich on white, with cheese",Survey (FNDDS)
"Turkey sandwich or sub, restaurant",Survey (FNDDS)
"Turkey sandwich or sub, with cheese, restaurant",Survey (FNDDS)
Turkey sandwich wrap,Survey (FNDDS)
"Turkey sticks, breaded, battered, fried",SR Legacy
"Turkey thigh, pre-basted, meat and skin, cooked, roasted",SR Legacy
Turkey with gravy,Survey (FNDDS)
"Turkey with gravy, dressing, potatoes, vegetable, frozen meal",Survey (FNDDS)
"Turkey with vegetable, stuffing, diet frozen meal",Survey (FNDDS)
"Turkey, all classes, back, meat and skin, cooked, roasted",SR Legacy
"Turkey, all classes, breast, meat and skin, cooked, roasted",SR Legacy
"Turkey, all classes, breast, meat and skin, raw",SR Legacy
"Turkey, all classes, gizzard, cooked, simmered",SR Legacy
"Turkey, all classes, heart, cooked, simmered",SR Legacy
"Turkey, all classes, heart, raw",SR Legacy
"Turkey, all classes, leg, meat and skin, cooked, roasted",SR Legacy
"Turkey, all classes, leg, meat and skin, raw",SR Legacy
"Turkey, all classes, light meat, cooked, roasted",SR Legacy
"Turkey, all classes, liver, cooked, simmered",SR Legacy
"Turkey, all classes, liver, raw",SR Legacy
"Turkey, all classes, wing, meat and skin, cooked, roasted",SR Legacy
"Turkey, all classes, wing, meat and skin, raw",SR Legacy
"Turkey, back",Survey (FNDDS)
"Turkey, back, from whole bird, meat and skin, with added solution, raw",SR Legacy
"Turkey, back, from whole bird, meat and skin, with added solution, roasted",SR Legacy
"Turkey, back, from whole bird, meat only, with added solution, raw",SR Legacy
"Turkey, back, from whole bird, meat only, with added solution, roasted",SR Legacy
"Turkey, breast, from whole bird, meat only, with added solution, raw",SR Legacy
"Turkey, breast, from whole bird, meat only, with added solution, roasted",SR Legacy
"Turkey, breast, smoked, lemon pepper flavor, 97% fat-free",SR Legacy
"Turkey, canned",Survey (FNDDS)
"Turkey, canned, meat only, with broth",SR Legacy
"Turkey, dark meat from whole, meat and skin, with added solution, cooked, roasted",SR Legacy
"Turkey, dark meat from whole, meat and skin, with added solution, raw",SR Legacy
"Turkey, dark meat from whole, meat only, with added solution, raw",SR Legacy
"Turkey, dark meat, meat and skin, raw",SR Legacy
"Turkey, dark meat, meat only, with added solution, cooked, roasted",SR Legacy
"Turkey, dark meat, roasted, skin eaten",Survey (FNDDS)
"Turkey, dark meat, roasted, skin not eaten",Survey (FNDDS)
"Turkey, diced, light and dark meat, seasoned",SR Legacy
"Turkey, drumstick, cooked, skin eaten",Survey (FNDDS)
"Turkey, drumstick, cooked, skin not eaten",Survey (FNDDS)
"Turkey, drumstick, from whole bird, meat only, raw",SR Legacy
"Turkey, drumstick, from whole bird, meat only, roasted",SR Legacy
"Turkey, drumstick, from whole bird, meat only, with added solution, raw",SR Legacy
"Turkey, drumstick, from whole bird, meat only, with added solution, roasted",SR Legacy
"Turkey, drumstick, roasted, skin eaten",Survey (FNDDS)
"Turkey, drumstick, roasted, skin not eaten",Survey (FNDDS)
"Turkey, drumstick, smoked, cooked, with skin, bone removed",SR Legacy
"Turkey, fryer-roasters, meat and skin, cooked, roasted",SR Legacy
"Turkey, gizzard, all classes, raw",SR Legacy
"Turkey, ground",Survey (FNDDS)
"Turkey, ground, 85% lean, 15% fat, pan-broiled crumbles",SR Legacy
"Turkey, ground, 85% lean, 15% fat, patties, broiled",SR Legacy
"Turkey, ground, 85% lean, 15% fat, raw",SR Legacy
"Turkey, ground, 93% lean, 7% fat, pan-broiled crumbles",SR Legacy
"Turkey, ground, 93% lean, 7% fat, pan-broiled crumbles",Foundation
"Turkey, ground, 93% lean, 7% fat, patties, broiled",SR Legacy
"Turkey, ground, 93% lean, 7% fat, raw",SR Legacy
"Turkey, ground, 93% lean/ 7% fat, raw",Foundation
"Turkey, Ground, cooked",SR Legacy
"Turkey, ground, fat free, pan-broiled crumbles",SR Legacy
"Turkey, ground, fat free, patties, broiled",SR Legacy
"Turkey, ground, fat free, raw",SR Legacy
"Turkey, Ground, raw",SR Legacy
"Turkey, light and dark meat, roasted, skin eaten",Survey (FNDDS)
"Turkey, light and dark meat, roasted, skin not eaten",Survey (FNDDS)
"Turkey, light meat, breaded, baked or fried, skin eaten",Survey (FNDDS)
"Turkey, light meat, breaded, baked or fried, skin not eaten",Survey (FNDDS)
"Turkey, light meat, roasted, skin eaten",Survey (FNDDS)
"Turkey, light meat, roasted, skin not eaten",Survey (FNDDS)
"Turkey, light meat, skin eaten",Survey (FNDDS)
"Turkey, light meat, skin not eaten",Survey (FNDDS)
"Turkey, light or dark meat, fried, coated, skin eaten",Survey (FNDDS)
"Turkey, light or dark meat, fried, coated, skin not eaten",Survey (FNDDS)
"Turkey, light or dark meat, smoked, cooked, skin and bone removed",SR Legacy
"Turkey, light or dark meat, smoked, cooked, with skin, bone removed",SR Legacy
"Turkey, light or dark meat, smoked, skin eaten",Survey (FNDDS)
"Turkey, light or dark meat, smoked, skin not eaten",Survey (FNDDS)
"Turkey, light or dark meat, stewed, skin not eaten",Survey (FNDDS)
"Turkey, mechanically deboned, from turkey frames, raw",SR Legacy
"Turkey, neck",Survey (FNDDS)
"Turkey, NFS",Survey (FNDDS)
"Turkey, nuggets",Survey (FNDDS)
"Turkey, prepackaged or deli, luncheon meat",Survey (FNDDS)
"Turkey, prepackaged or deli, luncheon meat, reduced sodium",Survey (FNDDS)
"Turkey, retail parts, breast, meat and skin, cooked, roasted",SR Legacy
"Turkey, retail parts, breast, meat and skin, raw",SR Legacy
"Turkey, retail parts, breast, meat and skin, with added solution, raw",SR Legacy
"Turkey, retail parts, breast, meat only, cooked, roasted",SR Legacy
"Turkey, retail parts, breast, meat only, raw",SR Legacy
"Turkey, retail parts, breast, meat only, with added solution, cooked, roasted",SR Legacy
"Turkey, retail parts, breast, meat only, with added solution, raw",SR Legacy
"Turkey, retail parts, drumstick, meat and skin, cooked, roasted",SR Legacy
"Turkey, retail parts, drumstick, meat and skin, raw",SR Legacy
"Turkey, retail parts, drumstick, meat only, cooked, roasted",SR Legacy
"Turkey, retail parts, drumstick, meat only, raw",SR Legacy
"Turkey, retail parts, thigh, meat and skin, cooked, roasted",SR Legacy
"Turkey, retail parts, thigh, meat and skin, raw",SR Legacy
"Turkey, retail parts, thigh, meat only, cooked, roasted",SR Legacy
"Turkey, retail parts, thigh, meat only, raw",SR Legacy
"Turkey, retail parts, wing, meat and skin, cooked, roasted",SR Legacy
"Turkey, retail parts, wing, meat and skin, raw",SR Legacy
"Turkey, retail parts, wing, meat only, cooked, roasted",SR Legacy
"Turkey, retail parts, wing, meat only, raw",SR Legacy
"Turkey, skin from whole (light and dark), with added solution, raw",SR Legacy
"Turkey, skin from whole, (light and dark), with added solution, roasted",SR Legacy
"Turkey, skin, from retail parts, from dark meat, cooked, roasted",SR Legacy
"Turkey, skin, from retail parts, from dark meat, raw",SR Legacy
"Turkey, stuffing, mashed potatoes w/gravy, assorted vegetables, frozen, microwaved",SR Legacy
"Turkey, tail",Survey (FNDDS)
"Turkey, thigh, cooked, skin eaten",Survey (FNDDS)
"Turkey, thigh, cooked, skin not eaten",Survey (FNDDS)
"Turkey, thigh, from whole bird, meat only, raw",SR Legacy
"Turkey, thigh, from whole bird, meat only, roasted",SR Legacy
"Turkey, thigh, from whole bird, meat only, with added solution, raw",SR Legacy
"Turkey, thigh, from whole bird, meat only, with added solution, roasted",SR Legacy
"Turkey, white, rotisserie, deli cut",SR Legacy
"Turkey, whole, back, meat only, cooked, roasted",SR Legacy
"Turkey, whole, back, meat only, raw",SR Legacy
"Turkey, whole, breast, meat only, cooked, roasted",SR Legacy
"Turkey, whole, breast, meat only, raw",SR Legacy
"Turkey, whole, dark meat, cooked, roasted",SR Legacy
"Turkey, whole, dark meat, meat and skin, cooked, roasted",SR Legacy
"Turkey, whole, dark meat, meat only, raw",SR Legacy
"Turkey, whole, giblets, cooked, simmered",SR Legacy
"Turkey, whole, giblets, raw",SR Legacy
"Turkey, whole, light meat, meat and skin, cooked, roasted",SR Legacy
"Turkey, whole, light meat, meat and skin, raw",SR Legacy
"Turkey, whole, light meat, raw",SR Legacy
"Turkey, whole, meat and skin, cooked, roasted",SR Legacy
"Turkey, whole, meat and skin, raw",SR Legacy
"Turkey, whole, meat and skin, with added solution, raw",SR Legacy
"Turkey, whole, meat and skin, with added solution, roasted",SR Legacy
"Turkey, whole, meat only, cooked, roasted",SR Legacy
"Turkey, whole, meat only, raw",SR Legacy
"Turkey, whole, meat only, with added solution, raw",SR Legacy
"Turkey, whole, meat only, with added solution, roasted",SR Legacy
"Turkey, whole, neck, meat only, cooked, simmered",SR Legacy
"Turkey, whole, neck, meat only, raw",SR Legacy
"Turkey, whole, skin (light and dark), raw",SR Legacy
"Turkey, whole, skin (light and dark), roasted",SR Legacy
"Turkey, whole, wing, meat only, cooked, roasted",SR Legacy
"Turkey, whole, wing, meat only, raw",SR Legacy
"Turkey, wing, cooked, skin eaten",Survey (FNDDS)
"Turkey, wing, cooked, skin not eaten",Survey (FNDDS)
"Turkey, wing, from whole bird, meat only, with added solution, raw",SR Legacy
"Turkey, wing, from whole bird, meat only, with added solution, roasted",SR Legacy
"Turkey, wing, smoked, cooked, with skin, bone removed",SR Legacy
"Turkey, young hen, skin only, cooked, roasted",SR Legacy
"Turnip greens and turnips, frozen, cooked, boiled, drained, with salt",SR Legacy
"Turnip greens and turnips, frozen, cooked, boiled, drained, without salt",SR Legacy
"Turnip greens and turnips, frozen, unprepared",SR Legacy
"Turnip greens, canned, no salt added",SR Legacy
"Turnip greens, canned, solids and liquids",SR Legacy
"Turnip greens, cooked, boiled, drained, with salt",SR Legacy
"Turnip greens, cooked, boiled, drained, without salt",SR Legacy
"Turnip greens, fresh, cooked, fat added",Survey (FNDDS)
"Turnip greens, fresh, cooked, no added fat",Survey (FNDDS)
"Turnip greens, frozen, cooked, boiled, drained, with salt",SR Legacy
"Turnip greens, frozen, cooked, boiled, drained, without salt",SR Legacy
"Turnip greens, frozen, cooked, fat added",Survey (FNDDS)
"Turnip greens, frozen, cooked, no added fat",Survey (FNDDS)
"Turnip greens, frozen, unprepared",SR Legacy
"Turnip greens, raw",SR Legacy
"Turnip, cooked",Survey (FNDDS)
"Turnip, pickled",Survey (FNDDS)
"Turnip, raw",Survey (FNDDS)
"Turnips, cooked, boiled, drained, with salt",SR Legacy
"Turnips, cooked, boiled, drained, without salt",SR Legacy
"Turnips, frozen, cooked, boiled, drained, with salt",SR Legacy
"Turnips, frozen, cooked, boiled, drained, without salt",SR Legacy
"Turnips, frozen, unprepared",SR Legacy
"Turnips, raw",SR Legacy
"Turnover or breakfast pocket, egg",Survey (FNDDS)
"Turnover or hot pocket, beef",Survey (FNDDS)
"Turnover or hot pocket, chicken",Survey (FNDDS)
"Turnover or hot pocket, ham",Survey (FNDDS)
"Turnover or hot pocket, meatless",Survey (FNDDS)
"Turnover or hot pocket, NFS",Survey (FNDDS)
"Turnover or hot pocket, pizza pocket",Survey (FNDDS)
"Turnover or hot pocket, pizza pocket, meat",Survey (FNDDS)
Turnover or lean pocket,Survey (FNDDS)
"Turnover, cheese-filled, tomato-based sauce, frozen, unprepared",SR Legacy
"Turnover, chicken- or turkey-, and vegetable-filled, reduced fat, frozen",SR Legacy
"Turnover, filled with egg, meat and cheese, frozen",SR Legacy
"Turnover, fruit",Survey (FNDDS)
"Turnover, meat- and cheese-filled, tomato-based sauce, reduced fat, frozen",SR Legacy
"Turnover, seafood",Survey (FNDDS)
"Turrnip greens, NS as to form, cooked",Survey (FNDDS)
Turtle,Survey (FNDDS)
"Turtle, green, raw",SR Legacy
Tzatziki dip,Survey (FNDDS)
"Udi's, Gluten Free, Classic French Dinner Rolls",SR Legacy
"Udi's, Gluten Free, Soft & Delicious White Sandwich Bread",SR Legacy
"Udi's, Gluten Free, Soft & Hearty Whole Grain Bread",SR Legacy
"Udi's, Gluten Free, Whole Grain Dinner Rolls",SR Legacy
Upma,Survey (FNDDS)
Vada,Survey (FNDDS)
"Van's, Gluten Free, Totally Original Pancakes",SR Legacy
"Van's, Gluten Free, Totally Original Waffles",SR Legacy
"Van's, The Perfect 10, Crispy Six Whole Grain + Four Seed Baked Crackers, Gluten Free",SR Legacy
Vanilla extract,SR Legacy
"Vanilla extract, imitation, alcohol",SR Legacy
"Vanilla extract, imitation, no alcohol",SR Legacy
Veal cordon bleu,Survey (FNDDS)
Veal Marsala,Survey (FNDDS)
Veal parmigiana,Survey (FNDDS)
Veal scallopini,Survey (FNDDS)
"Veal, Australian, rib, rib roast, separable lean and fat, raw",SR Legacy
"Veal, Australian, rib, rib roast, separable lean only, raw",SR Legacy
"Veal, Australian, separable fat, raw",SR Legacy
"Veal, Australian, shank, fore, bone-in, separable lean and fat, raw",SR Legacy
"Veal, Australian, shank, fore, bone-in, separable lean only, raw",SR Legacy
"Veal, Australian, shank, hind, bone-in, separable lean and fat, raw",SR Legacy
"Veal, Australian, shank, hind, bone-in, separable lean only, raw",SR Legacy
"Veal, breast, plate half, boneless, separable lean and fat, cooked, braised",SR Legacy
"Veal, breast, point half, boneless, separable lean and fat, cooked, braised",SR Legacy
"Veal, breast, separable fat, cooked",SR Legacy
"Veal, breast, whole, boneless, separable lean and fat, cooked, braised",SR Legacy
"Veal, breast, whole, boneless, separable lean and fat, raw",SR Legacy
"Veal, breast, whole, boneless, separable lean only, cooked, braised",SR Legacy
"Veal, chop",Survey (FNDDS)
"Veal, composite of trimmed retail cuts, separable fat, cooked",SR Legacy
"Veal, composite of trimmed retail cuts, separable fat, raw",SR Legacy
"Veal, composite of trimmed retail cuts, separable lean and fat, cooked",SR Legacy
"Veal, composite of trimmed retail cuts, separable lean and fat, raw",SR Legacy
"Veal, composite of trimmed retail cuts, separable lean only, cooked",SR Legacy
"Veal, composite of trimmed retail cuts, separable lean only, raw",SR Legacy
"Veal, cubed for stew (leg and shoulder), separable lean only, cooked, braised",SR Legacy
"Veal, cubed for stew (leg and shoulder), separable lean only, raw",SR Legacy
"Veal, external fat only, cooked",SR Legacy
"Veal, external fat only, raw",SR Legacy
"Veal, foreshank, osso buco, separable lean and fat, cooked, braised",SR Legacy
"Veal, foreshank, osso buco, separable lean only, cooked, braised",SR Legacy
"Veal, ground",Survey (FNDDS)
"Veal, ground, cooked, broiled",SR Legacy
"Veal, ground, cooked, pan-fried",SR Legacy
"Veal, ground, raw",SR Legacy
"Veal, leg (top round), separable lean and fat, cooked, braised",SR Legacy
"Veal, leg (top round), separable lean and fat, cooked, pan-fried, breaded",SR Legacy
"Veal, leg (top round), separable lean and fat, cooked, pan-fried, not breaded",SR Legacy
"Veal, leg (top round), separable lean and fat, cooked, roasted",SR Legacy
"Veal, leg (top round), separable lean and fat, raw",SR Legacy
"Veal, leg (top round), separable lean only, cooked, braised",SR Legacy
"Veal, leg (top round), separable lean only, cooked, pan-fried, breaded",SR Legacy
"Veal, leg (top round), separable lean only, cooked, pan-fried, not breaded",SR Legacy
"Veal, leg (top round), separable lean only, cooked, roasted",SR Legacy
"Veal, leg (top round), separable lean only, raw",SR Legacy
"Veal, leg, top round, cap off, cutlet, boneless, cooked, grilled",SR Legacy
"Veal, leg, top round, cap off, cutlet, boneless, raw",SR Legacy
"Veal, loin, chop, separable lean and fat, cooked, grilled",SR Legacy
"Veal, loin, chop, separable lean only, cooked, grilled",SR Legacy
"Veal, loin, separable lean and fat, cooked, braised",SR Legacy
"Veal, loin, separable lean and fat, cooked, roasted",SR Legacy
"Veal, loin, separable lean and fat, raw",SR Legacy
"Veal, loin, separable lean only, cooked, braised",SR Legacy
"Veal, loin, separable lean only, cooked, roasted",SR Legacy
"Veal, loin, separable lean only, raw",SR Legacy
"Veal, rib, separable lean and fat, cooked, braised",SR Legacy
"Veal, rib, separable lean and fat, cooked, roasted",SR Legacy
"Veal, rib, separable lean and fat, raw",SR Legacy
"Veal, rib, separable lean only, cooked, braised",SR Legacy
"Veal, rib, separable lean only, cooked, roasted",SR Legacy
"Veal, rib, separable lean only, raw",SR Legacy
"Veal, seam fat only, cooked",SR Legacy
"Veal, seam fat only, raw",SR Legacy
"Veal, shank (fore and hind), separable lean and fat, cooked, braised",SR Legacy
"Veal, shank (fore and hind), separable lean and fat, raw",SR Legacy
"Veal, shank (fore and hind), separable lean only, cooked, braised",SR Legacy
"Veal, shank (fore and hind), separable lean only, raw",SR Legacy
"Veal, shank, separable lean and fat, raw",SR Legacy
"Veal, shank, separable lean only, raw",SR Legacy
"Veal, shoulder, arm, separable lean and fat, cooked, braised",SR Legacy
"Veal, shoulder, arm, separable lean and fat, cooked, roasted",SR Legacy
"Veal, shoulder, arm, separable lean and fat, raw",SR Legacy
"Veal, shoulder, arm, separable lean only, cooked, braised",SR Legacy
"Veal, shoulder, arm, separable lean only, cooked, roasted",SR Legacy
"Veal, shoulder, arm, separable lean only, raw",SR Legacy
"Veal, shoulder, blade chop, separable lean and fat, cooked, grilled",SR Legacy
"Veal, shoulder, blade chop, separable lean and fat, raw",SR Legacy
"Veal, shoulder, blade chop, separable lean only, cooked, grilled",SR Legacy
"Veal, shoulder, blade chop, separable lean only, raw",SR Legacy
"Veal, shoulder, blade, separable lean and fat, cooked, braised",SR Legacy
"Veal, shoulder, blade, separable lean and fat, cooked, roasted",SR Legacy
"Veal, shoulder, blade, separable lean only, cooked, braised",SR Legacy
"Veal, shoulder, blade, separable lean only, cooked, roasted",SR Legacy
"Veal, shoulder, whole (arm and blade), separable lean and fat, cooked, braised",SR Legacy
"Veal, shoulder, whole (arm and blade), separable lean and fat, cooked, roasted",SR Legacy
"Veal, shoulder, whole (arm and blade), separable lean and fat, raw",SR Legacy
"Veal, shoulder, whole (arm and blade), separable lean only, cooked, braised",SR Legacy
"Veal, shoulder, whole (arm and blade), separable lean only, cooked, roasted",SR Legacy
"Veal, shoulder, whole (arm and blade), separable lean only, raw",SR Legacy
"Veal, sirloin, separable lean and fat, cooked, braised",SR Legacy
"Veal, sirloin, separable lean and fat, cooked, roasted",SR Legacy
"Veal, sirloin, separable lean and fat, raw",SR Legacy
"Veal, sirloin, separable lean only, cooked, braised",SR Legacy
"Veal, sirloin, separable lean only, cooked, roasted",SR Legacy
"Veal, sirloin, separable lean only, raw",SR Legacy
"Veal, variety meats and by-products, brain, cooked, braised",SR Legacy
"Veal, variety meats and by-products, brain, cooked, pan-fried",SR Legacy
"Veal, variety meats and by-products, brain, raw",SR Legacy
"Veal, variety meats and by-products, heart, cooked, braised",SR Legacy
"Veal, variety meats and by-products, heart, raw",SR Legacy
"Veal, variety meats and by-products, kidneys, cooked, braised",SR Legacy
"Veal, variety meats and by-products, kidneys, raw",SR Legacy
"Veal, variety meats and by-products, liver, cooked, braised",SR Legacy
"Veal, variety meats and by-products, liver, cooked, pan-fried",SR Legacy
"Veal, variety meats and by-products, liver, raw",SR Legacy
"Veal, variety meats and by-products, lungs, cooked, braised",SR Legacy
"Veal, variety meats and by-products, lungs, raw",SR Legacy
"Veal, variety meats and by-products, pancreas, cooked, braised",SR Legacy
"Veal, variety meats and by-products, pancreas, raw",SR Legacy
"Veal, variety meats and by-products, spleen, cooked, braised",SR Legacy
"Veal, variety meats and by-products, spleen, raw",SR Legacy
"Veal, variety meats and by-products, thymus, cooked, braised",SR Legacy
"Veal, variety meats and by-products, thymus, raw",SR Legacy
"Veal, variety meats and by-products, tongue, cooked, braised",SR Legacy
"Veal, variety meats and by-products, tongue, raw",SR Legacy
Vegan mayonnaise,Survey (FNDDS)
"Vegetable and fruit juice drink, with high vitamin C",Survey (FNDDS)
"Vegetable and fruit juice drink, with high vitamin C, diet",Survey (FNDDS)
"Vegetable and fruit juice drink, with high vitamin C, light",Survey (FNDDS)
"Vegetable and fruit juice, 100% juice, with high vitamin C",Survey (FNDDS)
Vegetable chips,Survey (FNDDS)
Vegetable curry,Survey (FNDDS)
Vegetable curry with rice,Survey (FNDDS)
"Vegetable dip, light",Survey (FNDDS)
"Vegetable dip, regular",Survey (FNDDS)
"Vegetable dip, yogurt based",Survey (FNDDS)
"Vegetable juice cocktail, canned",SR Legacy
"Vegetable juice cocktail, low sodium, canned",SR Legacy
"Vegetable juice, BOLTHOUSE FARMS, DAILY GREENS",SR Legacy
"Vegetable mixture, dried",Survey (FNDDS)
"Vegetable oil, NFS",Survey (FNDDS)
"Vegetable oil, palm kernel",SR Legacy
"Vegetable oil-butter spread, reduced calorie",SR Legacy
Vegetable sandwich on wheat,Survey (FNDDS)
"Vegetable sandwich on wheat, with cheese",Survey (FNDDS)
Vegetable sandwich on white,Survey (FNDDS)
"Vegetable sandwich on white, with cheese",Survey (FNDDS)
Vegetable sandwich wrap,Survey (FNDDS)
Vegetable smoothie,Survey (FNDDS)
Vegetable tempura,Survey (FNDDS)
Vegetables as ingredient in curry,Survey (FNDDS)
Vegetables as ingredient in soups,Survey (FNDDS)
Vegetables as ingredient in stews,Survey (FNDDS)
"Vegetables, mixed (corn, lima beans, peas, green beans, carrots) canned, no salt added",SR Legacy
"Vegetables, mixed, canned, drained solids",SR Legacy
"Vegetables, mixed, canned, solids and liquids",SR Legacy
"Vegetables, mixed, frozen, cooked, boiled, drained, with salt",SR Legacy
"Vegetables, mixed, frozen, cooked, boiled, drained, without salt",SR Legacy
"Vegetables, mixed, frozen, unprepared",SR Legacy
"Vegetables, pickled",Survey (FNDDS)
"Vegetables, stew type, cooked, fat added",Survey (FNDDS)
"Vegetables, stew type, cooked, no added fat",Survey (FNDDS)
Vegetarian fillets,SR Legacy
Vegetarian meatloaf or patties,SR Legacy
Vegetarian stew,Survey (FNDDS)
Vegetarian stroganoff,Survey (FNDDS)
"Vegetarian, fillet",Survey (FNDDS)
"Veggie burger patty, no bun",Survey (FNDDS)
"Veggie burger, on bun",Survey (FNDDS)
"Veggie burger, on bun, with cheese",Survey (FNDDS)
"Veggie burgers or soyburgers, unprepared",SR Legacy
Venison or deer and noodles with cream or white sauce,Survey (FNDDS)
Venison or deer with gravy,Survey (FNDDS)
Venison or deer with tomato-based sauce,Survey (FNDDS)
"Venison or deer, noodles, and vegetables excluding carrots, broccoli, and dark-green leafy; tomato-based sauce",Survey (FNDDS)
"Venison or deer, noodles, and vegetables including carrots, broccoli, and/or dark-green leafy; tomato-based sauce",Survey (FNDDS)
"Venison or deer, potatoes, and vegetables excluding carrots, broccoli, and dark-green leafy; gravy",Survey (FNDDS)
"Venison or deer, potatoes, and vegetables including carrots, broccoli, and/or dark-green leafy; gravy",Survey (FNDDS)
Venison sausage,Survey (FNDDS)
"Venison, NFS",Survey (FNDDS)
"Venison, steak",Survey (FNDDS)
Venison/deer jerky,Survey (FNDDS)
"Vermicelli, made from soy",SR Legacy
"Vermicelli, made from soybeans",Survey (FNDDS)
"Vienna sausage, canned",Survey (FNDDS)
"Vienna sausages stewed with potatoes, Puerto Rican style",Survey (FNDDS)
Vinegar,Survey (FNDDS)
"Vinegar, balsamic",SR Legacy
"Vinegar, cider",SR Legacy
"Vinegar, distilled",SR Legacy
"Vinegar, red wine",SR Legacy
"Vinespinach, (basella), raw",SR Legacy
Vital wheat gluten,SR Legacy
"Vitasoy USA Azumaya, Extra Firm Tofu",SR Legacy
"Vitasoy USA Azumaya, Firm Tofu",SR Legacy
"Vitasoy USA Azumaya, Silken Tofu",SR Legacy
"Vitasoy USA Nasoya, Lite Silken Tofu",SR Legacy
"Vitasoy USA Organic Nasoya Sprouted, Tofu Plus Super Firm",SR Legacy
"Vitasoy USA Organic Nasoya, Soft Tofu",SR Legacy
"Vitasoy USA Organic Nasoya, Tofu Plus Extra Firm",SR Legacy
"Vitasoy USA Organic Nasoya, Tofu Plus Firm",SR Legacy
"Vitasoy USA, Nasoya Lite Firm Tofu",SR Legacy
"Vitasoy USA, Organic Nasoya Extra Firm Tofu",SR Legacy
"Vitasoy USA, Organic Nasoya Firm Tofu",SR Legacy
"Vitasoy USA, Organic Nasoya Silken Tofu",SR Legacy
"Vitasoy USA, Organic Nasoya Super Firm Cubed Tofu",SR Legacy
"Vitasoy USA, Vitasoy Light Vanilla Soymilk",SR Legacy
"Vitasoy USA, Vitasoy Organic Classic Original Soymilk",SR Legacy
"Vitasoy USA, Vitasoy Organic Creamy Original Soymilk",SR Legacy
Vodka,Survey (FNDDS)
Vodka and cola,Survey (FNDDS)
Vodka and diet cola,Survey (FNDDS)
Vodka and energy drink,Survey (FNDDS)
Vodka and lemonade,Survey (FNDDS)
Vodka and soda,Survey (FNDDS)
Vodka and tonic,Survey (FNDDS)
Vodka and water,Survey (FNDDS)
Vodka sauce with tomatoes and cream,Survey (FNDDS)
"Waffle, buttermilk, frozen, ready-to-heat, microwaved",SR Legacy
"Waffle, buttermilk, frozen, ready-to-heat, toasted",SR Legacy
"Waffle, chocolate",Survey (FNDDS)
"Waffle, chocolate, fast food / restaurant",Survey (FNDDS)
"Waffle, chocolate, frozen",Survey (FNDDS)
"Waffle, cinnamon",Survey (FNDDS)
"Waffle, fruit",Survey (FNDDS)
"Waffle, fruit, fast food / restaurant",Survey (FNDDS)
"Waffle, fruit, frozen",Survey (FNDDS)
"Waffle, gluten free",Survey (FNDDS)
"Waffle, NFS",Survey (FNDDS)
"Waffle, plain",Survey (FNDDS)
"Waffle, plain, fast food / restaurant",Survey (FNDDS)
"Waffle, plain, frozen",Survey (FNDDS)
"Waffle, plain, frozen, ready-to-heat, microwave",SR Legacy
"Waffle, plain, reduced fat",Survey (FNDDS)
"Waffle, school",Survey (FNDDS)
"Waffle, whole grain",Survey (FNDDS)
"Waffle, whole grain, fast food / restaurant",Survey (FNDDS)
"Waffle, whole grain, frozen",Survey (FNDDS)
"Waffle, whole grain, fruit, frozen",Survey (FNDDS)
"Waffle, whole grain, reduced fat",Survey (FNDDS)
"Waffles, buttermilk, frozen, ready-to-heat",SR Legacy
"Waffles, chocolate chip, frozen, ready-to-heat",SR Legacy
"Waffles, gluten-free, frozen, ready-to-heat",SR Legacy
"Waffles, plain, frozen, ready -to-heat, toasted",SR Legacy
"Waffles, plain, frozen, ready-to-heat",SR Legacy
"Waffles, plain, prepared from recipe",SR Legacy
"Waffles, whole wheat, lowfat, frozen, ready-to-heat",SR Legacy
Walnut oil,Survey (FNDDS)
"Walnuts, excluding honey roasted",Survey (FNDDS)
"Walnuts, honey roasted",Survey (FNDDS)
"Walrus, liver, raw (Alaska Native)",SR Legacy
"Walrus, meat and subcutaneous fat raw (Alaska Native)",SR Legacy
"Walrus, meat, dried (Alaska Native)",SR Legacy
"Walrus, meat, raw (Alaska Native)",SR Legacy
Wasabi,SR Legacy
Wasabi paste,Survey (FNDDS)
Wasabi peas,Survey (FNDDS)
"Wasabi, root, raw",SR Legacy
"Water beverage, fruit flavored",Survey (FNDDS)
Water Chesnut,Survey (FNDDS)
"Water convolvulus, cooked, boiled, drained, with salt",SR Legacy
"Water convolvulus, cooked, boiled, drained, without salt",SR Legacy
"Water convolvulus,raw",SR Legacy
"Water, baby",Survey (FNDDS)
"Water, bottled, generic",SR Legacy
"Water, bottled, non-carbonated, NAYA",SR Legacy
"Water, bottled, plain",Survey (FNDDS)
"Water, carbonated, flavored",Survey (FNDDS)
"Water, carbonated, plain",Survey (FNDDS)
"Water, enhanced, diet",Survey (FNDDS)
"Water, enhanced, regular",Survey (FNDDS)
"Water, NFS",Survey (FNDDS)
"Water, non-carbonated, bottles, natural fruit flavors, sweetened with low calorie sweetener",SR Legacy
"Water, non-carbonated, flavored",Survey (FNDDS)
"Water, tap",Survey (FNDDS)
"Water, tonic",Survey (FNDDS)
"Water, with corn syrup and/or sugar and low calorie sweetener, fruit flavored",SR Legacy
"Waterchestnuts, chinese, (matai), raw",SR Legacy
"Waterchestnuts, chinese, canned, solids and liquids",SR Legacy
"Watercress, cooked",Survey (FNDDS)
"Watercress, raw",SR Legacy
"Watercress, raw",Survey (FNDDS)
"Watermelon juice, 100%",Survey (FNDDS)
"Watermelon, raw",Survey (FNDDS)
"Watermelon, raw",SR Legacy
"Waxgourd, (chinese preserving melon), cooked, boiled, drained, with salt",SR Legacy
"Waxgourd, (chinese preserving melon), cooked, boiled, drained, without salt",SR Legacy
"Waxgourd, (chinese preserving melon), raw",SR Legacy
Welsh rarebit,Survey (FNDDS)
"WEND'YS, Crispy Chicken Sandwich",SR Legacy
"WENDY'S, Chicken Nuggets",SR Legacy
"WENDY'S, CLASSIC DOUBLE, with cheese",SR Legacy
"WENDY'S, CLASSIC SINGLE Hamburger, no cheese",SR Legacy
"WENDY'S, CLASSIC SINGLE Hamburger, with cheese",SR Legacy
"WENDY'S, DAVE'S Hot 'N Juicy 1/4 LB, single",SR Legacy
"WENDY'S, Double Stack, with cheese",SR Legacy
"WENDY'S, french fries",SR Legacy
"WENDY'S, Frosty Dairy Dessert",SR Legacy
"WENDY'S, Homestyle Chicken Fillet Sandwich",SR Legacy
"WENDY'S, Jr. Hamburger, with cheese",SR Legacy
"WENDY'S, Jr. Hamburger, without cheese",SR Legacy
"WENDY'S, Ultimate Chicken Grill Sandwich",SR Legacy
"Whale, beluga, eyes (Alaska Native)",SR Legacy
"Whale, beluga, flipper, raw (Alaska Native)",SR Legacy
"Whale, beluga, liver, raw (Alaska Native)",SR Legacy
"Whale, beluga, meat, dried (Alaska Native)",SR Legacy
"Whale, beluga, meat, raw (Alaska Native)",SR Legacy
"Whale, bowhead, skin and subcutaneous fat (muktuk) (Alaska Native)",SR Legacy
"Whale, bowhead, subcutaneous fat (blubber) (Alaska Native)",SR Legacy
Wheat bran,Survey (FNDDS)
"Wheat bran, crude",SR Legacy
Wheat bread as ingredient in sandwiches,Survey (FNDDS)
Wheat bun as ingredient in sandwiches,Survey (FNDDS)
"Wheat cereal, chocolate flavored, cooked",Survey (FNDDS)
"Wheat flour, white (industrial), 10% protein, bleached, enriched",SR Legacy
"Wheat flour, white (industrial), 10% protein, bleached, unenriched",SR Legacy
"Wheat flour, white (industrial), 10% protein, unbleached, enriched",SR Legacy
"Wheat flour, white (industrial), 11.5% protein, bleached, enriched",SR Legacy
"Wheat flour, white (industrial), 11.5% protein, bleached, unenriched",SR Legacy
"Wheat flour, white (industrial), 11.5% protein, unbleached, enriched",SR Legacy
"Wheat flour, white (industrial), 13% protein, bleached, enriched",SR Legacy
"Wheat flour, white (industrial), 13% protein, bleached, unenriched",SR Legacy
"Wheat flour, white (industrial), 15% protein, bleached, enriched",SR Legacy
"Wheat flour, white (industrial), 15% protein, bleached, unenriched",SR Legacy
"Wheat flour, white (industrial), 9% protein, bleached, enriched",SR Legacy
"Wheat flour, white (industrial), 9% protein, bleached, unenriched",SR Legacy
"Wheat flour, white, all-purpose, enriched, bleached",SR Legacy
"Wheat flour, white, all-purpose, enriched, calcium-fortified",SR Legacy
"Wheat flour, white, all-purpose, enriched, unbleached",SR Legacy
"Wheat flour, white, all-purpose, self-rising, enriched",SR Legacy
"Wheat flour, white, all-purpose, unenriched",SR Legacy
"Wheat flour, white, bread, enriched",SR Legacy
"Wheat flour, white, cake, enriched",SR Legacy
"Wheat flour, white, tortilla mix, enriched",SR Legacy
"Wheat flour, whole-grain (Includes foods for USDA's Food Distribution Program)",SR Legacy
"Wheat flour, whole-grain, soft wheat",SR Legacy
"Wheat flours, bread, unenriched",SR Legacy
Wheat germ,Survey (FNDDS)
Wheat germ oil,Survey (FNDDS)
"Wheat germ, crude",SR Legacy
"Wheat, durum",SR Legacy
"Wheat, hard red spring",SR Legacy
"Wheat, hard red winter",SR Legacy
"Wheat, hard white",SR Legacy
"Wheat, khorasan, cooked",SR Legacy
"Wheat, khorasan, uncooked",SR Legacy
"Wheat, soft red winter",SR Legacy
"Wheat, soft white",SR Legacy
"Wheat, sprouted",SR Legacy
"Whey, acid, dried",SR Legacy
"Whey, acid, fluid",SR Legacy
"Whey, sweet, dried",SR Legacy
"Whey, sweet, dry",Survey (FNDDS)
"Whey, sweet, fluid",SR Legacy
"Whipped cream substitute, dietetic, made from powdered mix",SR Legacy
Whipped topping,Survey (FNDDS)
"Whipped topping, fat free",Survey (FNDDS)
"Whipped topping, frozen, low fat",SR Legacy
"Whipped topping, sugar free",Survey (FNDDS)
Whiskey,Survey (FNDDS)
Whiskey and cola,Survey (FNDDS)
Whiskey and diet cola,Survey (FNDDS)
Whiskey and ginger ale,Survey (FNDDS)
Whiskey and soda,Survey (FNDDS)
Whiskey and water,Survey (FNDDS)
Whiskey sour,Survey (FNDDS)
"Whiskey sour mix, bottled, with added potassium and sodium",SR Legacy
"White beans, from canned, fat added",Survey (FNDDS)
"White beans, from canned, no added fat",Survey (FNDDS)
"White beans, from canned, reduced sodium",Survey (FNDDS)
"White beans, from dried, fat added",Survey (FNDDS)
"White beans, from dried, no added fat",Survey (FNDDS)
"White beans, NFS",Survey (FNDDS)
White chocolate candy,Survey (FNDDS)
"White pizza, cheese, thick crust",Survey (FNDDS)
"White pizza, cheese, thin crust",Survey (FNDDS)
"White pizza, cheese, with meat and vegetables, thick crust",Survey (FNDDS)
"White pizza, cheese, with meat and vegetables, thin crust",Survey (FNDDS)
"White pizza, cheese, with meat, thick crust",Survey (FNDDS)
"White pizza, cheese, with meat, thin crust",Survey (FNDDS)
"White pizza, cheese, with vegetables, thick crust",Survey (FNDDS)
"White pizza, cheese, with vegetables, thin crust",Survey (FNDDS)
White Russian,Survey (FNDDS)
White sauce or gravy,Survey (FNDDS)
"Whole wheat cereal, cooked",Survey (FNDDS)
Whopper (Burger King),Survey (FNDDS)
Whopper Jr (Burger King),Survey (FNDDS)
Whopper Jr with cheese (Burger King),Survey (FNDDS)
Whopper with cheese (Burger King),Survey (FNDDS)
Wild pig,Survey (FNDDS)
"Wild rice, cooked",SR Legacy
"Wild rice, dry, raw",Foundation
"Wild rice, raw",SR Legacy
"Willow, leaves in oil (Alaska Native)",SR Legacy
"Willow, young leaves, chopped (Alaska Native)",SR Legacy
Wine cooler,Survey (FNDDS)
Wine spritzer,Survey (FNDDS)
"Wine, dessert, sweet",Survey (FNDDS)
"Wine, light",Survey (FNDDS)
"Wine, nonalcoholic",Survey (FNDDS)
"Wine, red",Survey (FNDDS)
"Wine, rice",Survey (FNDDS)
"Wine, rose",Survey (FNDDS)
"Wine, sparkling",Survey (FNDDS)
"Wine, white",Survey (FNDDS)
"Winged bean leaves, raw",SR Legacy
"Winged bean tuber, raw",SR Legacy
"Winged bean, immature seeds, cooked, boiled, drained, with salt",SR Legacy
"Winged beans, immature seeds, cooked, boiled, drained, without salt",SR Legacy
"Winged beans, immature seeds, raw",SR Legacy
"Winged beans, mature seeds, cooked, boiled, with salt",SR Legacy
"Winged beans, mature seeds, cooked, boiled, without salt",SR Legacy
"Winged beans, mature seeds, raw",SR Legacy
"Winter melon, cooked",Survey (FNDDS)
"Winter squash, cooked, fat added",Survey (FNDDS)
"Winter squash, cooked, no added fat",Survey (FNDDS)
"Winter squash, raw",Survey (FNDDS)
"Wocas, dried seeds, Oregon, yellow pond lily (Klamath)",SR Legacy
"Wocas, tuber, cooked, Oregon, yellow pond lily (Klamath)",SR Legacy
Wonton wrappers (includes egg roll wrappers),SR Legacy
"Wonton, dumpling or pot sticker, fried",Survey (FNDDS)
"Wonton, dumpling or pot sticker, fried, no meat",Survey (FNDDS)
"Wonton, dumpling or pot sticker, steamed",Survey (FNDDS)
Worcestershire sauce,Survey (FNDDS)
"Yachtwurst, with pistachio nuts, cooked",SR Legacy
"Yam, cooked, boiled, drained, or baked, with salt",SR Legacy
"Yam, cooked, boiled, drained, or baked, without salt",SR Legacy
"Yam, raw",SR Legacy
"Yambean (jicama), cooked, boiled, drained, with salt",SR Legacy
"Yambean (jicama), cooked, boiled, drained, without salt",SR Legacy
"Yambean (jicama), raw",SR Legacy
"Yardlong bean, cooked, boiled, drained, with salt",SR Legacy
"Yardlong bean, cooked, boiled, drained, without salt",SR Legacy
"Yardlong bean, raw",SR Legacy
"Yardlong beans, mature seeds, cooked, boiled, with salt",SR Legacy
"Yardlong beans, mature seeds, cooked, boiled, without salt",SR Legacy
"Yardlong beans, mature seeds, raw",SR Legacy
"Yat Ga Mein with meat, fish, or poultry",Survey (FNDDS)
"Yautia (tannier), raw",SR Legacy
Yeast,Survey (FNDDS)
Yeast extract spread,Survey (FNDDS)
Yeast extract spread,SR Legacy
"Yellow rice with seasoning, dry packet mix, unprepared",SR Legacy
"Yellow rice, cooked, fat added",Survey (FNDDS)
"Yellow rice, cooked, no added fat",Survey (FNDDS)
"Yellow rice, cooked, NS as to fat",Survey (FNDDS)
"Yellow string beans, cooked",Survey (FNDDS)
"Yogurt parfait, lowfat, with fruit and granola",SR Legacy
"Yogurt parfait, with fruit",Survey (FNDDS)
Yogurt tube,Survey (FNDDS)
"Yogurt, almond milk",Survey (FNDDS)
"Yogurt, chocolate, nonfat milk",SR Legacy
"Yogurt, chocolate, nonfat milk, fortified with vitamin D",SR Legacy
"Yogurt, coconut milk",Survey (FNDDS)
"Yogurt, frozen, flavors not chocolate, nonfat milk, with low-calorie sweetener",SR Legacy
"Yogurt, frozen, flavors other than chocolate, lowfat",SR Legacy
"Yogurt, fruit variety, nonfat",SR Legacy
"Yogurt, fruit variety, nonfat, fortified with vitamin D",SR Legacy
"Yogurt, fruit, low fat, 10 grams protein per 8 ounce",SR Legacy
"Yogurt, fruit, low fat, 10 grams protein per 8 ounce, fortified with vitamin D",SR Legacy
"Yogurt, fruit, low fat, 11g protein/8 oz",SR Legacy
"Yogurt, fruit, low fat, 9 grams protein per 8 ounce, fortified with vitamin D",SR Legacy
"Yogurt, fruit, low fat,9 g protein/8 oz",SR Legacy
"Yogurt, fruit, lowfat, with low calorie sweetener",SR Legacy
"Yogurt, fruit, lowfat, with low calorie sweetener, fortified with vitamin D",SR Legacy
"Yogurt, Greek, 2% fat, apricot, CHOBANI",SR Legacy
"Yogurt, Greek, 2% fat, key lime blend, CHOBANI",SR Legacy
"Yogurt, Greek, 2% fat, mango, CHOBANI",SR Legacy
"Yogurt, Greek, 2% fat, pineapple, CHOBANI",SR Legacy
"Yogurt, Greek, 2% fat, strawberry banana, CHOBANI",SR Legacy
"Yogurt, Greek, 2% fat,mixed berry blend, CHOBANI",SR Legacy
"Yogurt, Greek, 2%fat, coconut blend, CHOBANI",SR Legacy
"Yogurt, Greek, Blueberry, CHOBANI",SR Legacy
"Yogurt, Greek, fruit, whole milk",SR Legacy
"Yogurt, Greek, low fat milk, flavors other than fruit",Survey (FNDDS)
"Yogurt, Greek, low fat milk, fruit",Survey (FNDDS)
"Yogurt, Greek, low fat milk, plain",Survey (FNDDS)
"Yogurt, Greek, nonfat milk, flavors other than fruit",Survey (FNDDS)
"Yogurt, Greek, nonfat milk, fruit",Survey (FNDDS)
"Yogurt, Greek, nonfat milk, plain",Survey (FNDDS)
"Yogurt, Greek, nonfat, Fruit on Bottom, Blackberry, CHOBANI",SR Legacy
"Yogurt, Greek, nonfat, Fruit on Bottom, Pomegranate, CHOBANI",SR Legacy
"Yogurt, Greek, nonfat, Fruit on Bottom, Strawberry, CHOBANI",SR Legacy
"Yogurt, Greek, nonfat, lemon blend, CHOBANI",SR Legacy
"Yogurt, Greek, nonfat, peach, CHOBANI",SR Legacy
"Yogurt, Greek, nonfat, plain, CHOBANI",SR Legacy
"Yogurt, Greek, nonfat, raspberry, CHOBANI",SR Legacy
"Yogurt, Greek, nonfat, strawberry, DANNON OIKOS",SR Legacy
"Yogurt, Greek, nonfat, vanilla, CHOBANI",SR Legacy
"Yogurt, Greek, nonfat, vanilla, DANNON OIKOS",SR Legacy
"Yogurt, Greek, NS as to type of milk or flavor",Survey (FNDDS)
"Yogurt, Greek, NS as to type of milk, flavors other than fruit",Survey (FNDDS)
"Yogurt, Greek, NS as to type of milk, fruit",Survey (FNDDS)
"Yogurt, Greek, NS as to type of milk, plain",Survey (FNDDS)
"Yogurt, Greek, plain, lowfat",SR Legacy
"Yogurt, Greek, plain, nonfat",Foundation
"Yogurt, Greek, plain, nonfat (Includes foods for USDA's Food Distribution Program)",SR Legacy
"Yogurt, Greek, plain, whole milk",Foundation
"Yogurt, Greek, plain, whole milk",SR Legacy
"Yogurt, Greek, strawberry, DANNON OIKOS",SR Legacy
"Yogurt, Greek, strawberry, lowfat",SR Legacy
"Yogurt, Greek, strawberry, nonfat",Foundation
"Yogurt, Greek, strawberry, nonfat",SR Legacy
"Yogurt, Greek, vanilla, lowfat",SR Legacy
"Yogurt, Greek, vanilla, nonfat",SR Legacy
"Yogurt, Greek, whole milk, flavors other than fruit",Survey (FNDDS)
"Yogurt, Greek, whole milk, fruit",Survey (FNDDS)
"Yogurt, Greek, whole milk, plain",Survey (FNDDS)
"Yogurt, Greek, whole, plain, CHOBANI",SR Legacy
"Yogurt, Greek, with oats",Survey (FNDDS)
"Yogurt, liquid",Survey (FNDDS)
"Yogurt, low fat milk, flavors other than fruit",Survey (FNDDS)
"Yogurt, low fat milk, fruit",Survey (FNDDS)
"Yogurt, low fat milk, plain",Survey (FNDDS)
"Yogurt, NFS",Survey (FNDDS)
"Yogurt, nonfat milk, flavors other than fruit",Survey (FNDDS)
"Yogurt, nonfat milk, fruit",Survey (FNDDS)
"Yogurt, nonfat milk, plain",Survey (FNDDS)
"Yogurt, NS as to type of milk or flavor",Survey (FNDDS)
"Yogurt, NS as to type of milk, flavors other than fruit",Survey (FNDDS)
"Yogurt, NS as to type of milk, fruit",Survey (FNDDS)
"Yogurt, NS as to type of milk, plain",Survey (FNDDS)
"Yogurt, plain, low fat",SR Legacy
"Yogurt, plain, nonfat",Foundation
"Yogurt, plain, skim milk",SR Legacy
"Yogurt, plain, whole milk",Foundation
"Yogurt, plain, whole milk",SR Legacy
"Yogurt, soy",Survey (FNDDS)
"Yogurt, vanilla flavor, lowfat milk, sweetened with low calorie sweetener",SR Legacy
"Yogurt, vanilla or lemon flavor, nonfat milk, sweetened with low-calorie sweetener",SR Legacy
"Yogurt, vanilla or lemon flavor, nonfat milk, sweetened with low-calorie sweetener, fortified with vitamin D",SR Legacy
"Yogurt, vanilla, low fat, fortified with vitamin D",SR Legacy
"Yogurt, vanilla, low fat.",SR Legacy
"Yogurt, vanilla, non-fat",SR Legacy
"Yogurt, whole milk, flavors other than fruit",Survey (FNDDS)
"Yogurt, whole milk, fruit",Survey (FNDDS)
"Yogurt, whole milk, plain",Survey (FNDDS)
Yokan,Survey (FNDDS)
"Yokan, prepared from adzuki beans and sugar",SR Legacy
Yuca fries,Survey (FNDDS)
"Zucchini, pickled",Survey (FNDDS)
Zwieback,SR Legacy
Zwieback toast,Survey (FNDDS)
